"scenario","time","phase","turnWeight","direction","leftHeight","rightHeight","leftContact","rightContact","eamm","presentationClock","animatorSpeed","stateLength","stateSpeed","stateSpeedMultiplier","turnClipLength","leftAboveSurface","rightAboveSurface","leftProbeClearance","rightProbeClearance","leftAnkleFloor","rightAnkleFloor","leftToeFloor","rightToeFloor","leftFloorCorrection","rightFloorCorrection","pelvisOffset","leftFloorPredicted","rightFloorPredicted","leftFloorGoal","rightFloorGoal","leftFloorBone","rightFloorBone","leftFloorEvaluated","rightFloorEvaluated","leftReason","rightReason","step"
"left-tap","0","2.574869155883789","0","0","-1.1677569150924683","-1.1642674207687378","1","1","1","1","1","1.9500000476837158","1","1","0","0.03497186303138733","0.034975677728652954","-0.026598531752824783","-0.02730807475745678","0.03501930832862854","0.035023123025894165","0.031071048229932785","0.030330989509820938","0","0","-0.021190224215388298","0","0","0","0","0","0","False","False","3","3","False"
"left-tap","0.13216495513916016","0","1","-1","-1.1562234163284302","-1.1618661880493164","0","1","0","1","1","1.033333420753479","1","1","1.033333420753479","0.04912060499191284","0.03499183803796768","-0.023600144311785698","-0.03246678039431572","0.05444779619574547","0.03501167893409729","0.06012413650751114","0.029400192201137543","0","0","-0.005505238194018602","0.05444779619574547","0","0.011198051273822784","0","0.05444779619574547","0","True","False","1","2","True"
"left-tap","0.17763710021972656","0.04400564730167389","1","-1","-1.1488335132598877","-1.1618661880493164","0","1","0","1","1","1.033333420753479","1","1","1.033333420753479","0.05660559609532356","0.03501168638467789","-0.023905323818325996","-0.02322581224143505","0.062973752617836","0.03501167893409729","0.06881030648946762","0.025490080937743187","0","0","-0.002386595821008086","0.0629737451672554","0","0.015050474554300308","0","0.0629737451672554","0","True","False","1","3","True"
"left-tap","0.19240474700927734","0.05829706788063049","1","-1","-1.1449838876724243","-1.161870002746582","0","1","0","1","1","1.033333420753479","1","1","1.033333420753479","0.060494087636470795","0.035007867962121964","-0.023874806240200996","-0.018505947664380074","0.06731873750686646","0.035007864236831665","0.07340706884860992","0.023651374503970146","0","0","-0.0017994155641645193","0.06731874495744705","0","0.016124971210956573","0","0.06731874495744705","0","True","False","1","3","True"
"left-tap","0.20431900024414062","0.06982673704624176","1","-1","-1.145524263381958","-1.161870002746582","0","1","0","1","1","1.033333420753479","1","1","1.033333420753479","0.05983481928706169","0.03500787168741226","-0.02400069124996662","-0.014174720272421837","0.06659775227308273","0.035007864236831665","0.07248390465974808","0.021972887217998505","0","0","-0.0014288396341726184","0.06659775227308273","0","0.016307394951581955","0","0.06659775227308273","0","True","False","1","3","True"
"left-tap","0.2153911590576172","0.08054158091545105","1","-1","-1.1465719938278198","-1.1618661880493164","0","1","0","1","1","1.033333420753479","1","1","1.033333420753479","0.05882434546947479","0.03501168265938759","-0.023973988369107246","-0.009813840501010418","0.06559447944164276","0.03501167893409729","0.07132422178983688","0.020351620391011238","0","0","-0.0011508463649079204","0.06559447944164276","0","0.01661977544426918","0","0.06559447944164276","0","True","False","1","3","True"
"left-tap","0.2304706573486328","0.0951349288225174","1","-1","-1.1483955383300781","-1.1618661880493164","0","1","0","1","1","1.033333420753479","1","1","1.033333420753479","0.05697321519255638","0.03501168265938759","-0.02400832250714302","-0.003401369322091341","0.0636604055762291","0.03501167893409729","0.06914981454610825","0.018074218183755875","0","0","-0.0008543877047486603","0.06365659087896347","0","0.016796231269836426","0","0.06365659087896347","0","True","False","1","3","True"
"left-tap","0.24401378631591797","0.10824115574359894","1","-1","-1.1501641273498535","-1.1618661880493164","0","1","0","1","1","1.033333420753479","1","1","1.033333420753479","0.0550989955663681","0.03501168265938759","-0.02412276342511177","0.0028517746832221746","0.061630960553884506","0.03501167893409729","0.06689149141311646","0.01606384851038456","0","0","-0.0006521981558762491","0.06163095682859421","0","0.016732554882764816","0","0.06163095682859421","0","True","False","1","3","True"
"left-tap","0.28061676025390625","0.14366312325000763","1","-1","-1.1540507078170776","-1.1618661880493164","0","1","0","1","1","1.033333420753479","1","1","1.033333420753479","0.05106056481599808","0.03501168265938759","-0.02429824136197567","0.020245704799890518","0.05734318867325783","0.03501167893409729","0.06202387809753418","0.012256735004484653","0","0","-0.0003106867370661348","0.05734318867325783","0","0.01665106788277626","0","0.05734318867325783","0","True","False","1","3","True"
"left-tap","0.2956514358520508","0.1582125425338745","1","-1","-1.1549086570739746","-1.161870002746582","0","1","0","1","1","1.033333420753479","1","1","1.033333420753479","0.050240155309438705","0.03500787168741226","-0.02426772378385067","0.024863017722964287","0.05651920288801193","0.035007864236831665","0.061016786843538284","0.011848557740449905","0","0","-0.00022829524823464453","0.05651920288801193","0","0.016758117824792862","0","0.05651920288801193","0","True","False","1","3","True"
"left-tap","0.30919933319091797","0.17132408916950226","1","-1","-1.1569938659667969","-1.1618661880493164","0","1","0","1","1","1.033333420753479","1","1","1.033333420753479","0.048140235245227814","0.03501168265938759","-0.02429061196744442","0.027250301092863083","0.05439820513129234","0.03501167893409729","0.05869360640645027","0.012443657964468002","0","0","-0.001896141329780221","0.05439820513129234","0","0.015047110617160797","0","0.05439820513129234","0","True","False","1","3","True"
"left-tap","0.3229351043701172","0.18461602926254272","1","-1","-1.1588764190673828","-1.1618661880493164","0","1","0","1","1","1.033333420753479","1","1","1.033333420753479","0.04621715471148491","0.03501168265938759","-0.024340203031897545","0.028094667941331863","0.0524374283850193","0.03501167893409729","0.05651920288801193","0.01387800183147192","0","0","-0.0037184967659413815","0.0524374283850193","0","0.013136375695466995","0","0.0524374283850193","0","True","False","1","3","True"
"left-tap","0.33416080474853516","0.19547979533672333","1","-1","-1.158800482749939","-1.1618661880493164","0","1","0","1","1","1.033333420753479","1","1","1.033333420753479","0.04628666490316391","0.03501168265938759","-0.02435164712369442","0.027656883001327515","0.05250609293580055","0.03501167893409729","0.05641239136457443","0.015590820461511612","0","0","-0.003714880906045437","0.05250609293580055","0","0.013127900660037994","0","0.05250609293580055","0","True","False","1","3","True"
"left-tap","0.3469409942626953","0.20784792304039001","1","-1","-1.1680890321731567","-1.1487183570861816","0.17000000178813934","0","0","1","1","1.033333420753479","1","1","1.033333420753479","0.036992236971855164","0.04815952479839325","-0.024363093078136444","0.025870177894830704","0.03699534758925438","0.04496816173195839","0.02660398557782173","0.03352392837405205","0.0256702471524477","0.015458177775144577","-0.004131069406867027","0.011329752393066883","0.029510820284485817","0.0064843264408409595","0.053535740822553635","0.04601547122001648","0.029510820284485817","True","True","2","1","True"
"left-tap","0.3815746307373047","0.24136459827423096","1","-1","-1.1680711507797241","-1.152693510055542","0.3400000035762787","0","0","1","1","1.033333420753479","1","1","1.033333420753479","0.03704027831554413","0.0425470694899559","-0.024352936074137688","0.014664375223219395","0.036999162286520004","0.03961225971579552","0.0281718447804451","0.03151737526059151","0.022908370941877365","0.02459067292511463","-0.007252783048897982","0.01409162674099207","0.015026239678263664","0.003329797647893429","0.03946603089570999","0.04305315017700195","0.015026239678263664","True","True","3","1","True"
"left-tap","0.39401721954345703","0.2534051537513733","1","-1","-1.1680850982666016","-1.154015302658081","0.5099999904632568","0","0","1","1","1.033333420753479","1","1","1.033333420753479","0.03702641651034355","0.04072194918990135","-0.02435816265642643","0.00962509959936142","0.036999162286520004","0.03770870342850685","0.02981981262564659","0.03062472492456436","0.018105609342455864","0.028729669749736786","-0.008453261107206345","0.018894389271736145","0.008983686566352844","0.0021367892622947693","0.03314667195081711","0.0415787510573864","0.008983686566352844","True","True","3","1","True"
"left-tap","0.40651702880859375","0.2655022144317627","1","-1","-1.1680997610092163","-1.1541143655776978","0.6800000071525574","0","0","1","1","1.033333420753479","1","1","1.033333420753479","0.037011679261922836","0.04011393338441849","-0.0243635606020689","0.0044408636167645454","0.03699534758925438","0.036999162286520004","0.031269416213035583","0.030456876382231712","0.01286415196955204","0.03393298014998436","-0.009547838009893894","0.02413584664463997","0.00306701916269958","0.0010474808514118195","0.026766082271933556","0.04041830822825432","0.00306701916269958","True","True","3","1","True"
"left-tap","0.4194822311401367","0.2780489921569824","1","-1","-1.1681039333343506","-1.1534842252731323","0.8500000238418579","0","0","1","1","1.033333420753479","1","1","1.033333420753479","0.03700750321149826","0.04020867124199867","-0.024369819089770317","-0.0010828847298398614","0.036999162286520004","0.03699534758925438","0.0324634313583374","0.030773499980568886","0.0072297751903533936","0.039204955101013184","-0.01053723692893982","0.029770223423838615","-0.0022049557883292437","6.11972063779831E-05","0.020155761390924454","0.0393599271774292","-0.0022049557883292437","True","True","3","1","True"
"left-tap","0.4316539764404297","0.28982794284820557","1","-1","-1.1700959205627441","-1.1529035568237305","1","0","0","1","1","1.033333420753479","1","1","1.033333420753479","0.035015493631362915","0.04029238969087601","-0.02437521331012249","-0.006038236897438765","0.035015493631362915","0.036999162286520004","0.030941348522901535","0.030189845710992813","0","0.047109104692935944","-0.014888414181768894","0","-0.010109104216098785","0","0.01076788641512394","0","-0.010109104216098785","False","True","3","1","True"
"left-tap","0.4441709518432617","0.3019409775733948","1","-1","-1.1700959205627441","-1.1523534059524536","1","0","0","1","1","1.033333420753479","1","1","1.033333420753479","0.035015497356653214","0.04059223830699921","-0.024381477385759354","-0.010389686562120914","0.035015493631362915","0.036999162286520004","0.03093753382563591","0.030166955664753914","0","0.0500960499048233","-0.014991904608905315","0","-0.01309604849666357","0","0.006000976078212261","0","-0.01309604849666357","False","True","3","1","True"
"left-tap","0.4561138153076172","0.31349891424179077","1","-1","-1.1700959205627441","-1.1518539190292358","1","0","0","1","1","1.033333420753479","1","1","1.033333420753479","0.035015493631362915","0.040867239236831665","-0.024391155689954758","-0.014017508365213871","0.035015493631362915","0.036999162286520004","0.030956607311964035","0.029953330755233765","0","0.05250696837902069","-0.015191066078841686","0","-0.015506966039538383","0","0.001899784430861473","0","-0.015506966039538383","False","True","3","1","True"
"left-tap","0.49176502227783203","0.34800055623054504","1","-1","-1.1700959205627441","-1.150713324546814","1","0","0","1","1","1.033333420753479","1","1","1.033333420753479","0.035015493631362915","0.041496604681015015","-0.0244126096367836","-0.022165799513459206","0.035015493631362915","0.036999162286520004","0.031185492873191833","0.028255769982933998","0","0.05746994912624359","-0.01627090387046337","0","-0.020469946786761284","0","-0.00795744452625513","0","-0.020469946786761284","False","True","3","1","True"
"left-tap","0.5055599212646484","0.36134979128837585","1","-1","-1.1700959205627441","-1.15043044090271","1","0","0","1","1","1.033333420753479","1","1","1.033333420753479","0.035015497356653214","0.04168393462896347","-0.02442953921854496","-0.024931488558650017","0.035015493631362915","0.036999162286520004","0.031353339552879333","0.027279196307063103","0","0.05926669389009476","-0.0167878195643425","0","-0.02226669155061245","0","-0.011429266072809696","0","-0.02226669155061245","False","True","3","1","True"
"left-tap","0.516514778137207","0.3719514012336731","1","-1","-1.1700921058654785","-1.1502776145935059","1","0","0","1","1","1.033333420753479","1","1","1.033333420753479","0.03501931205391884","0.04180866852402687","-0.024439113214612007","-0.026880823075771332","0.03501930832862854","0.036999162286520004","0.03157841041684151","0.02655820921063423","0","0.06085363030433655","-0.01721111312508583","0","-0.023853624239563942","0","-0.013926774263381958","0","-0.023853624239563942","False","True","3","1","True"
"left-tap","0.5288019180297852","0.3838426172733307","1","-1","-1.1700959205627441","-1.1501604318618774","1","0","0","1","1","1.033333420753479","1","1","1.033333420753479","0.035015497356653214","0.04194307699799538","-0.024449413642287254","-0.028853045776486397","0.035015493631362915","0.036999162286520004","0.03194081038236618","0.025657929480075836","0","0.06290977448225021","-0.017646821215748787","0","-0.025909772142767906","0","-0.016468282788991928","0","-0.025909772142767906","False","True","3","1","True"
"left-tap","0.5411787033081055","0.39582017064094543","1","-1","-1.1700921058654785","-1.1501108407974243","1","0","0","1","1","1.033333420753479","1","1","1.033333420753479","0.03501931205391884","0.04206441715359688","-0.02446570061147213","-0.030691752210259438","0.03501930832862854","0.036999162286520004","0.0324329137802124","0.02471187338232994","0","0.0653359517455101","-0.01805008575320244","0","-0.028335947543382645","0","-0.018832694739103317","0","-0.028335947543382645","False","True","3","1","True"
"left-tap","0.5534982681274414","0.4077416956424713","1","-1","-1.1700921058654785","-1.150130033493042","1","0","0","1","1","1.033333420753479","1","1","1.033333420753479","0.03501931577920914","0.042161643505096436","-0.02448713779449463","-0.03245416283607483","0.03501930832862854","0.03699534758925438","0.033077605068683624","0.02363993041217327","0","0.06835341453552246","-0.018596556037664413","0","-0.031353410333395004","0","-0.021241657435894012","0","-0.031353410333395004","False","True","3","1","True"
"left-tap","0.565521240234375","0.41937676072120667","1","-1","-1.1700921058654785","-1.150171160697937","1","0","0","1","1","1.033333420753479","1","1","1.033333420753479","0.03501931205391884","0.042275916785001755","-0.02450987510383129","-0.03420131653547287","0.03501930832862854","0.036999162286520004","0.033851996064186096","0.022587060928344727","0","0.07210712134838104","-0.019517023116350174","0","-0.035107117146253586","0","-0.02401861548423767","0","-0.035107117146253586","False","True","3","1","True"
"left-tap","0.59912109375","0.45189347863197327","1","-1","-1.1700921058654785","-1.1504344940185547","1","0","0","1","1","1.033333420753479","1","1","1.033333420753479","0.03501931577920914","0.04260388761758804","-0.021783269941806793","-0.03689833730459213","0.03501930832862854","0.036999162286520004","0.036640577018260956","0.020019738003611565","0","0.08260911703109741","-0.024153633043169975","0","-0.04560910537838936","0","-0.031682338565588","0","-0.04560910537838936","False","True","3","1","True"
"left-tap","0.6128664016723633","0.46519508957862854","1","-1","-1.1700959205627441","-1.1505382061004639","1","0","0","1","1","1.033333420753479","1","1","1.033333420753479","0.03501550108194351","0.04277266561985016","-0.019138764590024948","-0.03661986440420151","0.035015493631362915","0.036999162286520004","0.03802914172410965","0.019493304193019867","0","0.08649633824825287","-0.02743050642311573","0","-0.049496330320835114","0","-0.034849509596824646","0","-0.049496330320835114","False","True","3","1","True"
"left-tap","0.6254539489746094","0.47737693786621094","1","-1","-1.1700921058654785","-1.1506376266479492","1","0","0","1","1","1.033333420753479","1","1","1.033333420753479","0.03501931577920914","0.042919427156448364","-0.016891129314899445","-0.03636809065937996","0.03501930832862854","0.036999162286520004","0.03941008076071739","0.019161421805620193","0","0.08975031226873398","-0.030268436297774315","0","-0.05275030434131622","0","-0.03758266195654869","0","-0.05275030434131622","False","True","3","1","True"
"left-tap","0.6361637115478516","0.4877406656742096","1","-1","-1.1700959205627441","-1.150726318359375","1","0","0","1","1","1.033333420753479","1","1","1.033333420753479","0.035015497356653214","0.043023549020290375","-0.015019525773823261","-0.036173537373542786","0.035015493631362915","0.036999162286520004","0.04064224287867546","0.018947796896100044","0","0.09232527017593384","-0.03265012428164482","0","-0.055325258523225784","0","-0.039872635155916214","0","-0.055325258523225784","False","True","3","1","True"
"left-tap","0.6483230590820312","0.49950793385505676","1","-1","-1.1700921058654785","-1.150817632675171","1","0","0","1","1","1.033333420753479","1","1","1.033333420753479","0.03501931205391884","0.04314585030078888","-0.013065693899989128","-0.03595991060137749","0.03501930832862854","0.03699534758925438","0.04210328683257103","0.01895161159336567","0","0.09490403532981873","-0.03530256822705269","0","-0.05790402367711067","0","-0.04243636876344681","0","-0.05790402367711067","False","True","3","1","True"
"left-tap","0.6610736846923828","0.5118470191955566","1","-1","-1.1700959205627441","-1.1509050130844116","1","0","0","1","1","1.033333420753479","1","1","1.033333420753479","0.03501550108194351","0.04327205941081047","-0.011249197646975517","-0.03574628755450249","0.035015493631362915","0.03699534758925438","0.043724555522203445","0.01899738796055317","0","0.09749424457550049","-0.038007598370313644","0","-0.06049423664808273","0","-0.04505361244082451","0","-0.06049423664808273","False","True","3","1","True"
"left-tap","0.6730451583862305","0.5234325528144836","1","-1","-1.1700959205627441","-1.1509934663772583","1","0","0","1","1","1.033333420753479","1","1","1.033333420753479","0.035015497356653214","0.043373871594667435","-0.00974716804921627","-0.03555554896593094","0.035015493631362915","0.03699534758925438","0.04538778215646744","0.018840983510017395","0","0.10017600655555725","-0.04068676009774208","0","-0.0631759986281395","0","-0.04764644801616669","0","-0.0631759986281395","False","True","3","1","True"
"left-tap","0.7083759307861328","0.5576234459877014","1","-1","-1.1700921058654785","-1.1512057781219482","1","0","0","1","1","1.033333420753479","1","1","1.033333420753479","0.03501931205391884","0.04368118569254875","-0.006353555712848902","-0.03504055738449097","0.03501930832862854","0.036999162286520004","0.051128972321748734","0.018318362534046173","0","0.10818315297365189","-0.048246365040540695","0","-0.07118314504623413","0","-0.054991960525512695","0","-0.07118314504623413","False","True","3","1","True"
"left-tap","0.722294807434082","0.5710932612419128","1","-1","-1.1700959205627441","-1.1512786149978638","1","0","0","1","1","1.033333420753479","1","1","1.033333420753479","0.035015497356653214","0.04379349574446678","-0.005327014252543449","-0.03485745191574097","0.035015493631362915","0.03699534758925438","0.053619999438524246","0.01807803474366665","0","0.1113303154706955","-0.05104383826255798","0","-0.07433030754327774","0","-0.057725004851818085","0","-0.07433030754327774","False","True","3","1","True"
"left-tap","0.7323732376098633","0.5808467268943787","1","-1","-1.1700959205627441","-1.1513237953186035","1","0","0","1","1","1.033333420753479","1","1","1.033333420753479","0.035015497356653214","0.043869372457265854","-0.004686600062996149","-0.03473919630050659","0.035015493631362915","0.036999162286520004","0.05544344708323479","0.01785678043961525","0","0.11372978985309601","-0.05314856767654419","0","-0.07672978192567825","0","-0.05978073179721832","0","-0.07672978192567825","False","True","3","1","True"
"left-tap","0.7443485260009766","0.5924361348152161","1","-1","-1.1700921058654785","-1.1513724327087402","1","0","0","1","1","1.033333420753479","1","1","1.033333420753479","0.03501931577920914","0.04394839331507683","-0.004033669829368591","-0.03461712226271629","0.03501930832862854","0.036999162286520004","0.057587333023548126","0.017547784373164177","0","0.11672054976224899","-0.05570809170603752","0","-0.07972054183483124","0","-0.06229737401008606","0","-0.07972054183483124","False","True","3","1","True"
"left-tap","0.7566795349121094","0.6043693423271179","1","-1","-1.1700959205627441","-1.1514232158660889","1","0","0","1","1","1.033333420753479","1","1","1.033333420753479","0.035015497356653214","0.04401225596666336","-0.0034850812517106533","-0.03450649604201317","0.035015493631362915","0.036999162286520004","0.05962058901786804","0.01712053455412388","0","0.12039414793252945","-0.05882418900728226","0","-0.0833941400051117","0","-0.06536725163459778","0","-0.0833941400051117","False","True","3","1","True"
"left-tap","0.7712736129760742","0.6184924840927124","1","-1","-1.1700959205627441","-1.1514722108840942","1","0","0","1","1","1.033333420753479","1","1","1.033333420753479","0.035015497356653214","0.044063687324523926","-0.002959451638162136","-0.03441493958234787","0.035015493631362915","0.036999162286520004","0.06149362772703171","0.016418620944023132","0","0.12603998184204102","-0.0636778175830841","0","-0.08903995901346207","0","-0.07018329948186874","0","-0.08903995901346207","False","True","3","1","True"
"left-tap","0.7852563858032227","0.6320242285728455","1","-1","-1.1700959205627441","-1.1515145301818848","1","0","0","1","1","1.033333420753479","1","1","1.033333420753479","0.035015493631362915","0.044094670563936234","-0.002404115628451109","-0.03434627503156662","0.035015493631362915","0.036999162286520004","0.0623328723013401","0.015648042783141136","0","0.13205963373184204","-0.06891524791717529","0","-0.09505962580442429","0","-0.07537944614887238","0","-0.09505962580442429","False","True","3","1","True"
"left-tap","0.8195896148681641","0.6652501225471497","1","-1","-1.1700959205627441","-1.1516176462173462","1","0","0","1","1","1.033333420753479","1","1","1.033333420753479","0.035015493631362915","0.044077757745981216","0.0002771163999568671","-0.03427761048078537","0.035015493631362915","0.036999162286520004","0.05965492129325867","0.013492712751030922","0","0.14964178204536438","-0.08420007675886154","0","-0.11264177411794662","0","-0.09057953953742981","0","-0.11264177411794662","False","True","3","1","True"
"left-tap","0.832240104675293","0.677492082118988","1","-1","-1.1700959205627441","-1.1516573429107666","1","0","0","1","1","1.033333420753479","1","1","1.033333420753479","0.035015493631362915","0.04403837397694588","0.0019699372351169586","-0.034281425178050995","0.035015493631362915","0.036999162286520004","0.0575072206556797","0.012729763984680176","0","0.1561802625656128","-0.08977139741182327","0","-0.11918024718761444","0","-0.09611731767654419","0","-0.11918024718761444","False","True","3","1","True"
"left-tap","0.8442106246948242","0.6890764236450195","1","-1","-1.1700959205627441","-1.1517014503479004","1","0","0","1","1","1.033333420753479","1","1","1.033333420753479","0.035015493631362915","0.04398428276181221","0.0038812521379441023","-0.034296683967113495","0.035015493631362915","0.036999162286520004","0.055149711668491364","0.012073628604412079","0","0.16209693253040314","-0.09472840279340744","0","-0.12509691715240479","0","-0.10103383660316467","0","-0.12509691715240479","False","True","3","1","True"
"left-tap","0.8549900054931641","0.6995084881782532","1","-1","-1.1700959205627441","-1.1517486572265625","1","0","0","1","1","1.033333420753479","1","1","1.033333420753479","0.035015493631362915","0.04391999542713165","0.005725568160414696","-0.03431575745344162","0.035015493631362915","0.03699534758925438","0.052830345928668976","0.011535749770700932","0","0.1670980602502823","-0.09885241836309433","0","-0.13009804487228394","0","-0.10511617362499237","0","-0.13009804487228394","False","True","3","1","True"
"left-tap","0.8659610748291016","0.7101258039474487","1","-1","-1.1700959205627441","-1.1518032550811768","1","0","0","1","1","1.033333420753479","1","1","1.033333420753479","0.03501548990607262","0.04384438693523407","0.007655060384422541","-0.034334830939769745","0.035015493631362915","0.03699534758925438","0.05040798336267471","0.011043648235499859","0","0.1715117245912552","-0.10243387520313263","0","-0.13451169431209564","0","-0.10864167660474777","0","-0.13451169431209564","False","True","3","1","True"
"left-tap","0.8770866394042969","0.7208921909332275","1","-1","-1.1700959205627441","-1.1518605947494507","1","0","0","1","1","1.033333420753479","1","1","1.033333420753479","0.035015493631362915","0.043762076646089554","0.009601106867194176","-0.034357719123363495","0.035015493631362915","0.036999162286520004","0.04798562079668045","0.010608767159283161","0","0.1753455400466919","-0.10551389306783676","0","-0.13834552466869354","0","-0.11165694892406464","0","-0.13834552466869354","False","True","3","1","True"
"left-tap","0.8894033432006836","0.7328117489814758","1","-1","-1.1700959205627441","-1.1519432067871094","1","0","0","1","1","1.033333420753479","1","1","1.033333420753479","0.03501548990607262","0.04364671930670738","0.011692313477396965","-0.034388236701488495","0.035015493631362915","0.036999162286520004","0.04543355852365494","0.010372253134846687","0","0.17909161746501923","-0.10857028514146805","0","-0.14209160208702087","0","-0.1146315336227417","0","-0.14209160208702087","False","True","3","1","True"
"left-tap","0.9241905212402344","0.7664766907691956","1","-1","-1.1700959205627441","-1.1522608995437622","1","0","0","1","1","1.033333420753479","1","1","1.033333420753479","0.035015493631362915","0.04321543499827385","0.015887880697846413","-0.034479789435863495","0.035015493631362915","0.036999162286520004","0.03960463032126427","0.009723746217787266","0","0.18584752082824707","-0.11401485651731491","0","-0.14884750545024872","0","-0.11973543465137482","0","-0.14884750545024872","False","True","3","1","True"
"left-tap","0.9366064071655273","0.7784919142723083","1","-1","-1.1700959205627441","-1.1523973941802979","1","0","0","1","1","1.033333420753479","1","1","1.033333420753479","0.035015493631362915","0.04303771257400513","0.016222678124904633","-0.03451031073927879","0.035015493631362915","0.036999162286520004","0.03790707141160965","0.009582600556313992","0","0.18669821321964264","-0.11433060467243195","0","-0.1496981978416443","0","-0.11990486085414886","0","-0.1496981978416443","False","True","3","1","True"
"left-tap","0.9490747451782227","0.790558397769928","1","-1","-1.1700959205627441","-1.1525509357452393","1","0","0","1","1","1.033333420753479","1","1","1.033333420753479","0.03501548990607262","0.042842116206884384","0.01596071571111679","-0.03454082831740379","0.035015493631362915","0.03699534758925438","0.03633921220898628","0.009445270523428917","0","0.1872093826532364","-0.11431742459535599","0","-0.15020936727523804","0","-0.11972833424806595","0","-0.15020936727523804","False","True","3","1","True"
"left-tap","0.9613037109375","0.802392840385437","1","-1","-1.1700959205627441","-1.1527068614959717","1","0","0","1","1","1.033333420753479","1","1","1.033333420753479","0.035015493631362915","0.042647238820791245","0.01520998403429985","-0.03456371650099754","0.035015493631362915","0.03699534758925438","0.034878164529800415","0.009304124861955643","0","0.18760231137275696","-0.11424749344587326","0","-0.1506022959947586","0","-0.1194876879453659","0","-0.1506022959947586","False","True","3","1","True"
"left-tap","0.9727182388305664","0.8134390115737915","1","-1","-1.1700959205627441","-1.152858018875122","1","0","0","1","1","1.033333420753479","1","1","1.033333420753479","0.035015493631362915","0.04246410354971886","0.01413505245000124","-0.03457897529006004","0.035015493631362915","0.036999162286520004","0.033562079071998596","0.009182052686810493","0","0.18778160214424133","-0.11407370120286942","0","-0.15078158676624298","0","-0.11914052069187164","0","-0.15078158676624298","False","True","3","1","True"
"left-tap","0.9850254058837891","0.8253485560417175","1","-1","-1.1700959205627441","-1.153037428855896","1","0","0","1","1","1.033333420753479","1","1","1.033333420753479","0.035015493631362915","0.042255472391843796","0.012592538259923458","-0.03459041938185692","0.035015493631362915","0.036999162286520004","0.03216206654906273","0.009059981442987919","0","0.18769386410713196","-0.11369556188583374","0","-0.1506938487291336","0","-0.11856566369533539","0","-0.1506938487291336","False","True","3","1","True"
"left-tap","0.9952812194824219","0.8352736830711365","1","-1","-1.1700959205627441","-1.1531909704208374","1","0","0","1","1","1.033333420753479","1","1","1.033333420753479","0.03501548990607262","0.04207325726747513","0.011043275706470013","-0.03459804877638817","0.035015493631362915","0.036999162286520004","0.031010013073682785","0.00898750126361847","0","0.18728949129581451","-0.11318619549274445","0","-0.15028947591781616","0","-0.11788371205329895","0","-0.15028947591781616","False","True","3","1","True"
"left-tap","1.0299072265625","0.8687826991081238","1","-1","-1.1700959205627441","-1.1537539958953857","1","0","0","1","1","1.033333420753479","1","1","1.033333420753479","0.035015493631362915","0.041441239416599274","0.004420129116624594","-0.03459423407912254","0.035015493631362915","0.036999162286520004","0.027351675555109978","0.009132460691034794","0","0.18220825493335724","-0.10836094617843628","0","-0.1452082395553589","0","-0.11242222785949707","0","-0.1452082395553589","False","True","3","1","True"
"left-tap","1.0432252883911133","0.8816710710525513","1","-1","-1.1700959205627441","-1.1539931297302246","1","0","0","1","1","1.033333420753479","1","1","1.033333420753479","0.035015493631362915","0.041179757565259933","0.0014374122256413102","-0.03458278998732567","0.035015493631362915","0.03699534758925438","0.026283547282218933","0.009285051375627518","0","0.17937009036540985","-0.10584375262260437","0","-0.1423700749874115","0","-0.10963539779186249","0","-0.1423700749874115","False","True","3","1","True"
"left-tap","1.0536012649536133","0.8917129635810852","1","-1","-1.1700959205627441","-1.1541860103607178","1","0","0","1","1","1.033333420753479","1","1","1.033333420753479","0.035015493631362915","0.040973961353302","-0.0010273795342072845","-0.03456753119826317","0.035015493631362915","0.03699534758925438","0.02569226175546646","0.009449084289371967","0","0.1768561750650406","-0.10364626348018646","0","-0.13985615968704224","0","-0.10721704363822937","0","-0.13985615968704224","False","True","3","1","True"
"left-tap","1.0651130676269531","0.9028528332710266","1","-1","-1.1700921058654785","-1.1543985605239868","1","0","0","1","1","1.033333420753479","1","1","1.033333420753479","0.03501930832862854","0.040747031569480896","-0.003812590381130576","-0.03454845771193504","0.03501930832862854","0.036999162286520004","0.02535274811089039","0.00968941394239664","0","0.1736670434474945","-0.10090048611164093","0","-0.13666702806949615","0","-0.10422061383724213","0","-0.13666702806949615","False","True","3","1","True"
"left-tap","1.076746940612793","0.9141115546226501","1","-1","-1.1700921058654785","-1.1546251773834229","1","0","0","1","1","1.033333420753479","1","1","1.033333420753479","0.03501930832862854","0.040509577840566635","-0.006636878475546837","-0.03452556952834129","0.03501930832862854","0.036999162286520004","0.025436673313379288","0.009998409077525139","0","0.1699858158826828","-0.09776614606380463","0","-0.13298580050468445","0","-0.10082454979419708","0","-0.13298580050468445","False","True","3","1","True"
"left-tap","1.089609146118164","0.9265592098236084","1","-1","-1.1700959205627441","-1.1548864841461182","1","0","0","1","1","1.033333420753479","1","1","1.033333420753479","0.035015493631362915","0.04023540019989014","-0.009717363864183426","-0.03449505195021629","0.035015493631362915","0.03699534758925438","0.02598981186747551","0.010414215736091137","0","0.1653890609741211","-0.09384724497795105","0","-0.12838904559612274","0","-0.09660593420267105","0","-0.12838904559612274","False","True","3","1","True"
"left-tap","1.1010398864746094","0.9376205801963806","1","-1","-1.1700959205627441","-1.1551191806793213","1","0","0","1","1","1.033333420753479","1","1","1.033333420753479","0.035015497356653214","0.04000193998217583","-0.012367984279990196","-0.03445690497756004","0.035015493631362915","0.03699534758925438","0.026768019422888756","0.010833836160600185","0","0.1609296202659607","-0.09000545740127563","0","-0.12392960488796234","0","-0.09249287843704224","0","-0.12392960488796234","False","True","3","1","True"
"left-tap","1.1346607208251953","0.9701576232910156","1","-1","-1.1700959205627441","-1.1558107137680054","1","0","0","1","1","1.033333420753479","1","1","1.033333420753479","0.035015493631362915","0.03964832425117493","-0.019186582416296005","-0.03400412201881409","0.035015493631362915","0.036999162286520004","0.029537523165345192","0.012352104298770428","0","0.14510606229305267","-0.0756533220410347","0","-0.10810604691505432","0","-0.07731898128986359","0","-0.10810604691505432","False","True","3","1","True"
"left-tap","1.1496896743774414","0.9847014546394348","1","-1","-1.1700959205627441","-1.156172513961792","1","0","0","1","1","1.033333420753479","1","1","1.033333420753479","0.035015493631362915","0.039563845843076706","-0.02190057933330536","-0.033649347722530365","0.035015493631362915","0.036999162286520004","0.03055606037378311","0.0129243154078722","0","0.13862863183021545","-0.06910912692546844","0","-0.1016286164522171","0","-0.07033362984657288","0","-0.1016286164522171","False","True","3","1","True"
"left-tap","1.1625099182128906","0.9971076846122742","1","-1","-1.1700959205627441","-1.1564322710037231","1","0","0","1","1","1.033333420753479","1","1","1.033333420753479","0.035015497356653214","0.039501313120126724","-0.023594068363308907","-0.033397577702999115","0.035015493631362915","0.03699534758925438","0.03117404878139496","0.013462194241583347","0","0.13332995772361755","-0.06374429911375046","0","-0.0963299348950386","0","-0.06465961039066315","0","-0.0963299348950386","False","True","3","1","True"
"left-tap","1.1740999221801758","1.0083239078521729","1","-1","-1.1700959205627441","-1.1565608978271484","1","0","0","1","1","1.033333420753479","1","1","1.033333420753479","0.035015493631362915","0.039491843432188034","-0.024205906316637993","-0.03242100402712822","0.035015493631362915","0.036999162286520004","0.031269416213035583","0.01371015328913927","0","0.12798549234867096","-0.05916225537657738","0","-0.09098547697067261","0","-0.059088241308927536","0","-0.09098547697067261","False","True","3","1","True"
"left-tap","1.1867427825927734","1.0148077011108398","0","0","-1.170135736465454","-1.1568785905838013","1","0","0","1","1","1.9500000476837158","1","1","0","0.03497567027807236","0.0369991660118103","-0.023929394781589508","-0.06613188982009888","0.035023123025894165","0.036999162286520004","0.03125797212123871","0.01394666638225317","0","0.12264484912157059","-0.05449988320469856","0","-0.08564484119415283","0","-0.0547078438103199","0","-0.08564484119415283","False","True","3","1","False"
"left-tap","1.2005615234375","1.0218943357467651","0","0","-1.1716762781143188","-1.1569503545761108","1","0","0","1","1","1.9500000476837158","1","1","0","0.03497186303138733","0.03699535131454468","-0.022432832047343254","-0.06523160636425018","0.03501930832862854","0.03699534758925438","0.031231269240379333","0.014484545215964317","0","0.11720120906829834","-0.0499592125415802","0","-0.08020120114088058","0","-0.04983144998550415","0","-0.08020120114088058","False","True","3","1","False"
"left-tap","1.2124385833740234","1.0279850959777832","0","0","-1.1716588735580444","-1.1590641736984253","1","0.029692742973566055","0","1","1","1.9500000476837158","1","1","0","0.03497185930609703","0.03493373095989227","-0.022486239671707153","-0.06466321647167206","0.03501930832862854","0.036999162286520004","0.031216008588671684","-0.0014534525107592344","0","0.07871044427156448","-0.04658406600356102","0","-0.04171044006943703","0","-0.04412183165550232","0","-0.07419513165950775","False","True","3","3","False"
"left-tap","1.2489910125732422","1.046729564666748","0","0","-1.1716066598892212","-1.1591249704360962","1","0.12107224762439728","0","1","1","1.9500000476837158","1","1","0","0.034975674003362656","0.03699574992060661","-0.022638829424977303","-0.03186023607850075","0.035023123025894165","0.036999162286520004","0.031170234084129333","0.0018768181325867772","0","0.06392449885606766","-0.03858735039830208","0","-0.0269244946539402","0","-0.03545466065406799","0","-0.0651116743683815","False","True","3","3","False"
"left-tap","1.262761116027832","1.0537911653518677","0","0","-1.171593189239502","-1.159125804901123","1","0.1554975062608719","0","1","1","1.9500000476837158","1","1","0","0.034975674003362656","0.036995865404605865","-0.022688420489430428","-0.03166186809539795","0.035023123025894165","0.036999162286520004","0.03115115873515606","0.003181461011990905","0","0.059510838240385056","-0.036426007747650146","0","-0.022510835900902748","0","-0.03309726342558861","0","-0.06267864257097244","False","True","3","3","False"
"left-tap","1.2755136489868164","1.0603309869766235","0","0","-1.171579360961914","-1.1591262817382812","1","0.18737900257110596","0","1","1","1.9500000476837158","1","1","0","0.034975674003362656","0.03699597343802452","-0.022730384021997452","-0.031497836112976074","0.035023123025894165","0.036999162286520004","0.031139714643359184","0.004337328020483255","0","0.055848684161901474","-0.034756410866975784","0","-0.018848681822419167","0","-0.03126247972249985","0","-0.060795046389102936","False","True","3","3","False"
"left-tap","1.2921199798583984","1.0688471794128418","0","0","-1.1715656518936157","-1.1591304540634155","1","0.22889524698257446","0","1","1","1.9500000476837158","1","1","0","0.03497185930609703","0.03699229285120964","-0.022772345691919327","-0.031314726918935776","0.03501930832862854","0.036999162286520004","0.03112827055156231","0.005783115979284048","0","0.05157998949289322","-0.0329737514257431","0","-0.014579985290765762","0","-0.02929420955479145","0","-0.058766670525074005","False","True","3","3","False"
"left-tap","1.3058719635009766","1.0758994817733765","0","0","-1.1715553998947144","-1.1591380834579468","1","0.26327499747276306","0","1","1","1.9500000476837158","1","1","0","0.03497185558080673","0.03698859363794327","-0.022799048572778702","-0.031177395954728127","0.03501930832862854","0.03699534758925438","0.031116826459765434","0.006938983220607042","0","0.048383232206106186","-0.03177851438522339","0","-0.011383229866623878","0","-0.02795916236937046","0","-0.05739784240722656","False","True","3","3","False"
"left-tap","1.316849708557129","0.6415903568267822","0","0","-1.171552062034607","-1.1591377258300781","1","0.2907184958457947","0","1","1","1.9500000476837158","1","1","0","0.03497185930609703","0.036992501467466354","-0.022806677967309952","-0.031127804890275","0.03501930832862854","0.036999162286520004","0.031109197065234184","0.0078316330909729","0","0.0460638664662838","-0.03098570927977562","0","-0.00906386598944664","0","-0.027120010927319527","0","-0.05672387778759003","False","True","3","3","False"
"left-tap","1.3555288314819336","0.6614262461662292","0","0","-1.1715656518936157","-1.1591432094573975","1","0.3874185085296631","1","1","1","1.9500000476837158","1","1","0","0.03497185930609703","0.0369890034198761","-0.022791419178247452","-0.031398650258779526","0.03501930832862854","0.036999162286520004","0.031132085248827934","0.011097053065896034","0","0.03892648220062256","-0.028880778700113297","0","-0.0019264802103862166","0","-0.025281623005867004","0","-0.055332791060209274","False","True","3","3","False"
"left-tap","1.3686599731445312","0.6681599020957947","0","0","-1.1715691089630127","-1.1591426134109497","1","0.4202449917793274","1","1","1","1.9500000476837158","1","1","0","0.034975674003362656","0.03699292615056038","-0.022787604480981827","-0.031482577323913574","0.035023123025894165","0.036999162286520004","0.03113589994609356","0.012096515856683254","0","0.036702487617731094","-0.028367064893245697","0","0.0002975146344397217","0","-0.02485448122024536","0","-0.055226266384124756","False","True","3","3","False"
"left-tap","1.3805265426635742","0.6742454171180725","0","0","-1.1715762615203857","-1.1591496467590332","1","0.4499117434024811","1","1","1","1.9500000476837158","1","1","0","0.03497185930609703","0.03698539361357689","-0.022783789783716202","-0.031558871269226074","0.03501930832862854","0.03699534758925438","0.031147344037890434","0.012992980889976025","0","0.03475315123796463","-0.02798183634877205","0","0.0022468487732112408","0","-0.024541769176721573","0","-0.05501069128513336","False","True","3","3","False"
"left-tap","1.391392707824707","0.6798178553581238","0","0","-1.1715798377990723","-1.159145474433899","1","0.4770774841308594","1","1","1","1.9500000476837158","1","1","0","0.03497185930609703","0.036989305168390274","-0.022783789783716202","-0.03163135051727295","0.03501930832862854","0.036999162286520004","0.031154973432421684","0.01383603923022747","0","0.03302888572216034","-0.027701277285814285","0","0.00397111289203167","0","-0.024335864931344986","0","-0.05485234409570694","False","True","3","3","False"
"left-tap","1.4040441513061523","0.6863058805465698","0","0","-1.1715794801712036","-1.1591488122940063","1","0.5087065100669861","1","1","1","1.9500000476837158","1","1","0","0.034975674003362656","0.03698559105396271","-0.022776160389184952","-0.03170764446258545","0.035023123025894165","0.036999162286520004","0.03116641752421856","0.014812612906098366","0","0.031071923673152924","-0.027469990774989128","0","0.005928076338022947","0","-0.024175750091671944","0","-0.054728914052248","False","True","3","3","False"
"left-tap","1.4154129028320312","0.692135751247406","0","0","-1.1715868711471558","-1.1591484546661377","1","0.5371270179748535","1","1","1","1.9500000476837158","1","1","0","0.03497186303138733","0.03698950260877609","-0.022772345691919327","-0.031772494316101074","0.03501930832862854","0.036999162286520004","0.03117404691874981","0.01567474566400051","0","0.02946973219513893","-0.027568824589252472","0","0.00753026781603694","0","-0.024343691766262054","0","-0.05491802841424942","False","True","3","3","False"
"left-tap","1.427703857421875","0.6984390020370483","0","0","-1.1715903282165527","-1.1591557264328003","1","0.5678555369377136","1","1","1","1.9500000476837158","1","1","0","0.03497186303138733","0.0369819737970829","-0.022768530994653702","-0.0318526066839695","0.03501930832862854","0.03699534758925438","0.03118167631328106","0.01660172827541828","0","0.027863724157214165","-0.027999786660075188","0","0.009136275388300419","0","-0.024851158261299133","0","-0.05545426160097122","False","True","3","3","False"
"left-tap","1.4638252258300781","0.7169626355171204","0","0","-1.1716045141220093","-1.1591582298278809","1","0.6581583023071289","1","1","1","1.9500000476837158","1","1","0","0.03497185930609703","0.036982275545597076","-0.022757086902856827","-0.03207767382264137","0.03501930832862854","0.03699534758925438","0.031200751662254333","0.019470414146780968","0","0.022755783051252365","-0.028640350326895714","0","0.014244216494262218","0","-0.025717400014400482","0","-0.05613098666071892","False","True","3","3","False"
"left-180","0","1.387479543685913","0","0","-1.171521782875061","-1.1611192226409912","1","1","1","1","1","1.9500000476837158","1","1","0","0.034975674003362656","0.034988295286893845","-0.022829566150903702","-0.031806830316782","0.035023123025894165","0.03501167893409729","0.03125034272670746","0.029739703983068466","0","0","-0.02960546873509884","0","0","0","0","0","0","False","False","3","3","False"
"left-180","0.03888893127441406","1.4074225425720215","0","-1","-1.1661018133163452","-1.1564509868621826","0","0","0","1","1","1.9500000476837158","1","1","0","0.04079718142747879","0.03936818614602089","-0.022303132340312004","-0.032524000853300095","0.04751640930771828","0.03699534758925438","0.05429520830512047","0.017845334485173225","0","0.09240156412124634","-0.022705666720867157","0.04751640930771828","-0.055401552468538284","-0.0033135786652565002","-0.022613901644945145","0.04751640930771828","-0.055401552468538284","True","True","1","1","True"
"left-180","0.05275726318359375","1.4145342111587524","0","-1","-1.1631146669387817","-1.1564433574676514","0","0","0","1","1","1.9500000476837158","1","1","0","0.04373785853385925","0.03942351043224335","-0.022470980882644653","-0.03185642138123512","0.05057583376765251","0.036999162286520004","0.05736226215958595","0.01850910112261772","0","0.08887673914432526","-0.019179442897439003","0.05057583376765251","-0.0518767312169075","0.0001621432602405548","-0.018473006784915924","0.05057583376765251","-0.0518767312169075","True","True","1","1","True"
"left-180","0.0646820068359375","1.4206496477127075","0","-1","-1.1602535247802734","-1.1564767360687256","0","0","0","1","1","1.9500000476837158","1","1","0","0.046531956642866135","0.03945927694439888","-0.022539645433425903","-0.03045259416103363","0.05336441099643707","0.036999162286520004","0.059990618377923965","0.018963053822517395","0","0.08513447642326355","-0.016304733231663704","0.05336441099643707","-0.048134468495845795","0.0029642730951309204","-0.014228630810976028","0.05336441099643707","-0.048134468495845795","True","True","1","1","True"
"left-180","0.07805728912353516","1.4275089502334595","0","-1","-1.1577330827713013","-1.155756950378418","0","0","0","1","1","1.9500000476837158","1","1","0","0.049516912549734116","0.039813388139009476","-0.022081876173615456","-0.02835448645055294","0.05673282966017723","0.036999162286520004","0.06334759294986725","0.01968022622168064","0","0.0807589590549469","-0.013390464708209038","0.05673282966017723","-0.04375895485281944","0.006719969213008881","-0.0095701664686203","0.05673282966017723","-0.04375895485281944","True","True","1","1","True"
"left-180","0.09105587005615234","1.4341745376586914","0","-1","-1.170121669769287","-1.1558494567871094","0.17000000178813934","0","0","1","1","1.9500000476837158","1","1","0","0.036995988339185715","0.03985033556818962","-0.02222302183508873","-0.02466944418847561","0.036999162286520004","0.03699534758925438","0.02565411478281021","0.01964970864355564","0.030385270714759827","0.07557472586631775","-0.011954506859183311","0.006614728830754757","-0.03857472166419029","0.0008004195988178253","-0.004491548985242844","0.05003644898533821","-0.03857472166419029","True","True","2","1","True"
"left-180","0.10198116302490234","1.4397774934768677","0","-1","-1.1702589988708496","-1.1552435159683228","0.3400000035762787","0","0","1","1","1.9500000476837158","1","1","0","0.036889247596263885","0.04028882458806038","-0.022202521562576294","-0.020827997475862503","0.03699534758925438","0.03720897063612938","0.027847589924931526","0.01966496743261814","0.02452201023697853","0.07196979224681854","-0.01207171194255352","0.012477990239858627","-0.03475997596979141","0.0008094040676951408","-0.0009894035756587982","0.04910522326827049","-0.03475997596979141","True","True","3","1","True"
"left-180","0.1361713409423828","0.0941435694694519","1","-1","-1.1703494787216187","-1.1494001150131226","0.5099999904632568","0","0","1","1","1.033333420753479","1","1","1.033333420753479","0.03679872304201126","0.04580634459853172","-0.022225068882107735","-0.005519431550055742","0.03699534758925438","0.04221391677856445","0.030220361426472664","0.0229876097291708","0.01988709531724453","0.06216971576213837","-0.014681369997560978","0.01711290329694748","-0.01995495706796646","-0.001735718920826912","0.011193487793207169","0.0423487052321434","-0.01995495706796646","True","True","3","1","True"
"left-180","0.14966297149658203","0.10720033943653107","1","-1","-1.1702343225479126","-1.1476742029190063","0.6800000071525574","0","0","1","1","1.033333420753479","1","1","1.033333420753479","0.03691393509507179","0.04763202369213104","-0.022238535806536674","0.0007672658539377153","0.036999162286520004","0.043991584330797195","0.031792037189006805","0.024368546903133392","0.01406579464673996","0.057389840483665466","-0.015753647312521935","0.0229342021048069","-0.013397413305938244","-0.0029325243085622787","0.01636023446917534","0.03949049860239029","-0.013397413305938244","True","True","3","1","True"
"left-180","0.16089630126953125","0.11807175725698471","1","-1","-1.170227289199829","-1.1459769010543823","0.8500000238418579","0","0","1","1","1.033333420753479","1","1","1.033333420753479","0.03692087531089783","0.04900341108441353","-0.022243915125727654","0.0059286137111485004","0.03699534758925438","0.04605536162853241","0.033085234463214874","0.025528227910399437","0.007718062028288841","0.05318980664014816","-0.016470294445753098","0.02928193472325802","-0.007129790261387825","-0.0036658328026533127","0.02149679884314537","0.037459757179021835","-0.007129790261387825","True","True","3","1","True"
"left-180","0.17290019989013672","0.12968756258487701","1","-1","-1.1721289157867432","-1.1449787616729736","1","0","0","1","1","1.033333420753479","1","1","1.033333420753479","0.03501930832862854","0.05006128177046776","-0.022253865376114845","0.012051276862621307","0.03501930832862854","0.0475965179502964","0.03134189546108246","0.026737501844763756","0","0.04840993508696556","-0.017685025930404663","0","-0.0008087605820037425","0","0.026889655739068985","0","-0.0008087605820037425","False","True","3","1","True"
"left-180","0.18388843536376953","0.1403217911720276","1","-1","-1.1721289157867432","-1.1435534954071045","1","0","0","1","1","1.033333420753479","1","1","1.033333420753479","0.03501930832862854","0.051070667803287506","-0.02225804142653942","0.01664041355252266","0.03501930832862854","0.04914911836385727","0.03133426606655121","0.02788955345749855","0","0.04356902465224266","-0.01766311563551426","0","0.0055809346958994865","0","0.032044894993305206","0","0.0055809346958994865","False","True","3","1","True"
"left-180","0.19576740264892578","0.15181779861450195","1","-1","-1.1721251010894775","-1.1421481370925903","1","0","0","1","1","1.033333420753479","1","1","1.033333420753479","0.035023123025894165","0.05199608951807022","-0.022270958870649338","0.020359788089990616","0.035023123025894165","0.05043850466609001","0.031322821974754333","0.028972940519452095","0","0.03884255513548851","-0.017585551366209984","0","0.011596784926950932","0","0.03620453178882599","0","0.011596784926950932","False","True","3","1","True"
"left-180","0.20725440979003906","0.16293445229530334","1","-1","-1.1721251010894775","-1.1416090726852417","1","0","0","1","1","1.033333420753479","1","1","1.033333420753479","0.035023123025894165","0.05245846137404442","-0.022277262061834335","0.023098772391676903","0.035023123025894165","0.05130826309323311","0.03129611909389496","0.030224177986383438","0","0.03296785056591034","-0.017453325912356377","0","0.018345067277550697","0","0.0394844189286232","0","0.018345067277550697","False","True","3","1","True"
"left-180","0.2416534423828125","0.19622312486171722","1","-1","-1.1721251010894775","-1.1391353607177734","1","0","0","1","1","1.033333420753479","1","1","1.033333420753479","0.035023123025894165","0.05350401997566223","-0.02229219488799572","0.02335054613649845","0.035023123025894165","0.0535055547952652","0.03121219389140606","0.03155170753598213","0","0.026723114773631096","-0.016957469284534454","0","0.02678709290921688","0","0.04138384014368057","0","0.02678709290921688","False","True","3","1","True"
"left-180","0.25545501708984375","0.20957951247692108","1","-1","-1.1721289157867432","-1.1387338638305664","1","0","0","1","1","1.033333420753479","1","1","1.033333420753479","0.03501930460333824","0.05316166579723358","-0.022298896685242653","0.02053908072412014","0.03501930832862854","0.051735516637563705","0.03117404691874981","0.03087649866938591","0","0.030183088034391403","-0.01679208129644394","0","0.021553264930844307","0","0.03730873018503189","0","0.021553264930844307","False","True","3","1","True"
"left-180","0.26796722412109375","0.22168847918510437","1","-1","-1.1721289157867432","-1.1395609378814697","1","0","0","1","1","1.033333420753479","1","1","1.033333420753479","0.03501930460333824","0.05205162242054939","-0.02230282500386238","0.017319437116384506","0.03501930832862854","0.04936274513602257","0.03113589994609356","0.030166955664753914","0","0.033631615340709686","-0.01668751984834671","0","0.01573578268289566","0","0.03293316811323166","0","0.01573578268289566","False","True","3","1","True"
"left-180","0.2791004180908203","0.23246273398399353","1","-1","-1.1721289157867432","-1.1410304307937622","1","0","0","1","1","1.033333420753479","1","1","1.033333420753479","0.03501930832862854","0.049891214817762375","-0.02231035940349102","0.013436028733849525","0.03501930832862854","0.04523519426584244","0.03109775297343731","0.029278121888637543","0","0.03683600202202797","-0.01678616926074028","0","0.008400030434131622","0","0.026983432471752167","0","0.008400030434131622","False","True","3","1","True"
"left-180","0.2910804748535156","0.24405589699745178","1","-1","-1.1721251010894775","-1.1437715291976929","1","0","0","1","1","1.033333420753479","1","1","1.033333420753479","0.035023123025894165","0.04685385525226593","-0.02231687493622303","0.009056703187525272","0.035023123025894165","0.04195069894194603","0.031063420698046684","0.028591467067599297","0","0.039544470608234406","-0.01687687635421753","0","0.0024070688523352146","0","0.022265417501330376","0","0.0024070688523352146","False","True","3","1","True"
"left-180","0.30202770233154297","0.2546500563621521","1","-1","-1.1721289157867432","-1.1469738483428955","1","0","0","1","1","1.033333420753479","1","1","1.033333420753479","0.03501930832862854","0.04357602447271347","-0.022315414622426033","0.004972284659743309","0.03501930832862854","0.0379147008061409","0.031025271862745285","0.028183290734887123","0","0.04119625315070152","-0.016889119520783424","0","-0.0032768987584859133","0","0.017398767173290253","0","-0.0032768987584859133","False","True","3","1","True"
"left-180","0.3153362274169922","0.2675296366214752","1","-1","-1.1721251010894775","-1.1484670639038086","1","0","0","1","1","1.033333420753479","1","1","1.033333420753479","0.03502311930060387","0.042378585785627365","-0.022328782826662064","0.0002648916270118207","0.035023123025894165","0.036999162286520004","0.030987124890089035","0.029434524476528168","0","0.0450262576341629","-0.016886549070477486","0","-0.00802625436335802","0","0.01297327782958746","0","-0.00802625436335802","False","True","3","1","True"
"left-180","0.3517780303955078","0.3027952015399933","1","-1","-1.1721251010894775","-1.1507999897003174","1","0","0","1","1","1.033333420753479","1","1","1.033333420753479","0.035023123025894165","0.04110083356499672","-0.022346004843711853","-0.011705773882567883","0.035023123025894165","0.03700297698378563","0.03093753382563591","0.03200947865843773","0","0.052869368344545364","-0.016955889761447906","0","-0.015869366005063057","0","0.002211702987551689","0","-0.015869366005063057","False","True","3","1","True"
"left-180","0.3644227981567383","0.31503286957740784","1","-1","-1.1721289157867432","-1.1520073413848877","1","0","0","1","1","1.033333420753479","1","1","1.033333420753479","0.03501930832862854","0.040404580533504486","-0.022352106869220734","-0.014723235741257668","0.03501930832862854","0.03699534758925438","0.03096042200922966","0.03229176625609398","0","0.05392223596572876","-0.017196062952280045","0","-0.0169222354888916","0","-0.00035365112125873566","0","-0.0169222354888916","False","True","3","1","True"
"left-180","0.3770256042480469","0.32722902297973633","1","-1","-1.1721289157867432","-1.1532227993011475","1","0","0","1","1","1.033333420753479","1","1","1.033333420753479","0.03501930460333824","0.03977053612470627","-0.022360773757100105","-0.016890009865164757","0.03501930832862854","0.036999162286520004","0.031017642468214035","0.0325244665145874","0","0.05438382178544998","-0.017513930797576904","0","-0.017383821308612823","0","-0.0021991897374391556","0","-0.017383821308612823","False","True","3","1","True"
"left-180","0.38871002197265625","0.33853623270988464","1","-1","-1.1721251010894775","-1.1536604166030884","1","0","0","1","1","1.033333420753479","1","1","1.033333420753479","0.03502311930060387","0.039632055908441544","-0.02237003482878208","-0.01904533989727497","0.035023123025894165","0.036999162286520004","0.03109775297343731","0.0324023962020874","0","0.055268846452236176","-0.01792242005467415","0","-0.01826884038746357","0","-0.0046242233365774155","0","-0.01826884038746357","False","True","3","1","True"
"left-180","0.3993959426879883","0.34887751936912537","1","-1","-1.1721289157867432","-1.1546434164047241","1","0","0","1","1","1.033333420753479","1","1","1.033333420753479","0.03501930832862854","0.03920876979827881","-0.02237718179821968","-0.020708568394184113","0.03501930832862854","0.036999162286520004","0.03119693510234356","0.03241002559661865","0","0.05555494874715805","-0.018281864002346992","0","-0.018554946407675743","0","-0.006222745403647423","0","-0.018554946407675743","False","True","3","1","True"
"left-180","0.4115619659423828","0.36065056920051575","1","-1","-1.1721251010894775","-1.1550633907318115","1","0","0","1","1","1.033333420753479","1","1","1.033333420753479","0.035023123025894165","0.03903018683195114","-0.022392388433218002","-0.022821936756372452","0.035023123025894165","0.036999162286520004","0.031345710158348083","0.031853072345256805","0","0.05650482326745987","-0.018757373094558716","0","-0.019504819065332413","0","-0.008634372614324093","0","-0.019504819065332413","False","True","3","1","True"
"left-180","0.4224357604980469","0.3711741864681244","1","-1","-1.1721251010894775","-1.1561219692230225","1","0","0","1","1","1.033333420753479","1","1","1.033333420753479","0.035023126751184464","0.0385049469769001","-0.02240116521716118","-0.02419905923306942","0.035023123025894165","0.036999162286520004","0.03156315162777901","0.03154026344418526","0","0.05687866359949112","-0.01919063739478588","0","-0.01987866312265396","0","-0.009921137243509293","0","-0.01987866312265396","False","True","3","1","True"
"left-180","0.4569540023803711","0.404578298330307","1","-1","-1.1721251010894775","-1.1585404872894287","1","0","0","1","1","1.033333420753479","1","1","1.033333420753479","0.035023123025894165","0.03719991445541382","-0.022443631663918495","-0.028505902737379074","0.035023123025894165","0.03699534758925438","0.032894495874643326","0.028805091977119446","0","0.06099095940589905","-0.02035823091864586","0","-0.02399095520377159","0","-0.014094076119363308","0","-0.02399095520377159","False","True","3","1","True"
"left-180","0.4705181121826172","0.4177054166793823","1","-1","-1.1721289157867432","-1.1586318016052246","1","0","0","1","1","1.033333420753479","1","1","1.033333420753479","0.03501930832862854","0.03716298192739487","-0.02247079461812973","-0.030573494732379913","0.03501930832862854","0.036999162286520004","0.033729925751686096","0.027469931170344353","0","0.06511088460683823","-0.02143160253763199","0","-0.02811087854206562","0","-0.017192859202623367","0","-0.02811087854206562","False","True","3","1","True"
"left-180","0.4819173812866211","0.4287364184856415","1","-1","-1.1721251010894775","-1.1595211029052734","1","0","0","1","1","1.033333420753479","1","1","1.033333420753479","0.03502311930060387","0.036697812378406525","-0.022493964061141014","-0.03204980120062828","0.035023123025894165","0.036999162286520004","0.03456154093146324","0.02665739133954048","0","0.06790327280759811","-0.02217511646449566","0","-0.030903272330760956","0","-0.01894787698984146","0","-0.030903272330760956","False","True","3","1","True"
"left-180","0.49384403228759766","0.4402787685394287","1","-1","-1.1721251010894775","-1.1595124006271362","1","0","0","1","1","1.033333420753479","1","1","1.033333420753479","0.035023123025894165","0.03670358285307884","-0.0220782533288002","-0.03373591601848602","0.035023123025894165","0.036999162286520004","0.03554574400186539","0.025539672002196312","0","0.07179813086986542","-0.023258866742253304","0","-0.03479812294244766","0","-0.021723151206970215","0","-0.03479812294244766","False","True","3","1","True"
"left-180","0.5047683715820312","0.4508502781391144","1","-1","-1.1721251010894775","-1.1603035926818848","1","0","0","1","1","1.033333420753479","1","1","1.033333420753479","0.035023123025894165","0.036282651126384735","-0.019963720813393593","-0.0333506278693676","0.035023123025894165","0.036999162286520004","0.03653757646679878","0.024868277832865715","0","0.0744379311800003","-0.02591451071202755","0","-0.03743792697787285","0","-0.023571990430355072","0","-0.03743792697787285","False","True","3","1","True"
"left-180","0.5199356079101562","0.4655289947986603","1","-1","-1.1721251010894775","-1.1611003875732422","1","0","0","1","1","1.033333420753479","1","1","1.033333420753479","0.035023123025894165","0.03581370785832405","-0.01703779399394989","-0.033018745481967926","0.035023123025894165","0.036999162286520004","0.038063473999500275","0.024273177608847618","0","0.07806193828582764","-0.02953213080763817","0","-0.04106193408370018","0","-0.02639136090874672","0","-0.04106193408370018","False","True","3","1","True"
"left-180","0.5328750610351562","0.4780505895614624","1","-1","-1.1721289157867432","-1.1610749959945679","1","0","0","1","1","1.033333420753479","1","1","1.033333420753479","0.03501931205391884","0.035776615142822266","-0.014728816226124763","-0.033072151243686676","0.03501930832862854","0.03699534758925438","0.03949018940329552","0.02383066713809967","0","0.08152572810649872","-0.03246316686272621","0","-0.04452572017908096","0","-0.029341207817196846","0","-0.04452572017908096","False","True","3","1","True"
"left-180","0.5663967132568359","0.5104913115501404","1","-1","-1.1587539911270142","-1.1604400873184204","0","0.17000000178813934","0","1","1","1.033333420753479","1","1","1.033333420753479","0.05079507455229759","0.03698865696787834","-0.007002196740359068","-0.03249230980873108","0.04704337939620018","0.03699534758925438","0.05692356452345848","0.017746152356266975","0","0.05086662992835045","-0.026362521573901176","0.04704337939620018","-0.013866627588868141","-0.0021419040858745575","-0.02387363463640213","0.04704337939620018","-0.039319880306720734","True","True","1","2","True"
"left-180","0.5806951522827148","0.524328351020813","1","-1","-1.15156888961792","-1.1606343984603882","0","0.3400000035762787","0","1","1","1.033333420753479","1","1","1.033333420753479","0.057979632169008255","0.03683852404356003","-0.00520163681358099","-0.03245064616203308","0.054237984120845795","0.036999162286520004","0.06584243476390839","0.020664429292082787","0","0.03803383186459541","-0.022376667708158493","0.05423798784613609","-0.001033830689266324","0.003655117005109787","-0.01969161443412304","0.05423798784613609","-0.0352313295006752","True","True","1","3","True"
"left-180","0.5923614501953125","0.5356181263923645","1","-1","-1.1457105875015259","-1.1605701446533203","0","0.5099999904632568","0","1","1","1.033333420753479","1","1","1.033333420753479","0.06401512026786804","0.036902714520692825","-0.003759664250537753","-0.03245178982615471","0.05988762155175209","0.036999162286520004","0.07318200170993805","0.023498784750699997","0","0.02721521630883217","-0.019206728786230087","0.05988762155175209","0.009784781374037266","0.0078812837600708","-0.016586892306804657","0.05988762155175209","-0.032303325831890106","True","True","1","3","True"
"left-180","0.6025228500366211","0.5454514622688293","1","-1","-1.1409521102905273","-1.1606369018554688","0","0.6793516874313354","0","1","1","1.033333420753479","1","1","1.033333420753479","0.06866877526044846","0.03683599829673767","-0.0028937170282006264","-0.032448746263980865","0.06475141644477844","0.03699534758925438","0.0795259177684784","0.026092810556292534","0","0.017571546137332916","-0.016633665189146996","0.06475141644477844","0.019428452476859093","0.01153232529759407","-0.01394600234925747","0.06475141644477844","-0.029864231124520302","True","True","1","3","True"
"left-180","0.6145830154418945","0.5571231842041016","1","-1","-1.135824203491211","-1.1605422496795654","0","0.849351704120636","0","1","1","1.033333420753479","1","1","1.033333420753479","0.07396859675645828","0.036930568516254425","-0.001711147022433579","-0.03245404362678528","0.06965336203575134","0.036999162286520004","0.08686167001724243","0.029278120025992393","0","0.008893003687262535","-0.013874360360205173","0.06965336203575134","0.028106993064284325","0.01507507637143135","-0.011283991858363152","0.06965336203575134","-0.027463162317872047","True","True","1","3","True"
"left-180","0.6251974105834961","0.5673952102661133","1","-1","-1.1315581798553467","-1.162453532218933","0","1","0","1","1","1.033333420753479","1","1","1.033333420753479","0.07809402793645859","0.03501931577920914","-0.0010550105944275856","-0.032455384731292725","0.0740593895316124","0.03501930832862854","0.093545101583004","0.029423080384731293","0","0","-0.011734907515347004","0.0740593895316124","0","0.01815188303589821","0","0.0740593895316124","0","True","False","1","3","True"
"left-180","0.6366586685180664","0.5784860849380493","1","-1","-1.1271705627441406","-1.1624497175216675","0","1","0","1","1","1.033333420753479","1","1","1.033333420753479","0.0823129415512085","0.03502313047647476","-0.0004599108942784369","-0.03245668485760689","0.07862182706594467","0.035023123025894165","0.10066723078489304","0.029407821595668793","0","0","-0.009725549258291721","0.07862182706594467","0","0.021100878715515137","0","0.07862182706594467","0","True","False","1","3","True"
"left-180","0.6706113815307617","0.6113443374633789","1","-1","-1.1144081354141235","-1.1624497175216675","0","1","0","1","1","1.033333420753479","1","1","1.033333420753479","0.09515277296304703","0.03502313047647476","0.0012338347733020782","-0.03247091919183731","0.09105025976896286","0.035023123025894165","0.12073659151792526","0.029301008209586143","0","0","-0.005385358352214098","0.09105025976896286","0","0.02672058343887329","0","0.09105025976896286","0","True","False","1","3","True"
"left-180","0.6827402114868164","0.6230812072753906","1","-1","-1.1090201139450073","-1.1624497175216675","0","1","0","1","1","1.033333420753479","1","1","1.033333420753479","0.10027161240577698","0.03502313047647476","0.0013902393402531743","-0.03247939795255661","0.09666556119918823","0.035023123025894165","0.1280876100063324","0.029217084869742393","0","0","-0.0043218787759542465","0.09666556119918823","0","0.028437770903110504","0","0.09666556119918823","0","True","False","1","3","True"
"left-180","0.693577766418457","0.6335697770118713","1","-1","-1.104083776473999","-1.162453532218933","0","1","0","1","1","1.033333420753479","1","1","1.033333420753479","0.10533083230257034","0.03501931577920914","0.001973895588889718","-0.032485976815223694","0.10128903388977051","0.03501930832862854","0.13392797112464905","0.02914460375905037","0","0","-0.0035386988893151283","0.10128903388977051","0","0.029367700219154358","0","0.10128903388977051","0","True","False","1","3","True"
"left-180","0.7043037414550781","0.6439489722251892","1","-1","-1.0988869667053223","-1.1624497175216675","0","1","0","1","1","1.033333420753479","1","1","1.033333420753479","0.11063595861196518","0.03502313047647476","0.002694882219657302","-0.032493408769369125","0.10616426914930344","0.035023123025894165","0.1395242065191269","0.029079753905534744","0","0","-0.002895364537835121","0.10616427659988403","0","0.03030349314212799","0","0.10616427659988403","0","True","False","1","3","True"
"left-180","0.7155094146728516","0.6547938585281372","1","-1","-1.0932049751281738","-1.1624497175216675","0","1","0","1","1","1.033333420753479","1","1","1.033333420753479","0.1153767853975296","0.035023126751184464","0.0026300307363271713","-0.03249802067875862","0.1129697784781456","0.035023123025894165","0.1462457776069641","0.029018718749284744","0","0","-0.0023414213210344315","0.1129697784781456","0","0.03285645693540573","0","0.1129697784781456","0","True","False","1","3","True"
"left-180","0.727665901184082","0.6665574312210083","1","-1","-1.0871213674545288","-1.1624497175216675","0","1","0","1","1","1.033333420753479","1","1","1.033333420753479","0.12149117887020111","0.03502313047647476","0.003938488662242889","-0.0325014591217041","0.11874911189079285","0.035023123025894165","0.18639977276325226","0.02896912582218647","0","0","-0.0018544301856309175","0.11874911189079285","0","0.03431814908981323","0","0.11874911189079285","0","True","False","1","3","True"
"left-180","0.7388134002685547","0.6773456335067749","1","-1","-1.081872820854187","-1.162453532218933","0","1","0","1","1","1.033333420753479","1","1","1.033333420753479","0.1261277049779892","0.03501931577920914","0.004834952764213085","-0.03250560164451599","0.12464670091867447","0.03501930832862854","0.184252068400383","0.028950052335858345","0","0","-0.0014939979882910848","0.12464670836925507","0","0.036834269762039185","0","0.12464670836925507","0","True","False","1","3","True"
"left-180","0.7747821807861328","0.7121546268463135","1","-1","-1.0677850246429443","-1.162453532218933","0","1","0","1","1","1.033333420753479","1","1","1.033333420753479","0.13923311233520508","0.03501931205391884","0.009927635081112385","-0.03250928595662117","0.13943646848201752","0.03501930832862854","0.197111576795578","0.02899201586842537","0","0","-0.0007332120439969003","0.13943646848201752","0","0.044374242424964905","0","0.13943646848201752","0","True","False","1","3","True"
"left-180","0.7880964279174805","0.7250392436981201","1","-1","-1.0640382766723633","-1.162453532218933","0","1","0","1","1","1.033333420753479","1","1","1.033333420753479","0.1420845091342926","0.03501931577920914","0.011350534856319427","-0.03250722959637642","0.14423160254955292","0.03501930832862854","0.19850395619869232","0.029018716886639595","0","0","-0.0005612265085801482","0.14423160254955292","0","0.04791255295276642","0","0.14423160254955292","0","True","False","1","3","True"
"left-180","0.7991132736206055","0.7357000708580017","1","-1","-1.0612845420837402","-1.162453532218933","0","1","0","1","1","1.033333420753479","1","1","1.033333420753479","0.14392490684986115","0.03501931577920914","0.012277518399059772","-0.032501813024282455","0.14649374783039093","0.03501930832862854","0.19670720398426056","0.029041606932878494","0","0","-0.00044922553934156895","0.14649374783039093","0","0.04937191307544708","0","0.14649374783039093","0","True","False","1","3","True"
"left-180","0.8109550476074219","0.7471606731414795","1","-1","-1.0586782693862915","-1.1624497175216675","0","1","0","1","1","1.033333420753479","1","1","1.033333420753479","0.14633339643478394","0.035023126751184464","0.013894968666136265","-0.03249616175889969","0.14918313920497894","0.035023123025894165","0.19903038442134857","0.029056865721940994","0","0","-0.00035310801467858255","0.14918313920497894","0","0.051365628838539124","0","0.14918313920497894","0","True","False","1","3","True"
"left-180","0.8220396041870117","0.7578868269920349","1","-1","-1.0570553541183472","-1.1624497175216675","0","1","0","1","1","1.033333420753479","1","1","1.033333420753479","0.1470073163509369","0.03502313047647476","0.014200148172676563","-0.032490573823451996","0.15060603618621826","0.035023123025894165","0.19394151866436005","0.029079752042889595","0","0","-0.0002815307234413922","0.15060603618621826","0","0.05249227583408356","0","0.15060603618621826","0","True","False","1","3","True"
"left-180","0.8334884643554688","0.7689666152000427","1","-1","-1.0561680793762207","-1.1624497175216675","0","1","0","1","1","1.033333420753479","1","1","1.033333420753479","0.14773398637771606","0.035023126751184464","0.01480669341981411","-0.03248210251331329","0.15151776373386383","0.035023123025894165","0.19377367198467255","0.029102642089128494","0","0","-0.0002225282514700666","0.15151776373386383","0","0.053344905376434326","0","0.15151776373386383","0","True","False","1","3","True"
"left-180","0.8440103530883789","0.7791492938995361","1","-1","-1.0559444427490234","-1.1624497175216675","0","1","0","1","1","1.033333420753479","1","1","1.033333420753479","0.14704197645187378","0.03502313047647476","0.014097149483859539","-0.03247086703777313","0.15143384039402008","0.035023123025894165","0.18531256914138794","0.02912934496998787","0","0","-0.00017910226597450674","0.15143384039402008","0","0.05328540503978729","0","0.15143384039402008","0","True","False","1","3","True"
"left-180","0.87847900390625","0.812506377696991","1","-1","-1.058998465538025","-1.1624497175216675","0","1","0","1","1","1.033333420753479","1","1","1.033333420753479","0.1420554369688034","0.03502313047647476","0.010179407894611359","-0.03243013098835945","0.14750082790851593","0.035023123025894165","0.16336634755134583","0.02919800952076912","0","0","-8.727687236387283E-05","0.14750082790851593","0","0.050512753427028656","0","0.14750082790851593","0","True","False","1","3","True"
"left-180","0.8918952941894531","0.825489342212677","1","-1","-1.061608910560608","-1.1624497175216675","0","1","0","1","1","1.033333420753479","1","1","1.033333420753479","0.139357328414917","0.03502313047647476","0.008428441360592842","-0.032406069338321686","0.14483432471752167","0.035023123025894165","0.1592540591955185","0.029209455475211143","0","0","-6.586537347175181E-05","0.14483432471752167","0","0.04881627857685089","0","0.14483432471752167","0","True","False","1","3","True"
"left-180","0.9022445678710938","0.8355051875114441","1","-1","-1.0644816160202026","-1.162453532218933","0","1","0","1","1","1.033333420753479","1","1","1.033333420753479","0.13582193851470947","0.03501931577920914","0.00618801498785615","-0.032390400767326355","0.1414048671722412","0.03501930832862854","0.15469543635845184","0.02921327017247677","0","0","-5.297483949107118E-05","0.1414048671722412","0","0.04670584201812744","0","0.1414048671722412","0","True","False","1","3","True"
"left-180","0.9138689041137695","0.8467546105384827","1","-1","-1.0679147243499756","-1.1624497175216675","0","1","0","1","1","1.033333420753479","1","1","1.033333420753479","0.13230173289775848","0.03502313047647476","0.004089906811714172","-0.03236767649650574","0.1378915011882782","0.035023123025894165","0.14991556107997894","0.02921327017247677","0","0","-4.1446215618634596E-05","0.1378915011882782","0","0.04462601989507675","0","0.1378915011882782","0","True","False","1","3","True"
"left-180","0.9237766265869141","0.8563429117202759","1","-1","-1.0715981721878052","-1.1624497175216675","0","1","0","1","1","1.033333420753479","1","1","1.033333420753479","0.12825608253479004","0.03502313047647476","0.001823949278332293","-0.03234517201781273","0.1335846483707428","0.035023123025894165","0.14452151954174042","0.029209455475211143","0","0","-3.360494156368077E-05","0.1335846483707428","0","0.04210647940635681","0","0.1335846483707428","0","True","False","1","3","True"
"left-180","0.9350709915161133","0.8672723174095154","1","-1","-1.0761919021606445","-1.1624497175216675","0","1","0","1","1","1.033333420753479","1","1","1.033333420753479","0.12357372790575027","0.03502313047647476","-0.0005984132876619697","-0.03231870010495186","0.1288658082485199","0.035023123025894165","0.1385628879070282","0.02920563891530037","0","0","-2.6441412046551704E-05","0.1288658082485199","0","0.03965526819229126","0","0.1288658082485199","0","True","False","1","3","True"
"left-180","0.9462347030639648","0.8780761957168579","1","-1","-1.08090078830719","-1.1624497175216675","0","1","0","1","1","1.033333420753479","1","1","1.033333420753479","0.11846509575843811","0.03502313047647476","-0.003467100439593196","-0.032292697578668594","0.12347176671028137","0.035023123025894165","0.1321045309305191","0.029194194823503494","0","0","-2.0849161955993623E-05","0.12347176671028137","0","0.036508798599243164","0","0.12347176671028137","0","True","False","1","3","True"
"left-180","0.9826517105102539","0.9133181571960449","1","-1","-1.0981794595718384","-1.162453532218933","0","1","0","1","1","1.033333420753479","1","1","1.033333420753479","0.10019208490848541","0.03501931205391884","-0.013194695115089417","-0.032190222293138504","0.10453537851572037","0.03501930832862854","0.11119592189788818","0.02917512319982052","0","0","-9.551747098157648E-06","0.10453537851572037","0","0.026125453412532806","0","0.10453537851572037","0","True","False","1","3","True"
"left-180","0.9971733093261719","0.9273711442947388","1","-1","-1.1057820320129395","-1.1624497175216675","0","1","0","1","1","1.033333420753479","1","1","1.033333420753479","0.09210719168186188","0.03502313047647476","-0.01715058460831642","-0.03214322775602341","0.09610860794782639","0.035023123025894165","0.1032421812415123","0.02918275259435177","0","0","-6.988534551055636E-06","0.09610479325056076","0","0.021827690303325653","0","0.09610479325056076","0","True","False","1","3","True"
"left-180","1.0094852447509766","0.939286470413208","1","-1","-1.1121619939804077","-1.1624497175216675","0","1","0","1","1","1.033333420753479","1","1","1.033333420753479","0.08562417328357697","0.03502313047647476","-0.020091751590371132","-0.032099705189466476","0.08959303051233292","0.035023123025894165","0.09728354960680008","0.029194194823503494","0","0","-5.359202532417839E-06","0.08959303051233292","0","0.018861591815948486","0","0.08959303051233292","0","True","False","1","3","True"
"left-180","1.021946907043457","0.9513463973999023","1","-1","-1.1188896894454956","-1.162453532218933","0","1","0","1","1","1.033333420753479","1","1","1.033333420753479","0.07843804359436035","0.03501931205391884","-0.023235099390149117","-0.032053034752607346","0.08205890655517578","0.03501930832862854","0.09055052697658539","0.02919800952076912","0","0","-4.094146788702346E-06","0.08205890655517578","0","0.015370242297649384","0","0.08205890655517578","0","True","False","1","3","True"
"left-180","1.0349254608154297","0.9639056324958801","1","-1","-1.1253490447998047","-1.1624497175216675","0","1","0","1","1","1.033333420753479","1","1","1.033333420753479","0.07188798487186432","0.03502313047647476","-0.02588634565472603","-0.032004475593566895","0.07547084987163544","0.035023123025894165","0.08479408174753189","0.029209455475211143","0","0","-3.0911444355297135E-06","0.07547084987163544","0","0.012681007385253906","0","0.07547084987163544","0","True","False","1","3","True"
"left-180","1.045811653137207","0.97444087266922","1","-1","-1.1297844648361206","-1.1624497175216675","0","1","0","1","1","1.033333420753479","1","1","1.033333420753479","0.06703555583953857","0.03502313047647476","-0.028312522917985916","-0.03195736184716225","0.07029423862695694","0.035023123025894165","0.08016679435968399","0.02923615835607052","0","0","-2.441123569951742E-06","0.07029423862695694","0","0.009930644184350967","0","0.07029423862695694","0","True","False","1","3","True"
"left-180","1.0592164993286133","0.9874130487442017","1","-1","-1.1342588663101196","-1.162453532218933","0","1","0","1","1","1.033333420753479","1","1","1.033333420753479","0.06217281147837639","0.03501931577920914","-0.031032435595989227","-0.031886354088783264","0.06511382013559341","0.03501930832862854","0.07561199367046356","0.029339157044887543","0","0","-1.8241443058286677E-06","0.06511382013559341","0","0.006896868348121643","0","0.06511382013559341","0","True","False","1","3","True"
"left-180","1.0973014831542969","1.024269700050354","1","-1","-1.1401569843292236","-1.162453532218933","0","1","0","1","1","1.033333420753479","1","1","1.033333420753479","0.055826932191848755","0.03501931205391884","-0.033359427005052567","-0.02786681428551674","0.05831976234912872","0.03501930832862854","0.06850512325763702","0.027569115161895752","0","0","-7.941745820971846E-07","0.05831976234912872","0","0.004121694713830948","0","0.05831976234912872","0","True","False","1","3","True"
"left-180","1.1117076873779297","1.0366636514663696","0.7109034657478333","0","-1.1417738199234009","-1.162453532218933","0","1","0","1","1","1.1623708009719849","1","1","1.033333420753479","0.05415545776486397","0.03501931577920914","-0.03338613361120224","-0.026548713445663452","0.05667179077863693","0.03501930832862854","0.06675416231155396","0.02728300914168358","0","0","-5.793761488348537E-07","0.05667179450392723","0","0.004118502140045166","0","0.05667179450392723","0","True","False","1","3","False"
"left-180","1.1236457824707031","1.046527624130249","0.5568031072616577","0","-1.1411586999893188","-1.1624497175216675","0","1","0","1","1","1.2102642059326172","1","1","1.033333420753479","0.05458751320838928","0.03502313047647476","-0.033573053777217865","-0.025819478556513786","0.05703800916671753","0.035023123025894165","0.06717759370803833","0.02716856636106968","0","0","-4.4601137005884084E-07","0.05703800916671753","0","0.0038657374680042267","0","0.05703800916671753","0","True","False","1","3","False"
"left-180","1.1376457214355469","1.057563304901123","0.3985975384712219","0","-1.1428556442260742","-1.1752049922943115","0","0","0","1","1","1.2686607837677002","1","1","1.033333420753479","0.0527363121509552","0.022267885506153107","-0.03373327478766441","-0.025708843022584915","0.055035267025232315","0.03699534758925438","0.06506804376840591","0.029838886111974716","0","0.04495377838611603","-3.2798570259728876E-07","0.055035267025232315","-0.007953775115311146","0.003553975373506546","0.02399430051445961","0.055035267025232315","-0.007953775115311146","True","True","1","1","False"
"left-180","1.1506767272949219","1.0674102306365967","0.27285969257354736","0","-1.1441669464111328","-1.1752355098724365","0","0","0","1","1","1.3233095407485962","1","1","1.033333420753479","0.05139901489019394","0.02986554056406021","-0.03376379236578941","-0.018587570637464523","0.053627628833055496","0.036999158561229706","0.0635993704199791","0.02992662601172924","0","0.044499821960926056","-2.462930694946408E-07","0.053627628833055496","-0.00749982101842761","0.003453116863965988","0.023521725088357925","0.053627628833055496","-0.00749982101842761","True","True","1","1","False"
"left-180","1.1634654998779297","1.076704978942871","0.16887284815311432","0","-1.1451712846755981","-1.1754223108291626","0","0","0","1","1","1.3759262561798096","1","1","1.033333420753479","0.050285592675209045","0.029873885214328766","-0.03388204798102379","-0.019354334101080894","0.05235731974244118","0.036999162286520004","0.0622718371450901","0.029693927615880966","0","0.04438919574022293","-1.8586510464047024E-07","0.05235350504517555","-0.0073891934007406235","0.0031741559505462646","0.022746620699763298","0.05235350504517555","-0.0073891934007406235","True","True","1","1","False"
"left-180","1.2006464004516602","0.43308913707733154","0","0","-1.1469043493270874","-1.1756922006607056","0","0","0","1","1","1.9500000476837158","1","1","0","0.04839855432510376","0.029890023171901703","-0.03403463959693909","-0.02208569087088108","0.05016384273767471","0.036999162286520004","0.059921953827142715","0.029472671449184418","0","0.0453772135078907","-8.173700649649618E-08","0.05016384273767471","-0.008377211168408394","0.0027189478278160095","0.019999124109745026","0.05016384273767471","-0.008377211168408394","True","True","1","1","False"
"left-180","1.214385986328125","0.4401349723339081","0","0","-1.158310890197754","-1.1756985187530518","0.17000000178813934","0","1","1","1","1.9500000476837158","1","1","0","0.03699208050966263","0.029884053394198418","-0.03403463959693909","-0.022013209760189056","0.03699534758925438","0.036999158561229706","0.0282328799366951","0.029186565428972244","0.030701894313097","0.04648730158805847","-0.0005343225784599781","0.006298106163740158","-0.009487302042543888","0.0004228590987622738","0.019543513655662537","0.04715898260474205","-0.009487302042543888","True","True","2","1","False"
"left-180","1.227065086364746","0.44663718342781067","0","0","-1.1582891941070557","-1.1757615804672241","0.3400000035762787","0","1","1","1","1.9500000476837158","1","1","0","0.03703349456191063","0.0298808291554451","-0.03401568904519081","-0.021883510053157806","0.03699534758925438","0.036999158561229706","0.029526079073548317","0.02865631692111492","0.025567248463630676","0.04799412935972214","-0.0016275804955512285","0.011432751081883907","-0.010994126088917255","-0.0006944369524717331","0.018581602722406387","0.04584673047065735","-0.010994126088917255","True","True","3","1","False"
"left-180","1.2396249771118164","0.45307812094688416","0","0","-1.1582826375961304","-1.1758111715316772","0.5099999904632568","0","1","1","1","1.9500000476837158","1","1","0","0.03703997656702995","0.02987411618232727","-0.034014418721199036","-0.021769067272543907","0.03699534758925438","0.036999158561229706","0.03073153831064701","0.028129883110523224","0.02016175538301468","0.04971076175570488","-0.0029539617244154215","0.01683824323117733","-0.012710761278867722","-0.002023361623287201","0.017379043623805046","0.044914811849594116","-0.012710761278867722","True","True","3","1","False"
"left-180","1.2522821426391602","0.45956915616989136","0","0","-1.158294916152954","-1.1758081912994385","0.6800000071525574","0","1","1","1","1.9500000476837158","1","1","0","0.037027738988399506","0.029877183958888054","-0.034014493227005005","-0.021692771464586258","0.036999162286520004","0.036999158561229706","0.031784407794475555","0.02771407552063465","0.014309938997030258","0.051515135914087296","-0.004374067764729261","0.02269005961716175","-0.014515134505927563","-0.0034302864223718643","0.016029372811317444","0.04417325183749199","-0.014515134505927563","True","True","3","1","False"
"left-180","1.2633647918701172","0.46525242924690247","0","0","-1.1583116054534912","-1.1758447885513306","0.8500000238418579","0","1","1","1","1.9500000476837158","1","1","0","0.037011001259088516","0.029877377673983574","-0.034015506505966187","-0.021589774638414383","0.03699534758925438","0.03699534386396408","0.032741907984018326","0.02729826793074608","0.00795457512140274","0.05298381298780441","-0.0056172325275838375","0.02904542163014412","-0.015983808785676956","-0.004661981016397476","0.01488475687801838","0.04364324361085892","-0.015983808785676956","True","True","3","1","False"
"left-180","1.2757892608642578","0.4716240167617798","0","0","-1.1603147983551025","-1.1758676767349243","1","0","1","1","1","1.9500000476837158","1","1","0","0.03500787168741226","0.029881088063120842","-0.03401536867022514","-0.021490590646862984","0.035007864236831665","0.036999162286520004","0.03118930757045746","0.025219231843948364","0","0.06257408112287521","-0.015038910321891308","0","-0.025574075058102608","0","0.005565440282225609","0","-0.025574075058102608","False","True","3","1","False"
"left-180","1.312321662902832","0.4903586804866791","0","0","-1.1603381633758545","-1.169424295425415","1","0.09133150428533554","1","1","1","1.9500000476837158","1","1","0","0.03498448431491852","0.04346681013703346","-0.03401447460055351","-0.045809581875801086","0.035007864236831665","0.036999162286520004","0.03115878999233246","0.011268716305494308","0","0.03664526343345642","-0.016836510971188545","0","0.00035473512252792716","0","-0.0024766467977315187","0","-0.03413982689380646","False","True","3","3","False"
"left-180","1.3243694305419922","0.49653708934783936","0","0","-1.1601675748825073","-1.1687926054000854","1","0.12145125865936279","1","1","1","1.9500000476837158","1","1","0","0.03498829901218414","0.03699226304888725","-0.03418341279029846","-0.021185411140322685","0.03501167893409729","0.036999162286520004","0.031147345900535583","0.010513396933674812","0","0.035676319152116776","-0.017125260084867477","0","0.0013236801605671644","0","-0.003327215788885951","0","-0.03509460762143135","False","True","3","3","False"
"left-180","1.3370780944824219","0.5030542016029358","0","0","-1.1601638793945312","-1.1687923669815063","1","0.1532222479581833","1","1","1","1.9500000476837158","1","1","0","0.03498829901218414","0.036992449313402176","-0.03418722748756409","-0.02112056128680706","0.03501167893409729","0.036999162286520004","0.03113589994609356","0.01108179334551096","0","0.03469211608171463","-0.017466561868786812","0","0.0023078846279531717","0","-0.003605880541726947","0","-0.03544420376420021","False","True","3","3","False"
"left-180","1.349848747253418","0.5096033215522766","0","0","-1.1601641178131104","-1.1687959432601929","1","0.18514923751354218","1","1","1","1.9500000476837158","1","1","0","0.034988295286893845","0.03698882460594177","-0.03418722748756409","-0.02105952426791191","0.035007864236831665","0.036999162286520004","0.03112064115703106","0.011669264174997807","0","0.03365831822156906","-0.017773492261767387","0","0.0033416799269616604","0","-0.003846399486064911","0","-0.03570634126663208","False","True","3","3","False"
"left-180","1.3609437942504883","0.5152928829193115","0","0","-1.160151720046997","-1.1688157320022583","1","0.2128859907388687","1","1","1","1.9500000476837158","1","1","0","0.03498448431491852","0.036988988518714905","-0.03420248627662659","-0.020987045019865036","0.035007864236831665","0.036999162286520004","0.031109198927879333","0.012207143008708954","0","0.032651226967573166","-0.01793641783297062","0","0.004348772577941418","0","-0.0039381179958581924","0","-0.03580769896507263","False","True","3","3","False"
"left-180","1.375462532043457","0.5227385759353638","0","0","-1.1601451635360718","-1.1688222885131836","1","0.2491837441921234","1","1","1","1.9500000476837158","1","1","0","0.03498448431491852","0.03698539361357689","-0.03421393036842346","-0.020929822698235512","0.035007864236831665","0.036999162286520004","0.03109775297343731","0.012928130105137825","0","0.03131988272070885","-0.01810877025127411","0","0.005680117290467024","0","-0.004048962611705065","0","-0.03590960055589676","False","True","3","3","False"
"left-180","1.3880043029785156","0.5291702747344971","0","0","-1.1601377725601196","-1.1688222885131836","1","0.28053826093673706","1","1","1","1.9500000476837158","1","1","0","0.03498829901218414","0.036985576152801514","-0.03421393036842346","-0.020880231633782387","0.03501167893409729","0.036999162286520004","0.03109012357890606","0.013557562604546547","0","0.030175460502505302","-0.018270151689648628","0","0.006824539974331856","0","-0.004159777425229549","0","-0.03600018471479416","False","True","3","3","False"
"left-180","1.4241113662719727","0.5476864576339722","0","0","-1.1601356267929077","-1.1688321828842163","1","0.3708047568798065","1","1","1","1.9500000476837158","1","1","0","0.03498448431491852","0.03697848692536354","-0.03422155976295471","-0.020773420110344887","0.03500404953956604","0.036999162286520004","0.031063420698046684","0.015453489497303963","0","0.02671930193901062","-0.0185039471834898","0","0.010280697606503963","0","-0.004282386973500252","0","-0.03605310246348381","False","True","3","3","False"
"left-180","1.4372615814208984","0.5544301867485046","0","0","-1.1601321697235107","-1.1688355207443237","1","0.4036805033683777","1","1","1","1.9500000476837158","1","1","0","0.03498448431491852","0.03697868436574936","-0.034225378185510635","-0.020746715366840363","0.035007864236831665","0.036999162286520004","0.031063420698046684","0.016159217804670334","0","0.02553291618824005","-0.01871085725724697","0","0.011467083357274532","0","-0.00446187611669302","0","-0.036246106028556824","False","True","3","3","False"
"left-180","1.4489994049072266","0.560449481010437","0","0","-1.1601321697235107","-1.1688354015350342","1","0.43302449584007263","1","1","1","1.9500000476837158","1","1","0","0.03498448431491852","0.03697885572910309","-0.03422537446022034","-0.020735271275043488","0.035007864236831665","0.036999162286520004","0.03105960600078106","0.016819167882204056","0","0.024369418621063232","-0.01870952546596527","0","0.012630579993128777","0","-0.004450606182217598","0","-0.036177150905132294","False","True","3","3","False"
"left-180","1.460097312927246","0.5661407709121704","0","0","-1.1601324081420898","-1.168834924697876","1","0.46076950430870056","1","1","1","1.9500000476837158","1","1","0","0.034984488040208817","0.03697902336716652","-0.03422537446022034","-0.020727641880512238","0.03500404953956604","0.036999162286520004","0.031055791303515434","0.017456229776144028","0","0.023266958072781563","-0.018705587834119797","0","0.01373304147273302","0","-0.004435512237250805","0","-0.03611203655600548","False","True","3","3","False"
"left-180","1.4715194702148438","0.5719981789588928","0","0","-1.1601322889328003","-1.1688348054885864","1","0.48932451009750366","1","1","1","1.9500000476837158","1","1","0","0.034984488040208817","0.03697538003325462","-0.034225378185510635","-0.020735271275043488","0.035007864236831665","0.036999162286520004","0.031055791303515434","0.018112367019057274","0","0.022137794643640518","-0.018698105588555336","0","0.014862204901874065","0","-0.004435681737959385","0","-0.036054644733667374","False","True","3","3","False"
"left-180","1.4817113876342773","0.577224850654602","0","0","-1.1601325273513794","-1.1688421964645386","1","0.514804482460022","1","1","1","1.9500000476837158","1","1","0","0.03498448431491852","0.03696789965033531","-0.03422537446022034","-0.020750530064105988","0.03500404953956604","0.03699534758925438","0.03105960600078106","0.01870746538043022","0","0.021130701526999474","-0.018687965348362923","0","0.015869297087192535","0","-0.004435833543539047","0","-0.036004915833473206","False","True","3","3","False"
"left-180","1.493398666381836","0.5832184553146362","0","0","-1.1601325273513794","-1.1688345670700073","1","0.5440232157707214","1","1","1","1.9500000476837158","1","1","0","0.034984488040208817","0.03697570785880089","-0.03422537446022034","-0.020781047642230988","0.035007864236831665","0.036999162286520004","0.03106723539531231","0.019401749595999718","0","0.019990094006061554","-0.018671395257115364","0","0.017009904608130455","0","-0.0044550821185112","0","-0.03595899045467377","False","True","3","3","False"
"left-180","1.529353141784668","0.6016568541526794","0","0","-1.1601262092590332","-1.1688345670700073","1","0.6339104771614075","1","1","1","1.9500000476837158","1","1","0","0.03498829901218414","0.03696479648351669","-0.03422918915748596","-0.020945081487298012","0.03501167893409729","0.03699534758925438","0.031078679487109184","0.021564709022641182","0","0.016453824937343597","-0.018557550385594368","0","0.020546171814203262","0","-0.0044975802302360535","0","-0.0357753224670887","False","True","3","3","False"
"left-180","1.543614387512207","0.6089699268341064","0","0","-1.160130500793457","-1.1688272953033447","1","0.6695617437362671","1","1","1","1.9500000476837158","1","1","0","0.03498448431491852","0.036965008825063705","-0.03422537446022034","-0.021032821387052536","0.035007864236831665","0.036999162286520004","0.03108249418437481","0.022457359358668327","0","0.01505381427705288","-0.01849772036075592","0","0.02194618433713913","0","-0.004520680755376816","0","-0.03566416725516319","False","True","3","3","False"
"left-180","1.5562715530395508","0.615460991859436","0","0","-1.1601308584213257","-1.1688276529312134","1","0.7012057304382324","1","1","1","1.9500000476837158","1","1","0","0.03498448431491852","0.036961380392313004","-0.03422537446022034","-0.02111293189227581","0.035007864236831665","0.03699534758925438","0.031086308881640434","0.023258455097675323","0","0.01380639337003231","-0.01843605935573578","0","0.02319360338151455","0","-0.004539944231510162","0","-0.03557620197534561","False","True","3","3","False"
"left-180","1.5689640045166016","0.6219701170921326","0","0","-1.1601275205612183","-1.1688166856765747","1","0.732937753200531","1","1","1","1.9500000476837158","1","1","0","0.03498829901218414","0.03696538507938385","-0.03422537446022034","-0.021200669929385185","0.03501167893409729","0.036999162286520004","0.03109012357890606","0.024086253717541695","0","0.012558972463011742","-0.018366418778896332","0","0.024441026151180267","0","-0.0045592039823532104","0","-0.035492051392793655","False","True","3","3","False"
"left-180","1.579747200012207","0.6274999380111694","0","0","-1.1601279973983765","-1.1688170433044434","1","0.7598955035209656","1","1","1","1.9500000476837158","1","1","0","0.03498829901218414","0.03696173056960106","-0.03422537446022034","-0.021276965737342834","0.03501167893409729","0.03699534758925438","0.031093938276171684","0.024791982024908066","0","0.011494658887386322","-0.018302062526345253","0","0.025505339726805687","0","-0.0045708101242780685","0","-0.03541174530982971","False","True","3","3","False"
"left-180","1.5937919616699219","0.6347019672393799","0","0","-1.1601324081420898","-1.168813705444336","1","0.7950055003166199","1","1","1","1.9500000476837158","1","1","0","0.03498448058962822","0.03695812448859215","-0.03422537446022034","-0.02137996256351471","0.035007864236831665","0.03699534758925438","0.031093938276171684","0.025726594030857086","0","0.010102275758981705","-0.018212275579571724","0","0.026897720992565155","0","-0.004578646272420883","0","-0.035293277353048325","False","True","3","3","False"
"left-180","1.6287117004394531","0.6526095271110535","0","0","-1.1601300239562988","-1.1687995195388794","1","0.8823047280311584","1","1","1","1.9500000476837158","1","1","0","0.03498830273747444","0.03695864602923393","-0.03422537446022034","-0.021639365702867508","0.035007864236831665","0.036999162286520004","0.031109197065234184","0.029388748109340668","0","0.006646119058132172","-0.017970304936170578","0","0.030353877693414688","0","-0.004594426602125168","0","-0.03497953340411186","False","True","3","3","False"
"left-180","1.6420068740844727","0.6594279408454895","0","0","-1.160130500793457","-1.168796181678772","1","0.9155444502830505","1","1","1","1.9500000476837158","1","1","0","0.03498448431491852","0.036955028772354126","-0.03422918915748596","-0.021738547831773758","0.035007864236831665","0.036999162286520004","0.031116826459765434","0.030598022043704987","0","0.005326218903064728","-0.017881201580166817","0","0.03167377784848213","0","-0.00459844246506691","0","-0.03489852324128151","False","True","3","3","False"
"left-180","1.6538238525390625","0.6654880046844482","0","0","-1.1601309776306152","-1.1687926054000854","1","0.945087194442749","1","1","1","1.9500000476837158","1","1","0","0.03498448431491852","0.036955203860998154","-0.03422918915748596","-0.021822473034262657","0.035007864236831665","0.036999162286520004","0.031124455854296684","0.03125034272670746","0","0.004155091941356659","-0.017800817266106606","0","0.0328449048101902","0","-0.0046024322509765625","0","-0.034787070006132126","False","True","3","3","False"
"left-180","1.6646852493286133","0.6710578203201294","0","0","-1.1601313352584839","-1.168792963027954","1","0.9722402095794678","1","1","1","1.9500000476837158","1","1","0","0.03498448431491852","0.03695155307650566","-0.03422918915748596","-0.021898768842220306","0.035007864236831665","0.036999162286520004","0.031132085248827934","0.03150211647152901","0","0.00307551771402359","-0.01772649772465229","0","0.03392447531223297","0","-0.004602596163749695","0","-0.034690968692302704","False","True","3","3","False"
"left-180","1.6767168045043945","0.6772279739379883","0","0","-1.1601316928863525","-1.170769214630127","1","1","1","1","1","1.9500000476837158","1","1","0","0.03498448431491852","0.03497186675667763","-0.03422918915748596","-0.02197887748479843","0.035007864236831665","0.03501930832862854","0.031139714643359184","0.029571855440735817","0","0","-0.017643049359321594","0","0","0","0","0","0","False","False","3","3","False"
"left-180","1.688523292541504","0.6832822561264038","0","0","-1.1601320505142212","-1.1707619428634644","1","1","1","1","1","1.9500000476837158","1","1","0","0.03498448431491852","0.03497568145394325","-0.03422918915748596","-0.02205517329275608","0.035007864236831665","0.035023123025894165","0.031147345900535583","0.029571855440735817","0","0","-0.017559586092829704","0","0","0","0","0","0","False","False","3","3","False"
"left-180","1.6995630264282227","0.68894362449646","0","0","-1.1601322889328003","-1.1707583665847778","1","1","1","1","1","1.9500000476837158","1","1","0","0.03498448431491852","0.034975677728652954","-0.03422918915748596","-0.022127652540802956","0.035007864236831665","0.035023123025894165","0.03115878812968731","0.029571855440735817","0","0","-0.017479443922638893","0","0","0","0","0","0","False","False","3","3","False"
"left-180","1.7342700958251953","0.7067421078681946","0","0","-1.1601370573043823","-1.1707515716552734","1","1","1","1","1","1.9500000476837158","1","1","0","0.03498448431491852","0.03497568145394325","-0.034225378185510635","-0.02235272340476513","0.03500404953956604","0.035023123025894165","0.031177863478660583","0.029575670138001442","0","0","-0.017172349616885185","0","0","0","0","0","0","False","False","3","3","False"
"left-180","1.7465171813964844","0.7130230069160461","0","0","-1.160137414932251","-1.170751929283142","1","1","1","1","1","1.9500000476837158","1","1","0","0.03498448431491852","0.03497186675667763","-0.03422537446022034","-0.022432832047343254","0.03500404953956604","0.03501930832862854","0.031185491010546684","0.029571855440735817","0","0","-0.01706056296825409","0","0","0","0","0","0","False","False","3","3","False"
"left-180","1.7589941024780273","0.71942138671875","0","0","-1.1601378917694092","-1.1707446575164795","1","1","1","1","1","1.9500000476837158","1","1","0","0.03498448431491852","0.03497568145394325","-0.03422155976295471","-0.022516757249832153","0.03500404953956604","0.035023123025894165","0.031193122267723083","0.029571855440735817","0","0","-0.016941696405410767","0","0","0","0","0","0","False","False","3","3","False"
"left-180","1.7712383270263672","0.7257004380226135","0","0","-1.1601345539093018","-1.1707488298416138","1","1","1","1","1","1.9500000476837158","1","1","0","0.03498829901218414","0.03497186303138733","-0.03422155976295471","-0.022593051195144653","0.035007864236831665","0.03501930832862854","0.031200749799609184","0.029564226046204567","0","0","-0.016817735508084297","0","0","0","0","0","0","False","False","3","3","False"
"left-180","1.7817497253417969","0.7310906052589417","0","0","-1.160138726234436","-1.1707414388656616","1","1","1","1","1","1.9500000476837158","1","1","0","0.03498448431491852","0.03497568145394325","-0.034225378185510635","-0.022661717608571053","0.03500404953956604","0.035023123025894165","0.031208381056785583","0.029564226046204567","0","0","-0.016705278307199478","0","0","0","0","0","0","False","False","3","3","False"
"left-180","1.794088363647461","0.7374182343482971","0","0","-1.1601353883743286","-1.1707379817962646","1","1","1","1","1","1.9500000476837158","1","1","0","0.03498448058962822","0.03497568145394325","-0.03422537446022034","-0.022738011553883553","0.035007864236831665","0.035023123025894165","0.031216010451316833","0.029564226046204567","0","0","-0.016565248370170593","0","0","0","0","0","0","False","False","3","3","False"
"left-180","1.80596923828125","0.7435111403465271","0","0","-1.1601357460021973","-1.1707383394241333","1","1","1","1","1","1.9500000476837158","1","1","0","0.03498448431491852","0.03497186675667763","-0.03422537446022034","-0.022810490801930428","0.035007864236831665","0.03501930832862854","0.031223639845848083","0.029560411348938942","0","0","-0.016423532739281654","0","0","0","0","0","0","False","False","3","3","False"
"left-180","1.8408088684082031","0.7613773941993713","0","0","-1.1601332426071167","-1.1707277297973633","1","1","1","1","1","1.9500000476837158","1","1","0","0.03498829901218414","0.034975677728652954","-0.03422537446022034","-0.023016488179564476","0.03501167893409729","0.035023123025894165","0.03124271333217621","0.029552781954407692","0","0","-0.015960881486535072","0","0","0","0","0","0","False","False","3","3","False"
"left-180","1.8551158905029297","0.7687142491340637","0","0","-1.1601375341415405","-1.1707241535186768","1","1","1","1","1","1.9500000476837158","1","1","0","0.03498448431491852","0.03497568145394325","-0.03422537446022034","-0.0230965968221426","0.035007864236831665","0.035023123025894165","0.03125034272670746","0.029552781954407692","0","0","-0.01578056439757347","0","0","0","0","0","0","False","False","3","3","False"
"left-180","1.8663244247436523","0.7744625210762024","0","0","-1.1601340770721436","-1.1707205772399902","1","1","1","1","1","1.9500000476837158","1","1","0","0.03498829901218414","0.034975677728652954","-0.03422537446022034","-0.023161448538303375","0.03501167893409729","0.035023123025894165","0.03125797212123871","0.029556594789028168","0","0","-0.015644866973161697","0","0","0","0","0","0","False","False","3","3","False"
"left-180","1.8788185119628906","0.780869722366333","0","0","-1.1601382493972778","-1.1707208156585693","1","1","1","1","1","1.9500000476837158","1","1","0","0.03498448431491852","0.03497568145394325","-0.03422537446022034","-0.023222483694553375","0.035007864236831665","0.035023123025894165","0.03126560151576996","0.029552781954407692","0","0","-0.015500693581998348","0","0","0","0","0","0","False","False","3","3","False"
"left-180","1.8912544250488281","0.7872469425201416","0","0","-1.1601386070251465","-1.1707171201705933","1","1","1","1","1","1.9500000476837158","1","1","0","0.03498448431491852","0.03497568145394325","-0.03422537446022034","-0.023283520713448524","0.035007864236831665","0.035023123025894165","0.031269416213035583","0.029548967257142067","0","0","-0.01536647044122219","0","0","0","0","0","0","False","False","3","3","False"
"left-180","1.9022483825683594","0.792884886264801","0","0","-1.1601389646530151","-1.170721173286438","1","1","1","1","1","1.9500000476837158","1","1","0","0.03498448431491852","0.03497186303138733","-0.03422155976295471","-0.023329297080636024","0.035007864236831665","0.03501930832862854","0.031277045607566833","0.029548967257142067","0","0","-0.015255742706358433","0","0","0","0","0","0","False","False","3","3","False"
"left-180","1.9143791198730469","0.7991060614585876","0","0","-1.1601392030715942","-1.1707136631011963","1","1","1","1","1","1.9500000476837158","1","1","0","0.03498448431491852","0.034975677728652954","-0.03422537446022034","-0.023390334099531174","0.035007864236831665","0.035023123025894165","0.031284675002098083","0.029548967257142067","0","0","-0.015142178162932396","0","0","0","0","0","0","False","False","3","3","False"
"left-180","1.9479446411132812","0.8163188695907593","0","0","-1.1601438522338867","-1.1707066297531128","1","1","1","1","1","1.9500000476837158","1","1","0","0.03498448431491852","0.03497568145394325","-0.03422155976295471","-0.0235314778983593","0.03500404953956604","0.035023123025894165","0.03129611909389496","0.029541337862610817","0","0","-0.014875906519591808","0","0","0","0","0","0","False","False","3","3","False"
"left-180","1.9610185623168945","0.8230236172676086","0","0","-1.1601440906524658","-1.1707030534744263","1","1","1","1","1","1.9500000476837158","1","1","0","0.03498448431491852","0.03497568145394325","-0.03422155976295471","-0.023581068962812424","0.03500404953956604","0.035023123025894165","0.031299933791160583","0.029541337862610817","0","0","-0.01479516550898552","0","0","0","0","0","0","False","False","3","3","False"
"left-180","1.9726476669311523","0.8289869427680969","0","0","-1.1601405143737793","-1.1707032918930054","1","1","1","1","1","1.9500000476837158","1","1","0","0.03498829901218414","0.03497186303138733","-0.03422155976295471","-0.023623032495379448","0.035007864236831665","0.03501930832862854","0.031307563185691833","0.029537523165345192","0","0","-0.014734693802893162","0","0","0","0","0","0","False","False","3","3","False"
"left-180","1.9834251403808594","0.8345140218734741","0","0","-1.1601407527923584","-1.170703649520874","1","1","1","1","1","1.9500000476837158","1","1","0","0.03498829901218414","0.03497186303138733","-0.03419867157936096","-0.023634476587176323","0.035007864236831665","0.03501930832862854","0.031307563185691833","0.029529893770813942","0","0","-0.014689154922962189","0","0","0","0","0","0","False","False","3","3","False"
"left-180","1.9956130981445312","0.840764045715332","0","0","-1.160141110420227","-1.1706962585449219","1","1","1","1","1","1.9500000476837158","1","1","0","0.03498829901218414","0.03497568145394325","-0.03416815400123596","-0.023642105981707573","0.035007864236831665","0.035023123025894165","0.03131137788295746","0.029526079073548317","0","0","-0.014651133678853512","0","0","0","0","0","0","False","False","3","3","False"
"left-180","2.006892204284668","0.8465483784675598","0","0","-1.1601451635360718","-1.170692801475525","1","1","1","1","1","1.9500000476837158","1","1","0","0.03498448058962822","0.03497568145394325","-0.03413000702857971","-0.023642105981707573","0.03500404953956604","0.035023123025894165","0.03131137788295746","0.029522264376282692","0","0","-0.01465205941349268","0","0","0","0","0","0","False","False","3","3","False"
"left-180","2.0174694061279297","0.8519728183746338","0","0","-1.1601378917694092","-1.1706892251968384","1","1","1","1","1","1.9500000476837158","1","1","0","0.03498829901218414","0.03497568145394325","-0.03409567475318909","-0.023645920678973198","0.03501167893409729","0.035023123025894165","0.03131900727748871","0.029514634981751442","0","0","-0.01466370839625597","0","0","0","0","0","0","False","False","3","3","False"
"left-180","2.0521116256713867","0.8697378635406494","0","0","-1.1601388454437256","-1.170678734779358","1","1","1","1","1","1.9500000476837158","1","1","0","0.03498829901218414","0.03497568145394325","-0.03397360444068909","-0.023657364770770073","0.03501167893409729","0.035023123025894165","0.031322821974754333","0.029499374330043793","0","0","-0.014950931072235107","0","0","0","0","0","0","False","False","3","3","False"
"left-180","2.064990997314453","0.8763425946235657","0","0","-1.1601430177688599","-1.170678973197937","1","1","1","1","1","1.9500000476837158","1","1","0","0.03498448431491852","0.034975677728652954","-0.03393163904547691","-0.023657364770770073","0.03500404953956604","0.035023123025894165","0.03131900727748871","0.029491744935512543","0","0","-0.015008339658379555","0","0","0","0","0","0","False","False","3","3","False"
"left-180","2.077404022216797","0.8827084898948669","0","0","-1.1601431369781494","-1.1706790924072266","1","1","1","1","1","1.9500000476837158","1","1","0","0.03498448431491852","0.03497186675667763","-0.03389349207282066","-0.023661179468035698","0.03500404953956604","0.03501930832862854","0.03131900727748871","0.029484115540981293","0","0","-0.015104026533663273","0","0","0","0","0","0","False","False","3","3","False"
"left-180","2.089273452758789","0.8887951374053955","0","0","-1.160139560699463","-1.1706753969192505","1","1","1","1","1","1.9500000476837158","1","1","0","0.03498829901218414","0.034975677728652954","-0.03386297449469566","-0.023661179468035698","0.035007864236831665","0.035023123025894165","0.031322821974754333","0.029484115540981293","0","0","-0.015188229270279408","0","0","0","0","0","0","False","False","3","3","False"
"left-180","2.0999202728271484","0.8942550420761108","0","0","-1.160143494606018","-1.1706753969192505","1","1","1","1","1","1.9500000476837158","1","1","0","0.03498448431491852","0.034975677728652954","-0.03384008631110191","-0.023661179468035698","0.03500404953956604","0.035023123025894165","0.031322821974754333","0.029480300843715668","0","0","-0.015272366814315319","0","0","0","0","0","0","False","False","3","3","False"
"left-180","2.1124963760375977","0.9007044434547424","0","0","-1.160139799118042","-1.1706792116165161","1","1","1","1","1","1.9500000476837158","1","1","0","0.03498448431491852","0.03497186675667763","-0.03381719812750816","-0.023661179468035698","0.035007864236831665","0.03501930832862854","0.03132663667201996","0.029480300843715668","0","0","-0.015368006192147732","0","0","0","0","0","0","False","False","3","3","False"
"left-180","2.1237239837646484","0.9064621925354004","0","0","-1.1601399183273315","-1.1706753969192505","1","1","1","1","1","1.9500000476837158","1","1","0","0.03498448431491852","0.03497568145394325","-0.03379812464118004","-0.023661179468035698","0.035007864236831665","0.035023123025894165","0.031330451369285583","0.029480300843715668","0","0","-0.015459761954843998","0","0","0","0","0","0","False","False","3","3","False"
"left-180","2.1588144302368164","0.9244571924209595","0","0","-1.160140037536621","-1.1706751585006714","1","1","1","1","1","1.9500000476837158","1","1","0","0.03498448431491852","0.03497568145394325","-0.03375997766852379","-0.023661179468035698","0.035007864236831665","0.035023123025894165","0.031330451369285583","0.029476486146450043","0","0","-0.015796517953276634","0","0","0","0","0","0","False","False","3","3","False"
"left-180","2.1726932525634766","0.9315743446350098","0","0","-1.160140037536621","-1.1706788539886475","1","1","1","1","1","1.9500000476837158","1","1","0","0.03498448431491852","0.03497186675667763","-0.03375616297125816","-0.023661179468035698","0.03500404953956604","0.03501930832862854","0.03132663667201996","0.029476486146450043","0","0","-0.015915006399154663","0","0","0","0","0","0","False","False","3","3","False"
"left-180","2.1836776733398438","0.937207818031311","0","0","-1.160136342048645","-1.170678734779358","1","1","1","1","1","1.9500000476837158","1","1","0","0.034988295286893845","0.03497568145394325","-0.03375234827399254","-0.023653550073504448","0.035007864236831665","0.035023123025894165","0.03132663667201996","0.029472671449184418","0","0","-0.016059894114732742","0","0","0","0","0","0","False","False","3","3","False"
"left-180","2.1954336166381836","0.9432364702224731","0","0","-1.160136342048645","-1.170682430267334","1","1","1","1","1","1.9500000476837158","1","1","0","0.03498448431491852","0.03497186675667763","-0.03376379236578941","-0.023657364770770073","0.035007864236831665","0.03501930832862854","0.03132663667201996","0.029468856751918793","0","0","-0.016204828396439552","0","0","0","0","0","0","False","False","3","3","False"
"left-180","2.2069320678710938","0.9491329789161682","0","0","-1.1601364612579346","-1.1706784963607788","1","1","1","1","1","1.9500000476837158","1","1","0","0.03498448431491852","0.034975677728652954","-0.03376760706305504","-0.023657364770770073","0.035007864236831665","0.035023123025894165","0.031322821974754333","0.029465042054653168","0","0","-0.01635371521115303","0","0","0","0","0","0","False","False","3","3","False"
"left-180","2.218555450439453","0.9550938010215759","0","0","-1.1601365804672241","-1.1706823110580444","1","1","1","1","1","1.9500000476837158","1","1","0","0.03498448058962822","0.03497568145394325","-0.03377905115485191","-0.023653550073504448","0.03500404953956604","0.03501930832862854","0.031315192580223083","0.029461227357387543","0","0","-0.01649157889187336","0","0","0","0","0","0","False","False","3","3","False"
"left-180","2.23067569732666","0.961309015750885","0","0","-1.160132884979248","-1.1706860065460205","1","1","1","1","1","1.9500000476837158","1","1","0","0.03498448431491852","0.03497186303138733","-0.03379049524664879","-0.023653550073504448","0.035007864236831665","0.03501930832862854","0.031315192580223083","0.029457412660121918","0","0","-0.016644757241010666","0","0","0","0","0","0","False","False","3","3","False"
"left-180","2.2648725509643555","0.9788461327552795","0","0","-1.1601221561431885","-1.1706819534301758","1","1","1","1","1","1.9500000476837158","1","1","0","0.03498829901218414","0.034975677728652954","-0.03385153040289879","-0.023653550073504448","0.03501167893409729","0.035023123025894165","0.031292304396629333","0.029438339173793793","0","0","-0.0170171819627285","0","0","0","0","0","0","False","False","3","3","False"
"left-180","2.2775650024414062","0.9853546619415283","0","0","-1.1601225137710571","-1.170685887336731","1","1","1","1","1","1.9500000476837158","1","1","0","0.03498448431491852","0.03497186303138733","-0.03387823328375816","-0.023653550073504448","0.035007864236831665","0.03501930832862854","0.03128086030483246","0.029430709779262543","0","0","-0.01710965298116207","0","0","0","0","0","0","False","False","3","3","False"
"left-180","2.290438652038574","0.9919567704200745","0","0","-1.1601228713989258","-1.1706860065460205","1","1","1","1","1","1.9500000476837158","1","1","0","0.03498448431491852","0.03497186303138733","-0.03389730677008629","-0.023653550073504448","0.03500404953956604","0.03501930832862854","0.031269416213035583","0.029419265687465668","0","0","-0.017209935933351517","0","0","0","0","0","0","False","False","3","3","False"
"left-180","2.3030996322631836","0.9984498023986816","0","0","-1.1601191759109497","-1.1706860065460205","1","1","1","1","1","1.9500000476837158","1","1","0","0.03498448058962822","0.03497186675667763","-0.03391638025641441","-0.023657364770770073","0.035007864236831665","0.03501930832862854","0.031269416213035583","0.029419265687465668","0","0","-0.017302323132753372","0","0","0","0","0","0","False","False","3","3","False"
"left-180","2.3172807693481445","1.005722165107727","0","0","-1.1601192951202393","-1.1706817150115967","1","1","1","1","1","1.9500000476837158","1","1","0","0.03498448431491852","0.034975677728652954","-0.03391638025641441","-0.023653550073504448","0.035007864236831665","0.035023123025894165","0.03126560151576996","0.029426895081996918","0","0","-0.017360372468829155","0","0","0","0","0","0","False","False","3","3","False"
"left-180","2.330935478210449","1.01272451877594","0","0","-1.1601192951202393","-1.1706888675689697","1","1","1","1","1","1.9500000476837158","1","1","0","0.03498448431491852","0.03497186303138733","-0.03392019495368004","-0.023649735376238823","0.035007864236831665","0.03501930832862854","0.031261786818504333","0.029430709779262543","0","0","-0.017433641478419304","0","0","0","0","0","0","False","False","3","3","False"
"left-180","2.3684730529785156","1.0319746732711792","0","0","-1.1601194143295288","-1.170698881149292","1","1","1","1","1","1.9500000476837158","1","1","0","0.03498829901218414","0.03497186675667763","-0.03395452722907066","-0.023642105981707573","0.035007864236831665","0.03501930832862854","0.031254157423973083","0.029442153871059418","0","0","-0.017691398039460182","0","0","0","0","0","0","False","False","3","3","False"
"right-tap","0","1.6993978023529053","0","0","-1.160132884979248","-1.1707550287246704","1","1","1","1","1","1.9500000476837158","1","1","0","0.03498829901218414","0.03497568145394325","-0.03422537446022034","-0.022257354110479355","0.035007864236831665","0.035023123025894165","0.031170234084129333","0.029575670138001442","0","0","-0.01764448918402195","0","0","0","0","0","0","False","False","3","3","False"
"right-tap","0.041327476501464844","1.720591425895691","0","1","-1.1540782451629639","-1.1756771802902222","0","0","0","1","1","1.9500000476837158","1","1","0","0.04304852709174156","0.027821552008390427","-0.032198574393987656","-0.024992525577545166","0.043026454746723175","0.03699534758925438","0.05330337584018707","0.027416525408625603","0","0.05750047042965889","-0.01305647287517786","0.043026454746723175","-0.020500466227531433","-0.010302834212779999","0.006099080666899681","0.043026454746723175","-0.020500466227531433","True","True","1","1","True"
"right-tap","0.056702613830566406","1.72847580909729","0","1","-1.1430270671844482","-1.1737676858901978","0","0","0","1","1","1.9500000476837158","1","1","0","0.055142614990472794","0.02898034080862999","-0.03020346537232399","-0.026056839153170586","0.055946990847587585","0.03699534386396408","0.06575088202953339","0.03003343939781189","0","0.055589281022548676","-0.010747106745839119","0.055946990847587585","-0.018589280545711517","-0.005169540643692017","0.006187712773680687","0.055946990847587585","-0.018589280545711517","True","True","1","1","True"
"right-tap","0.07157135009765625","1.7361009120941162","0","1","-1.1585514545440674","-1.17714262008667","0","0","0","1","1","1.9500000476837158","1","1","0","0.040495555847883224","0.02502773143351078","-0.02719363197684288","-0.026800714433193207","0.03699534758925438","0.036999162286520004","0.04668479412794113","0.025581633672118187","0.0012978464365005493","0.049470432102680206","-0.008702256716787815","0.03570215031504631","-0.012470430694520473","-0.004419591277837753","0.011444964446127415","0.03570215031504631","-0.012470430694520473","True","True","1","1","True"
"right-tap","0.08405399322509766","1.742502212524414","0","1","-1.155721664428711","-1.1725070476531982","0","0","0","1","1","1.9500000476837158","1","1","0","0.044106755405664444","0.02917075902223587","-0.023581070825457573","-0.02741488814353943","0.036999162286520004","0.036999158561229706","0.0435643345117569","0.027035050094127655","0.019585730507969856","0.047738540917634964","-0.007194417994469404","0.017414268106222153","-0.010738538578152657","-0.0029075872153043747","0.008194588124752045","0.017414268106222153","-0.010738538578152657","True","True","1","1","True"
"right-tap","0.09513473510742188","1.7481848001480103","0","1","-1.1516201496124268","-1.1700019836425781","0","0","0","1","1","1.9500000476837158","1","1","0","0.048719748854637146","0.03141269460320473","-0.019625181332230568","-0.027773473411798477","0.03699534758925438","0.036999162286520004","0.04089401662349701","0.029606187716126442","0.036908481270074844","0.04095974192023277","-0.006027313880622387","9.151963604381308E-05","-0.003959740046411753","-0.0024011959321796894","0.006761373486369848","9.151963604381308E-05","-0.003959740046411753","True","True","1","1","True"
"right-tap","0.10846900939941406","1.7550228834152222","0","1","-1.1503825187683105","-1.1692641973495483","0","0","0","1","1","1.9500000476837158","1","1","0","0.050567254424095154","0.0318550243973732","-0.013536850921809673","-0.028170205652713776","0.036999162286520004","0.03699534386396408","0.0381741039454937","0.03100619837641716","0.04579683393239975","0.035493213683366776","-0.00482953991740942","-0.008796832524240017","0.00150678725913167","0.003041272982954979","0.007116331718862057","-0.008796832524240017","0.00150678725913167","True","True","1","1","True"
"right-tap","0.14443206787109375","0.09977796673774719","1","1","-1.1481692790985107","-1.1708344221115112","0","0","0","1","1","1.033333420753479","1","1","1.033333420753479","0.05345626547932625","0.029972054064273834","0.003515051444992423","-0.0285783838480711","0.04001281037926674","0.036999158561229706","0.02615003101527691","0.0380672886967659","0.04731128737330437","0.011403104290366173","-0.002561569446697831","-0.007293823640793562","0.025596892461180687","0.02248758263885975","0.010864702053368092","-0.007293823640793562","0.025596892461180687","True","True","1","1","True"
"right-tap","0.15789794921875","0.1128096729516983","1","1","-1.1463618278503418","-1.1718835830688477","0","0","0","1","1","1.033333420753479","1","1","1.033333420753479","0.055195629596710205","0.02899985946714878","0.009836082346737385","-0.02850971929728985","0.042942531406879425","0.036999158561229706","0.027408897876739502","0.03755229711532593","0.04231397435069084","0.006363827735185623","-0.002000235253944993","0.0006332130287773907","0.030636169016361237","0.03055974654853344","0.01246633194386959","0.0006332130287773907","0.030636169016361237","True","True","1","1","True"
"right-tap","0.170135498046875","0.12465289980173111","1","1","-1.1447405815124512","-1.1718034744262695","0","0","0","1","1","1.033333420753479","1","1","1.033333420753479","0.056754596531391144","0.029139481484889984","0.01587863452732563","-0.028460128232836723","0.04499104991555214","0.036999162286520004","0.028667762875556946","0.03656427934765816","0.036877963691949844","0.0033806972205638885","-0.0015914065297693014","0.008117739111185074","0.03361929580569267","0.03750003129243851","0.012784475460648537","0.008117739111185074","0.03361929580569267","True","True","1","1","True"
"right-tap","0.1831207275390625","0.13721922039985657","1","1","-1.1435980796813965","-1.1705435514450073","0","0","0","1","1","1.033333420753479","1","1","1.033333420753479","0.05791531130671501","0.030373593792319298","0.022192034870386124","-0.028490645810961723","0.04670005291700363","0.036999158561229706","0.030216548591852188","0.03673594444990158","0.030274640768766403","0.0018242821097373962","-0.0012440583668649197","0.016430065035820007","0.035175714641809464","0.04470885545015335","0.011866992339491844","0.016430065035820007","0.035175714641809464","True","True","1","1","True"
"right-tap","0.1947498321533203","0.14847280085086823","1","1","-1.1432043313980103","-1.1697269678115845","0","0","0","1","1","1.033333420753479","1","1","1.033333420753479","0.05817495658993721","0.031245213001966476","0.026517953723669052","-0.028444869443774223","0.04754692688584328","0.036999158561229706","0.031685225665569305","0.03746837377548218","0.02376287430524826","0.0004624202847480774","-0.000995128066278994","0.02378488890826702","0.03653757646679878","0.04986996203660965","0.011289108544588089","0.02378488890826702","0.03653757646679878","True","True","1","1","True"
"right-tap","0.20670604705810547","0.16004331409931183","1","1","-1.143481731414795","-1.1682485342025757","0","0","0","1","1","1.033333420753479","1","1","1.033333420753479","0.05772337317466736","0.03277193382382393","0.029638415202498436","-0.0284029059112072","0.0476880706846714","0.037773553282022476","0.033047087490558624","0.039825886487960815","0.017495250329375267","0","-0.0007890398264862597","0.030197473242878914","0.037773553282022476","0.05378914624452591","0.010784739628434181","0.030197473242878914","0.037773553282022476","True","True","1","1","True"
"right-tap","0.21894168853759766","0.17188480496406555","1","1","-1.1446878910064697","-1.166463017463684","0","0","0","1","1","1.033333420753479","1","1","1.033333420753479","0.0563388466835022","0.03455764800310135","0.03148093447089195","-0.028406720608472824","0.04689079150557518","0.03889508917927742","0.03421058505773544","0.04116867482662201","0.012085942551493645","0","-0.0006207602564245462","0.034809499979019165","0.03889508917927742","0.056386761367321014","0.01028459332883358","0.034809499979019165","0.03889508917927742","True","True","1","1","True"
"right-tap","0.2544851303100586","0.20628154277801514","1","1","-1.1701831817626953","-1.1647998094558716","0.17000000178813934","0","0","1","1","1.033333420753479","1","1","1.033333420753479","0.02990208938717842","0.03628694266080856","0.029386643320322037","-0.028360942378640175","0.02664976194500923","0.03983733057975769","0.014148848131299019","0.041717998683452606","0","0","-0.0026274791453033686","0.057194411754608154","0.039841145277023315","0.061727169901132584","0.0075405798852443695","0.04376324266195297","0.039841145277023315","True","True","2","1","True"
"right-tap","0.2698936462402344","0.22119280695915222","1","1","-1.1735800504684448","-1.1650683879852295","0.3400000035762787","0","0","1","1","1.033333420753479","1","1","1.033333420753479","0.026468293741345406","0.036048442125320435","0.025901488959789276","-0.028338056057691574","0.025173457339406013","0.03948256000876427","0.011940112337470055","0.041004642844200134","0","0","-0.003923842683434486","0.049168191850185394","0.03948256000876427","0.05662119388580322","0.006146371364593506","0.0397179014980793","0.03948256000876427","True","True","3","1","True"
"right-tap","0.2886486053466797","0.23934242129325867","1","1","-1.1733161211013794","-1.164988398551941","0.5099999904632568","0","0","1","1","1.033333420753479","1","1","1.033333420753479","0.026732180267572403","0.03615850210189819","0.02021351084113121","-0.028322797268629074","0.026340767741203308","0.03945967182517052","0.014625690877437592","0.04056975990533829","0","0","-0.004551329649984837","0.04208039864897728","0.03945967182517052","0.05004153028130531","0.005403060466051102","0.0344306118786335","0.03945967182517052","True","True","3","1","True"
"right-tap","0.3005695343017578","0.25087878108024597","1","1","-1.1711201667785645","-1.1647019386291504","0.6800000071525574","0","0","1","1","1.033333420753479","1","1","1.033333420753479","0.028928186744451523","0.03645304590463638","0.015916185453534126","-0.028315167874097824","0.02886231429874897","0.03967329487204552","0.01902027614414692","0.04048583656549454","0","0","-0.004443406593054533","0.03813595324754715","0.03967329487204552","0.04590068757534027","0.0054365843534469604","0.031261611729860306","0.03967329487204552","True","True","3","1","True"
"right-tap","0.3117256164550781","0.26167550683021545","1","1","-1.1627188920974731","-1.164381504058838","0.8500000238418579","0","0","1","1","1.033333420753479","1","1","1.033333420753479","0.03732936456799507","0.036795053631067276","0.011777982115745544","-0.028299907222390175","0.036999162286520004","0.03993651270866394","0.03004106879234314","0.04045531898736954","0.0011719614267349243","0","-0.004173463676124811","0.035828035324811935","0.03993651270866394","0.0422501303255558","0.005643896758556366","0.02875472605228424","0.03993651270866394","True","True","3","1","True"
"right-tap","0.3240528106689453","0.2736045718193054","1","1","-1.1650214195251465","-1.1639903783798218","1","0","0","1","1","1.033333420753479","1","1","1.033333420753479","0.03502694517374039","0.037201281636953354","0.007047460414469242","-0.028292277827858925","0.03502693772315979","0.04026458039879799","0.03128086030483246","0.04046294838190079","0","0","-0.0037478336598724127","0","0.04026458039879799","0","0.0060006193816661835","0","0.04026458039879799","False","True","3","1","True"
"right-tap","0.3613157272338867","0.3096659183502197","1","1","-1.165025234222412","-1.1623404026031494","1","0","0","1","1","1.033333420753479","1","1","1.033333420753479","0.03502313420176506","0.03890028968453407","-0.0056291487999260426","-0.028261760249733925","0.035023123025894165","0.04178284853696823","0.03469505533576012","0.04114578664302826","0","0","-0.0023439154028892517","0","0.04178284853696823","0","0.007254224270582199","0","0.04178284853696823","False","True","3","1","True"
"right-tap","0.3746528625488281","0.32257288694381714","1","1","-1.1650214195251465","-1.1616419553756714","1","0","0","1","1","1.033333420753479","1","1","1.033333420753479","0.03502694517374039","0.039612140506505966","-0.008848804980516434","-0.0282579455524683","0.03502693772315979","0.04245424270629883","0.035244379192590714","0.04155777767300606","0","0","-0.001918290974572301","0","0.04245424270629883","0","0.0076410211622715","0","0.04245424270629883","False","True","3","1","True"
"right-tap","0.38653087615966797","0.3340679109096527","1","1","-1.1650214195251465","-1.1609501838684082","1","0","0","1","1","1.033333420753479","1","1","1.033333420753479","0.03502694517374039","0.04031027480959892","-0.011315335519611835","-0.0282579455524683","0.03502693772315979","0.043125636875629425","0.03551522642374039","0.041946884244680405","0","0","-0.0015892520314082503","0","0.043125636875629425","0","0.00794234499335289","0","0.043125636875629425","False","True","3","1","True"
"right-tap","0.39801025390625","0.3451763391494751","1","1","-1.165025234222412","-1.1603235006332397","1","0","0","1","1","1.033333420753479","1","1","1.033333420753479","0.03502313047647476","0.04092870652675629","-0.013728903606534004","-0.0282732043415308","0.035023123025894165","0.04373981058597565","0.03555718809366226","0.0423283576965332","0","0","-0.0013154774205759168","0","0.04373981058597565","0","0.008197490125894547","0","0.04373981058597565","False","True","3","1","True"
"right-tap","0.40820980072021484","0.35504719614982605","1","1","-1.165025234222412","-1.1596577167510986","1","0","0","1","1","1.033333420753479","1","1","1.033333420753479","0.03502313047647476","0.04159023240208626","-0.01577531173825264","-0.028284648433327675","0.035023123025894165","0.04439976438879967","0.03538552299141884","0.0428166426718235","0","0","-0.0011064392747357488","0","0.04439976438879967","0","0.008394286036491394","0","0.04439976438879967","False","True","3","1","True"
"right-tap","0.41954994201660156","0.3660210967063904","1","1","-1.165025234222412","-1.1591594219207764","1","0","0","1","1","1.033333420753479","1","1","1.033333420753479","0.03502313047647476","0.04206988960504532","-0.017861919477581978","-0.028315167874097824","0.035023123025894165","0.04489186406135559","0.035000234842300415","0.0430607870221138","0","0","-0.0009083229815587401","0","0.04489186406135559","0","0.008574578911066055","0","0.04489186406135559","False","True","3","1","True"
"right-tap","0.42982959747314453","0.37596967816352844","1","1","-1.165025234222412","-1.1587657928466797","1","0","0","1","1","1.033333420753479","1","1","1.033333420753479","0.03502313047647476","0.04244104027748108","-0.01960548385977745","-0.028345685452222824","0.035023123025894165","0.04528096690773964","0.03456917032599449","0.04325152561068535","0","0","-0.0007566302083432674","0","0.045277152210474014","0","0.008714601397514343","0","0.045277152210474014","False","True","3","1","True"
"right-tap","0.46488475799560547","0.4098939597606659","1","1","-1.1650214195251465","-1.1575182676315308","1","0","0","1","1","1.033333420753479","1","1","1.033333420753479","0.03502694517374039","0.043557118624448776","-0.025041239336133003","-0.028528792783617973","0.03502693772315979","0.04651694372296333","0.033192045986652374","0.044910937547683716","0","0","-0.0003959997557103634","0","0.04651694372296333","0","0.009009979665279388","0","0.04651694372296333","False","True","3","1","True"
"right-tap","0.4765758514404297","0.4212077260017395","1","1","-1.1650214195251465","-1.156762719154358","1","0","0","1","1","1.033333420753479","1","1","1.033333420753479","0.03502694144845009","0.04424416273832321","-0.02691221795976162","-0.028620347380638123","0.03502693772315979","0.047276079654693604","0.032757166773080826","0.046120211482048035","0","0","-0.00031721670529805124","0","0.047276079654693604","0","0.00907062366604805","0","0.047276079654693604","False","True","3","1","True"
"right-tap","0.4878091812133789","0.4320787489414215","1","1","-1.165025234222412","-1.1562162637710571","1","0","0","1","1","1.033333420753479","1","1","1.033333420753479","0.035023126751184464","0.044715188443660736","-0.02882145345211029","-0.028727158904075623","0.035023123025894165","0.047829218208789825","0.032295580953359604","0.04711967334151268","0","0","-0.00025568334967829287","0","0.047829218208789825","0","0.009106960147619247","0","0.047829218208789825","False","True","3","1","True"
"right-tap","0.4988718032836914","0.44278448820114136","1","1","-1.1650214195251465","-1.1548757553100586","1","0","0","1","1","1.033333420753479","1","1","1.033333420753479","0.03502694144845009","0.04597342014312744","-0.029899921268224716","-0.027895545586943626","0.03502693772315979","0.04917963594198227","0.03188740462064743","0.04896600916981697","0","0","-0.00020631297957152128","0","0.04917963594198227","0","0.010080352425575256","0","0.04917963594198227","False","True","3","1","True"
"right-tap","0.5106897354125977","0.4542209804058075","1","1","-1.1650214195251465","-1.1521284580230713","1","0","0","1","1","1.033333420753479","1","1","1.033333420753479","0.03502694517374039","0.04862464964389801","-0.02989058382809162","-0.025663921609520912","0.03502693772315979","0.051933880895376205","0.03162037208676338","0.05234968662261963","0","0","-0.000163692791829817","0","0.051933880895376205","0","0.012456957250833511","0","0.051933880895376205","False","True","3","1","True"
"right-tap","0.5223522186279297","0.4655075669288635","1","1","-1.165025234222412","-1.1495468616485596","1","0","0","1","1","1.033333420753479","1","1","1.033333420753479","0.03502313047647476","0.05109982192516327","-0.02988075651228428","-0.023546738550066948","0.035023123025894165","0.05452409014105797","0.03149448707699776","0.05565325543284416","0","0","-0.0001300098083447665","0","0.05452409014105797","0","0.014723509550094604","0","0.05452409014105797","False","True","3","1","True"
"right-tap","0.5320892333984375","0.4749305844306946","1","1","-1.165025234222412","-1.1474791765213013","1","0","0","1","1","1.033333420753479","1","1","1.033333420753479","0.03502313047647476","0.05307174101471901","-0.029876908287405968","-0.02189495414495468","0.035023123025894165","0.05659931153059006","0.03141818940639496","0.0583769828081131","0","0","-0.00010711611685110256","0","0.05659931153059006","0","0.01650148257613182","0","0.05659931153059006","False","True","3","1","True"
"right-tap","0.568272590637207","0.5099467635154724","1","1","-1.1650214195251465","-1.1398431062698364","1","0","0","1","1","1.033333420753479","1","1","1.033333420753479","0.03502694517374039","0.06033363565802574","-0.029876159504055977","-0.016451314091682434","0.03502693772315979","0.06430891156196594","0.031185491010546684","0.06947025656700134","0","0","-5.155387771083042E-05","0","0.06430891156196594","0","0.02244623750448227","0","0.06430891156196594","False","True","3","1","True"
"right-tap","0.5813093185424805","0.5225629210472107","1","1","-1.165025234222412","-1.1368030309677124","1","0","0","1","1","1.033333420753479","1","1","1.033333420753479","0.03502313047647476","0.06325141340494156","-0.02987365424633026","-0.014910158701241016","0.035023123025894165","0.06741411238908768","0.03116641938686371","0.07423487305641174","0","0","-3.949820529669523E-05","0","0.06741411238908768","0","0.02419007569551468","0","0.06741411238908768","False","True","3","1","True"
"right-tap","0.5920543670654297","0.5329614281654358","1","1","-1.1650214195251465","-1.1341277360916138","1","0","0","1","1","1.033333420753479","1","1","1.033333420753479","0.03502694517374039","0.06583591550588608","-0.029873574152588844","-0.013803882524371147","0.03502693772315979","0.07017216831445694","0.03115878812968731","0.0784272775053978","0","0","-3.167812974425033E-05","0","0.07017216831445694","0","0.025477536022663116","0","0.07017216831445694","False","True","3","1","True"
"right-tap","0.6034660339355469","0.5440044403076172","1","1","-1.165025234222412","-1.131278157234192","1","0","0","1","1","1.033333420753479","1","1","1.033333420753479","0.03502313047647476","0.06860454380512238","-0.029877059161663055","-0.012770088389515877","0.035023123025894165","0.07312096655368805","0.031147345900535583","0.0831308513879776","0","0","-2.5033566998899914E-05","0","0.07312096655368805","0","0.026695314794778824","0","0.07312096655368805","False","True","3","1","True"
"right-tap","0.6142597198486328","0.554450511932373","1","1","-1.165025234222412","-1.128686785697937","1","0","0","1","1","1.033333420753479","1","1","1.033333420753479","0.03502313047647476","0.07113566249608994","-0.02987910807132721","-0.011904140934348106","0.035023123025894165","0.07581035792827606","0.03112064115703106","0.08788783848285675","0","0","-2.0017247152281925E-05","0","0.07581035792827606","0","0.027727160602808","0","0.07581035792827606","False","True","3","1","True"
"right-tap","0.6259937286376953","0.5658060908317566","1","1","-1.165025234222412","-1.1256685256958008","1","0","0","1","1","1.033333420753479","1","1","1.033333420753479","0.03502313047647476","0.07410260289907455","-0.029880473390221596","-0.011049638502299786","0.035023123025894165","0.07895752042531967","0.031093938276171684","0.09370913356542587","0","0","-1.5681289369240403E-05","0","0.07895752042531967","0","0.028765704482793808","0","0.07895752042531967","False","True","3","1","True"
"right-tap","0.6373805999755859","0.5768252015113831","1","1","-1.165025234222412","-1.1225367784500122","1","0","0","1","1","1.033333420753479","1","1","1.033333420753479","0.03502313047647476","0.07720344513654709","-0.029883967712521553","-0.010313393548130989","0.035023123025894165","0.08223439007997513","0.03108249418437481","0.09976694732904434","0","0","-1.2362376764940564E-05","0","0.08223439007997513","0","0.029681790620088577","0","0.08223439007997513","False","True","3","1","True"
"right-tap","0.6719913482666016","0.6103194952011108","1","1","-1.165025234222412","-1.1109261512756348","1","0","0","1","1","1.033333420753479","1","1","1.033333420753479","0.03502313047647476","0.08880007266998291","-0.02989909239113331","-0.008638720959424973","0.035023123025894165","0.09441486746072769","0.03098331019282341","0.12048482149839401","0","0","-5.959854206594173E-06","0","0.09441486746072769","0","0.03194412589073181","0","0.09441486746072769","False","True","3","1","True"
"right-tap","0.6850299835205078","0.6229375600814819","1","1","-1.165025234222412","-1.105013370513916","1","0","0","1","1","1.033333420753479","1","1","1.033333420753479","0.03502313047647476","0.09477259963750839","-0.02990318089723587","-0.00811991561204195","0.035023123025894165","0.10062526911497116","0.030895570293068886","0.12906798720359802","0","0","-4.521798928180942E-06","0","0.10062526911497116","0","0.03270462155342102","0","0.10062526911497116","False","True","3","1","True"
"right-tap","0.6953067779541016","0.6328829526901245","1","1","-1.1650214195251465","-1.1000471115112305","1","0","0","1","1","1.033333420753479","1","1","1.033333420753479","0.03502694517374039","0.09981386363506317","-0.02990756556391716","-0.007616369519382715","0.03502693772315979","0.10584001988172531","0.030826905742287636","0.1357399821281433","0","0","-3.6354367694002576E-06","0","0.10584001988172531","0","0.03338165581226349","0","0.10584001988172531","False","True","3","1","True"
"right-tap","0.707615852355957","0.6447945833206177","1","1","-1.1650214195251465","-1.0936145782470703","1","0","0","1","1","1.033333420753479","1","1","1.033333420753479","0.03502694517374039","0.10637010633945465","-0.029916344210505486","-0.0067847552709281445","0.03502693772315979","0.1125883013010025","0.03074679523706436","0.14362886548042297","0","0","-2.7972257612418616E-06","0","0.1125883013010025","0","0.034405313432216644","0","0.1125883013010025","False","True","3","1","True"
"right-tap","0.7189435958862305","0.6557574272155762","1","1","-1.1650214195251465","-1.087397813796997","1","0","0","1","1","1.033333420753479","1","1","1.033333420753479","0.03502694517374039","0.11272846907377243","-0.029919806867837906","-0.005735700484365225","0.03502693772315979","0.11910007148981094","0.030681947246193886","0.1504610776901245","0","0","-2.1963653580314713E-06","0","0.11910007148981094","0","0.035607777535915375","0","0.11910007148981094","False","True","3","1","True"
"right-tap","0.7287931442260742","0.6652892827987671","1","1","-1.165025234222412","-1.0820075273513794","1","0","0","1","1","1.033333420753479","1","1","1.033333420753479","0.03502313047647476","0.1182655543088913","-0.029925094917416573","-0.004556945525109768","0.035023123025894165","0.12474970519542694","0.03063998371362686","0.1558207869529724","0","0","-1.7791124946597847E-06","0","0.12474970519542694","0","0.03690289705991745","0","0.12474970519542694","False","True","3","1","True"
"right-tap","0.7405967712402344","0.6767116189002991","1","1","-1.165025234222412","-1.0758882761001587","1","0","0","1","1","1.033333420753479","1","1","1.033333420753479","0.03502313047647476","0.1245923563838005","-0.02992761693894863","-0.0027830901090055704","0.035023123025894165","0.13117754459381104","0.030613280832767487","0.1613636165857315","0","0","-1.3812776842314634E-06","0","0.13117754459381104","0","0.03877778351306915","0","0.13117754459381104","False","True","3","1","True"
"right-tap","0.7747993469238281","0.7098112106323242","1","1","-1.165025234222412","-1.06099271774292","1","0","0","1","1","1.033333420753479","1","1","1.033333420753479","0.03502313420176506","0.14019721746444702","-0.02993377484381199","0.003675270127132535","0.035023123025894165","0.14687903225421906","0.03063998371362686","0.1718236356973648","0","0","-6.601858899557556E-07","0","0.14687903225421906","0","0.04533277451992035","0","0.14687903225421906","False","True","3","1","True"
"right-tap","0.7874898910522461","0.7220926284790039","1","1","-1.165025234222412","-1.0569262504577637","1","0","0","1","1","1.033333420753479","1","1","1.033333420753479","0.03502313420176506","0.1445464938879013","-0.029935503378510475","0.006173928268253803","0.035023123025894165","0.1511934995651245","0.03066287189722061","0.1738225668668747","0","0","-5.017218427383341E-07","0","0.1511934995651245","0","0.04779662936925888","0","0.1511934995651245","False","True","3","1","True"
"right-tap","0.7991876602172852","0.7334131002426147","1","1","-1.165025234222412","-1.0535807609558105","1","0","0","1","1","1.033333420753479","1","1","1.033333420753479","0.03502313420176506","0.14815929532051086","-0.029926247894763947","0.008420811966061592","0.035023123025894165","0.15474502742290497","0.030681945383548737","0.1917213350534439","0","0","-3.893960069945024E-07","0","0.15474502742290497","0","0.049982234835624695","0","0.15474502742290497","False","True","3","1","True"
"right-tap","0.809783935546875","0.7436668872833252","1","1","-1.165025234222412","-1.0508087873458862","1","0","0","1","1","1.033333420753479","1","1","1.033333420753479","0.03502313047647476","0.15116560459136963","-0.029924746602773666","0.010339627973735332","0.035023123025894165","0.1576823890209198","0.030697204172611237","0.19199980795383453","0","0","-3.094125418101612E-07","0","0.1576823890209198","0","0.05183210223913193","0","0.1576823890209198","False","True","3","1","True"
"right-tap","0.8215522766113281","0.7550562620162964","1","1","-1.1650214195251465","-1.0485645532608032","1","0","0","1","1","1.033333420753479","1","1","1.033333420753479","0.03502694517374039","0.15364797413349152","-0.029916103929281235","0.012063892558217049","0.03502693772315979","0.16871462762355804","0.030712462961673737","0.19174803793430328","0","0","-2.3956513928169443E-07","0","0.16871462762355804","0","0.062106236815452576","0","0.16871462762355804","False","True","3","1","True"
"right-tap","0.8324680328369141","0.7656193375587463","1","1","-1.165025234222412","-1.0472445487976074","1","0","0","1","1","1.033333420753479","1","1","1.033333420753479","0.03502313420176506","0.15515977144241333","-0.029903510585427284","0.013139649294316769","0.035023123025894165","0.1694394201040268","0.030735353007912636","0.19096602499485016","0","0","-1.8889460307036643E-07","0","0.1694394201040268","0","0.062394991517066956","0","0.1694394201040268","False","True","3","1","True"
"right-tap","0.8445491790771484","0.7773106098175049","1","1","-1.165025234222412","-1.046627163887024","1","0","0","1","1","1.033333420753479","1","1","1.033333420753479","0.03502313420176506","0.15593881905078888","-0.029898706823587418","0.013673713430762291","0.035023123025894165","0.16953478753566742","0.03076205588877201","0.19020307064056396","0","0","-1.4514209567551006E-07","0","0.16953478753566742","0","0.06224536895751953","0","0.16953478753566742","False","True","3","1","True"
"right-tap","0.8828897476196289","0.8144146203994751","1","1","-1.165025234222412","-1.049770712852478","1","0","0","1","1","1.033333420753479","1","1","1.033333420753479","0.03502313420176506","0.1531136929988861","-0.02985110506415367","0.0117930443957448","0.035023123025894165","0.16765031218528748","0.03083834983408451","0.18660958111286163","0","0","-6.267043772822944E-08","0","0.16765031218528748","0","0.06130535900592804","0","0.16765031218528748","False","True","3","1","True"
"right-tap","0.8955307006835938","0.8266475796699524","1","1","-1.1650214195251465","-1.052414059638977","1","0","0","1","1","1.033333420753479","1","1","1.033333420753479","0.035026948899030685","0.15052905678749084","-0.029828941449522972","0.010236630216240883","0.03502693772315979","0.1644001454114914","0.030849793925881386","0.1823447048664093","0","0","-4.748793003273022E-08","0","0.1644001454114914","0","0.059083402156829834","0","0.1644001454114914","False","True","3","1","True"
"right-tap","0.9074611663818359","0.8381932377815247","1","1","-1.165025234222412","-1.055823802947998","1","0","0","1","1","1.033333420753479","1","1","1.033333420753479","0.03502313420176506","0.1471617966890335","-0.029814109206199646","0.008420811966061592","0.035023123025894165","0.1598338931798935","0.030857423320412636","0.17662639915943146","0","0","-3.653709867990074E-08","0","0.1598338931798935","0","0.05606860667467117","0","0.1598338931798935","False","True","3","1","True"
"right-tap","0.9199199676513672","0.850250244140625","1","1","-1.1650214195251465","-1.060034990310669","1","0","0","1","1","1.033333420753479","1","1","1.033333420753479","0.035026948899030685","0.14298014342784882","-0.02978360466659069","0.0062197051011025906","0.03502693772315979","0.15501587092876434","0.030857425183057785","0.16929827630519867","0","0","-2.777658991703902E-08","0","0.15501587092876434","0","0.0532311275601387","0","0.15501587092876434","False","True","3","1","True"
"right-tap","0.9305849075317383","0.860571026802063","1","1","-1.165025234222412","-1.0643948316574097","1","0","0","1","1","1.033333420753479","1","1","1.033333420753479","0.03502313420176506","0.13863925635814667","-0.02976016327738762","0.004133040551096201","0.035023123025894165","0.150598406791687","0.030849793925881386","0.16171838343143463","0","0","-2.196230575179925E-08","0","0.150598406791687","0","0.05106788128614426","0","0.150598406791687","False","True","3","1","True"
"right-tap","0.9434909820556641","0.8730612993240356","1","1","-1.165025234222412","-1.0700451135635376","1","0","0","1","1","1.033333420753479","1","1","1.033333420753479","0.03502313420176506","0.13300937414169312","-0.029732169583439827","0.0013978697825223207","0.035023123025894165","0.1449296921491623","0.03083834983408451","0.15485946834087372","0","0","-1.6521426005056128E-08","0","0.1449296921491623","0","0.04829387366771698","0","0.1449296921491623","False","True","3","1","True"
"right-tap","0.9541406631469727","0.8833675384521484","1","1","-1.165025234222412","-1.0749784708023071","1","0","0","1","1","1.033333420753479","1","1","1.033333420753479","0.03502313420176506","0.12809528410434723","-0.029703862965106964","-0.0010130485752597451","0.035023123025894165","0.1334015429019928","0.030826905742287636","0.14900384843349457","0","0","-1.3060481585114303E-08","0","0.1334015429019928","0","0.039268895983695984","0","0.1334015429019928","False","True","3","1","True"
"right-tap","0.9889020919799805","0.9170070886611938","1","1","-1.1650214195251465","-1.0929789543151855","1","0","0","1","1","1.033333420753479","1","1","1.033333420753479","0.035026948899030685","0.11003684997558594","-0.02960144728422165","-0.009455075487494469","0.03502693772315979","0.11489240825176239","0.030819276347756386","0.11646407842636108","0","0","-6.043992861748393E-09","0","0.11489240825176239","0","0.030376166105270386","0","0.11489240825176239","False","True","3","1","True"
"right-tap","1.0020885467529297","0.9297683238983154","1","1","-1.165025234222412","-1.100383996963501","1","0","0","1","1","1.033333420753479","1","1","1.033333420753479","0.03502313420176506","0.10255099833011627","-0.029559630900621414","-0.012678534723818302","0.035023123025894165","0.107259102165699","0.030826905742287636","0.10914739966392517","0","0","-4.511812701224471E-09","0","0.107259102165699","0","0.027005255222320557","0","0.107259102165699","False","True","3","1","True"
"right-tap","1.0124740600585938","0.9398190975189209","1","1","-1.1650214195251465","-1.1061899662017822","1","0","0","1","1","1.033333420753479","1","1","1.033333420753479","0.035026948899030685","0.09666576981544495","-0.0295216366648674","-0.01513141393661499","0.03502693772315979","0.10126996040344238","0.03083835169672966","0.10349395126104355","0","0","-3.583427998776756E-09","0","0.10126996040344238","0","0.024448461830615997","0","0.10126996040344238","False","True","3","1","True"
"right-tap","1.0239973068237305","0.9509707689285278","1","1","-1.1650214195251465","-1.1128454208374023","1","0","0","1","1","1.033333420753479","1","1","1.033333420753479","0.035026948899030685","0.0899125263094902","-0.02948221191763878","-0.017710180953145027","0.03502693772315979","0.09440723061561584","0.03084597922861576","0.09717673808336258","0","0","-2.774432905638946E-09","0","0.09440723061561584","0","0.021760210394859314","0","0.09440723061561584","False","True","3","1","True"
"right-tap","1.0353660583496094","0.9619720578193665","1","1","-1.165025234222412","-1.1190786361694336","1","0","0","1","1","1.033333420753479","1","1","1.033333420753479","0.03502313420176506","0.08356397598981857","-0.029437750577926636","-0.020090579986572266","0.035023123025894165","0.08796413242816925","0.030849793925881386","0.09129821509122849","0","0","-2.1550468076725338E-09","0","0.08796413242816925","0","0.019285261631011963","0","0.08796413242816925","False","True","3","1","True"
"right-tap","1.0475101470947266","0.9737247228622437","1","1","-1.165025234222412","-1.1247243881225586","1","0","0","1","1","1.033333420753479","1","1","1.033333420753479","0.03502313420176506","0.07776658236980438","-0.029383046552538872","-0.022486239671707153","0.035023123025894165","0.082093246281147","0.030872683972120285","0.08585839718580246","0","0","-1.6448651329881159E-09","0","0.082093246281147","0","0.01681610941886902","0","0.082093246281147","False","True","3","1","True"
"right-tap","1.0594348907470703","0.98526531457901","1","1","-1.165025234222412","-1.129525065422058","1","0","0","1","1","1.033333420753479","1","1","1.033333420753479","0.03502313047647476","0.07275380194187164","-0.029325436800718307","-0.024828491732478142","0.035023123025894165","0.077053964138031","0.030971866101026535","0.08118151873350143","0","0","-1.2613246003212453E-09","0","0.077053964138031","0","0.014447353780269623","0","0.077053964138031","False","True","3","1","True"
"right-tap","1.0936565399169922","1.01838219165802","1","1","-1.165025234222412","-1.1366355419158936","1","0","0","1","1","1.033333420753479","1","1","1.033333420753479","0.03502313420176506","0.06523965299129486","-0.026558157056570053","-0.027449220418930054","0.035023123025894165","0.06950077414512634","0.029671039432287216","0.07345666736364365","0","0","-5.871408359503505E-10","0","0.06949695944786072","0","0.011783767491579056","0","0.06949695944786072","False","True","3","1","True"
"right-tap","1.1087379455566406","1.0261163711547852","0","0","-1.1615451574325562","-1.1663846969604492","1","0.037703994661569595","0","1","1","1.9500000476837158","1","1","0","0.034984488040208817","0.03946675360202789","-0.03255070373415947","0.029503725469112396","0.035007864236831665","0.036999162286520004","0.031246528029441833","-0.005470376927405596","0","0.026929112151265144","-4.191573754752653E-10","0","0.01007088739424944","0","0.009191527031362057","0","0.062024425715208054","False","True","3","3","False"
"right-tap","1.1227035522460938","1.033278465270996","0","0","-1.1615402698516846","-1.1663742065429688","1","0.0726189911365509","0","1","1","1.9500000476837158","1","1","0","0.03498829901218414","0.03699197247624397","-0.032592665404081345","-0.025690622627735138","0.03501167893409729","0.03699534758925438","0.03124271333217621","-0.010139623656868935","0","0.04592272266745567","-0.021648164838552475","0","-0.00892272125929594","0","-0.012360237538814545","0","0.03497854992747307","False","True","3","3","False"
"right-tap","1.1342668533325195","1.0392080545425415","0","0","-1.1615471839904785","-1.1663812398910522","1","0.10152598470449448","0","1","1","1.9500000476837158","1","1","0","0.03498448431491852","0.036992140114307404","-0.03262699767947197","-0.025602884590625763","0.03500404953956604","0.03699534758925438","0.031231269240379333","-0.011882960796356201","0","0.04421753063797951","-0.021362965926527977","0","-0.007217529695481062","0","-0.01198656391352415","0","0.025968503206968307","False","True","3","3","False"
"right-tap","1.1466798782348633","1.0455735921859741","0","0","-1.161546230316162","-1.1663882732391357","1","0.13255824148654938","0","1","1","1.9500000476837158","1","1","0","0.034984488040208817","0.0369885116815567","-0.03266514465212822","-0.02552277408540249","0.035007864236831665","0.03699534758925438","0.03122745454311371","-0.012436099350452423","0","0.04169980064034462","-0.020220130681991577","0","-0.0046997987665236","0","-0.010762215591967106","0","0.015456510707736015","False","True","3","3","False"
"right-tap","1.1589670181274414","1.0518749952316284","0","0","-1.1615455150604248","-1.166387915611267","1","0.163277730345726","0","1","1","1.9500000476837158","1","1","0","0.034984488040208817","0.03699250891804695","-0.03270329162478447","-0.02546173892915249","0.035007864236831665","0.036999162286520004","0.03122745454311371","-0.011348896659910679","0","0.03865944966673851","-0.018329178914427757","0","-0.00165944779291749","0","-0.008809249848127365","0","0.0058279684744775295","False","True","3","3","False"
"right-tap","1.1701269149780273","1.0575982332229614","0","0","-1.1615447998046875","-1.1663953065872192","1","0.19117848575115204","0","1","1","1.9500000476837158","1","1","0","0.03498829901218414","0.03698886185884476","-0.03273380920290947","-0.025419777259230614","0.035007864236831665","0.03699534758925438","0.03122745268046856","-0.009132529608905315","0","0.03577931970357895","-0.01632324419915676","0","0.0012206825194880366","0","-0.006760898977518082","0","-0.0016908276593312621","False","True","3","3","False"
"right-tap","1.2058916091918945","1.0759389400482178","0","0","-1.1615508794784546","-1.1664029359817505","1","0.28058922290802","0","1","1","1.9500000476837158","1","1","0","0.03498448431491852","0.03698176145553589","-0.03279484808444977","-0.025343481451272964","0.03500404953956604","0.03699534758925438","0.031231269240379333","0.00085446733282879","0","0.027508951723575592","-0.010100588202476501","0","0.009491046890616417","0","-0.00045566074550151825","0","-0.016821524128317833","False","True","3","3","False"
"right-tap","1.2190732955932617","1.0826987028121948","0","0","-1.161550521850586","-1.1663994789123535","1","0.3135432004928589","0","1","1","1.9500000476837158","1","1","0","0.034984488040208817","0.036981962621212006","-0.03280629217624664","-0.02534729428589344","0.035007864236831665","0.03699534758925438","0.03123508393764496","0.004375474993139505","0","0.025067515671253204","-0.008238420821726322","0","0.01193248201161623","0","0.0014019226655364037","0","-0.019483786076307297","False","True","3","3","False"
"right-tap","1.2300138473510742","1.0883095264434814","0","0","-1.1615502834320068","-1.1663960218429565","1","0.34089571237564087","0","1","1","1.9500000476837158","1","1","0","0.03498448431491852","0.03698212280869484","-0.03281010687351227","-0.025358740240335464","0.035007864236831665","0.036999162286520004","0.031238898634910583","0.007003834005445242","0","0.023270772770047188","-0.006902814377099276","0","0.013729226775467396","0","0.002729291096329689","0","-0.020903199911117554","False","True","3","3","False"
"right-tap","1.2414140701293945","0.7674374580383301","0","0","-1.1615504026412964","-1.1663923263549805","1","0.36939722299575806","0","1","1","1.9500000476837158","1","1","0","0.03498448431491852","0.03698229417204857","-0.03281392157077789","-0.025412146002054214","0.035007864236831665","0.036999162286520004","0.03125034272670746","0.009449084289371967","0","0.021630432456731796","-0.005704549606889486","0","0.015369566157460213","0","0.0038773585110902786","0","-0.02184935100376606","False","True","3","3","False"
"right-tap","1.2533807754516602","0.7735736966133118","0","0","-1.1615544557571411","-1.1663923263549805","1","0.39931145310401917","1","1","1","1.9500000476837158","1","1","0","0.034984488040208817","0.036982472985982895","-0.03281010687351227","-0.025473183020949364","0.03500404953956604","0.036999162286520004","0.031254157423973083","0.013523230329155922","0","0.020096905529499054","-0.00464209821075201","0","0.016903093084692955","0","0.0048766424879431725","0","-0.022587323561310768","False","True","3","3","False"
"right-tap","1.2657747268676758","0.7799298167228699","0","0","-1.1615508794784546","-1.1663960218429565","1","0.43029746413230896","1","1","1","1.9500000476837158","1","1","0","0.034988295286893845","0.03697502613067627","-0.03281010687351227","-0.02553803287446499","0.03501167893409729","0.03699534758925438","0.031261786818504333","0.015262752771377563","0","0.01873885653913021","-0.0038388529792428017","0","0.018261142075061798","0","0.00562033336609602","0","-0.02328263595700264","False","True","3","3","False"
"right-tap","1.2789850234985352","0.7867040634155273","0","0","-1.1615511178970337","-1.166392207145691","1","0.4633219540119171","1","1","1","1.9500000476837158","1","1","0","0.03498829901218414","0.03697903826832771","-0.03281010687351227","-0.025602884590625763","0.03501167893409729","0.036999162286520004","0.031269416213035583","0.016399545595049858","0","0.01965058036148548","-0.007274059113115072","0","0.017349418252706528","0","0.002118202857673168","0","-0.027571365237236023","False","True","3","3","False"
"right-tap","1.314009666442871","0.8046655058860779","0","0","-1.1615592241287231","-1.1663918495178223","1","0.550883948802948","1","1","1","1.9500000476837158","1","1","0","0.03498448058962822","0.03697193041443825","-0.03280629217624664","-0.025759289041161537","0.035007864236831665","0.036999162286520004","0.03128848969936371","0.018970683217048645","0","0.02000916562974453","-0.01434533391147852","0","0.01699083298444748","0","-0.005099812522530556","0","-0.035603731870651245","False","True","3","3","False"
"right-tap","1.3270273208618164","0.8113413453102112","0","0","-1.1615594625473022","-1.1663918495178223","1","0.583428680896759","1","1","1","1.9500000476837158","1","1","0","0.03498448431491852","0.03697212412953377","-0.03281010687351227","-0.025816509500145912","0.035007864236831665","0.036999162286520004","0.03129611909389496","0.01987096108496189","0","0.019391177222132683","-0.01593237742781639","0","0.017608821392059326","0","-0.006747975945472717","0","-0.03729768469929695","False","True","3","3","False"
"right-tap","1.339402198791504","0.8176871538162231","0","0","-1.1615557670593262","-1.1663917303085327","1","0.6143644452095032","1","1","1","1.9500000476837158","1","1","0","0.03498829901218414","0.036968495696783066","-0.03280629217624664","-0.02586228772997856","0.03501167893409729","0.036999162286520004","0.03130374848842621","0.02070639282464981","0","0.01856337860226631","-0.01709996536374092","0","0.018436620011925697","0","-0.00795743428170681","0","-0.03853069245815277","False","True","3","3","False"
"right-tap","1.3496675491333008","0.8229514360427856","0","0","-1.161563515663147","-1.1663917303085327","1","0.6400277018547058","1","1","1","1.9500000476837158","1","1","0","0.03498448431491852","0.0369686484336853","-0.03280247747898102","-0.02590043470263481","0.03500404953956604","0.036999158561229706","0.031299933791160583","0.021393045783042908","0","0.01775846816599369","-0.017898261547088623","0","0.01924153044819832","0","-0.008793016895651817","0","-0.03933033347129822","False","True","3","3","False"
"right-tap","1.3625192642211914","0.8295419216156006","0","0","-1.161563754081726","-1.166387915611267","1","0.6721564531326294","1","1","1","1.9500000476837158","1","1","0","0.03498448431491852","0.036968838423490524","-0.03280247747898102","-0.02594621106982231","0.035007864236831665","0.036999162286520004","0.031307563185691833","0.022255176678299904","0","0.01661785878241062","-0.018657909706234932","0","0.020382137969136238","0","-0.00959811918437481","0","-0.040094874799251556","False","True","3","3","False"
"right-tap","1.3738889694213867","0.8353728652000427","0","0","-1.1615638732910156","-1.1663917303085327","1","0.7005822062492371","1","1","1","1.9500000476837158","1","1","0","0.03498448431491852","0.036961380392313004","-0.03277577459812164","-0.025957655161619186","0.035007864236831665","0.03699534758925438","0.031307563185691833","0.023014310747385025","0","0.015511583536863327","-0.01919529400765896","0","0.021488415077328682","0","-0.010143795982003212","0","-0.040592044591903687","False","True","3","3","False"
"right-tap","1.3864049911499023","0.841791570186615","0","0","-1.1615641117095947","-1.1663918495178223","1","0.7318734526634216","1","1","1","1.9500000476837158","1","1","0","0.03498448058962822","0.036957748234272","-0.03274144232273102","-0.025965284556150436","0.035007864236831665","0.03699534758925438","0.03131137788295746","0.02385355532169342","0","0.014218386262655258","-0.019657472148537636","0","0.02278161235153675","0","-0.010609382763504982","0","-0.041002579033374786","False","True","3","3","False"
"right-180","0","1.5093371868133545","0","0","-1.1615264415740967","-1.1685147285461426","1","1","1","1","1","1.9500000476837158","1","1","0","0.03498448431491852","0.034975677728652954","-0.03282918035984039","-0.0233559999614954","0.03500404953956604","0.035023123025894165","0.03112064115703106","0.029667222872376442","0","0","-0.01955031231045723","0","0","0","0","0","0","False","False","3","3","False"
"right-180","0.04272651672363281","1.531247615814209","0","1","-1.1542973518371582","-1.172789454460144","0","0","0","1","1","1.9500000476837158","1","1","0","0.04346214607357979","0.03006754443049431","-0.031561512500047684","-0.02462630905210972","0.04555181413888931","0.036999162286520004","0.05609576776623726","0.028038328513503075","0","0.06389779597520828","-0.014364936389029026","0.04555181413888931","-0.026897791773080826","-0.008862491697072983","0.002914663404226303","0.04555181413888931","-0.026897791773080826","True","True","1","1","True"
"right-180","0.05695533752441406","1.5385445356369019","0","1","-1.143755555152893","-1.1708416938781738","0","0","0","1","1","1.9500000476837158","1","1","0","0.05442183464765549","0.03187481313943863","-0.03028738871216774","-0.025190891698002815","0.0573698915541172","0.03699534758925438","0.06724625825881958","0.028084104880690575","0","0.06266181915998459","-0.011995828710496426","0.0573698915541172","-0.025661814957857132","-0.004361022263765335","0.0029079504311084747","0.0573698915541172","-0.025661814957857132","True","True","1","1","True"
"right-180","0.06838035583496094","1.5444040298461914","0","1","-1.1555564403533936","-1.173973798751831","0","0","0","1","1","1.9500000476837158","1","1","0","0.042911775410175323","0.02865392528474331","-0.028513533994555473","-0.025526588782668114","0.043369781225919724","0.03699534386396408","0.054169319570064545","0.02926667593419552","0","0.05778657644987106","-0.01022390928119421","0.043369781225919724","-0.020786572247743607","-0.0033033639192581177","0.007566995918750763","0.043369781225919724","-0.020786572247743607","True","True","1","1","True"
"right-180","0.08101463317871094","1.550883173942566","0","1","-1.1586047410964966","-1.176673173904419","0","0","0","1","1","1.9500000476837158","1","1","0","0.040046822279691696","0.0259944386780262","-0.025801250711083412","-0.025770733132958412","0.036999162286520004","0.036999162286520004","0.04455998167395592","0.025707518681883812","0.012585673481225967","0.049470432102680206","-0.008462084457278252","0.024414323270320892","-0.012470430694520473","-0.0023343339562416077","0.011748566292226315","0.024414323270320892","-0.012470430694520473","True","True","1","1","True"
"right-180","0.09459686279296875","1.5578477382659912","0","1","-1.1541435718536377","-1.1714462041854858","0","0","0","1","1","1.9500000476837158","1","1","0","0.04480576515197754","0.031190818175673485","-0.02155544050037861","-0.026117876172065735","0.03699534758925438","0.036991529166698456","0.04034087806940079","0.028534244745969772","0.032597821205854416","0.04333632439374924","-0.006824794225394726","0.00440217973664403","-0.006336324382573366","-0.0012147561646997929","0.007837757468223572","0.00440217973664403","-0.006336324382573366","True","True","1","1","True"
"right-180","0.10616111755371094","1.5637787580490112","0","1","-1.1506454944610596","-1.1689558029174805","0","0","0","1","1","1.9500000476837158","1","1","0","0.04856733977794647","0.033642131835222244","-0.016779383644461632","-0.02643449790775776","0.03699534758925438","0.03699534386396408","0.035866182297468185","0.032387133687734604","0.04605242237448692","0.032513897866010666","-0.005638896021991968","-0.009052420035004616","0.004486102610826492","0.0009861132130026817","0.006256205029785633","-0.009052420035004616","0.004486102610826492","True","True","1","1","True"
"right-180","0.14492034912109375","0.09889838844537735","1","1","-1.1448578834533691","-1.169053554534912","0","0","0","1","1","1.033333420753479","1","1","1.033333420753479","0.05315763130784035","0.03464632108807564","-0.0005095016094855964","-0.025686807930469513","0.042053695768117905","0.03699534386396408","0.02606610767543316","0.03933759778738022","0.048543449491262436","0.005433030426502228","-0.0028556869365274906","-0.0064850980415940285","0.03156696632504463","0.02050500363111496","0.008780652657151222","-0.0064850980415940285","0.03156696632504463","True","True","1","1","True"
"right-180","0.16251182556152344","0.11592116206884384","1","1","-1.1421900987625122","-1.1694337129592896","0","0","0","1","1","1.033333420753479","1","1","1.033333420753479","0.055225156247615814","0.0346192941069603","0.007272574584931135","-0.025343481451272964","0.045185599476099014","0.036999158561229706","0.027710260823369026","0.039925068616867065","0.04185238853096962","0.0012825876474380493","-0.002064886037260294","0.00333786616101861","0.03571740537881851","0.03014492243528366","0.009948283433914185","0.00333786616101861","0.03571740537881851","True","True","1","1","True"
"right-180","0.17961502075195312","0.13247254490852356","1","1","-1.1403716802597046","-1.1681206226348877","0","0","0","1","1","1.033333420753479","1","1","1.033333420753479","0.05636924132704735","0.03629949316382408","0.015180537477135658","-0.024984896183013916","0.04718834161758423","0.03849072381854057","0.02957567200064659","0.04256487265229225","0.033822353929281235","0","-0.0014959457330405712","0.013366825878620148","0.03849072381854057","0.03947994112968445","0.010686634108424187","0.013366825878620148","0.03849072381854057","True","True","1","1","True"
"right-180","0.19282150268554688","0.14525331556797028","1","1","-1.1399344205856323","-1.1665133237838745","0","0","0","1","1","1.033333420753479","1","1","1.033333420753479","0.05672736093401909","0.037846215069293976","0.02065088041126728","-0.025053560733795166","0.0480390302836895","0.04055068641901016","0.03117404878139496","0.04446079954504967","0.02659722790122032","0","-0.0011618173448368907","0.021446453407406807","0.04055068641901016","0.04577473923563957","0.011463092640042305","0.021446453407406807","0.04055068641901016","True","True","1","1","True"
"right-180","0.20442771911621094","0.15648609399795532","1","1","-1.1390712261199951","-1.1654469966888428","0","0","0","1","1","1.033333420753479","1","1","1.033333420753479","0.056835681200027466","0.0393194854259491","0.023469975218176842","-0.024653013795614243","0.04856546223163605","0.04141663387417793","0.03253209590911865","0.044994860887527466","0.020333418622612953","0","-0.0009280075319111347","0.028236696496605873","0.04141663387417793","0.049248456954956055","0.011492831632494926","0.028236696496605873","0.04141663387417793","True","True","1","1","True"
"right-180","0.21889686584472656","0.17048728466033936","1","1","-1.137794852256775","-1.1636418104171753","0","0","0","1","1","1.033333420753479","1","1","1.033333420753479","0.05730830132961273","0.0415123887360096","0.025384977459907532","-0.02427535317838192","0.049568742513656616","0.0429692342877388","0.032951720058918","0.04629950225353241","0.018387900665402412","0","-0.0006990456022322178","0.031185492873191833","0.0429692342877388","0.0519229993224144","0.011459071189165115","0.031185492873191833","0.0429692342877388","True","True","1","1","True"
"right-180","0.2584667205810547","0.20878159999847412","1","1","-1.1672452688217163","-1.1624269485473633","0.17000000178813934","0","0","1","1","1.033333420753479","1","1","1.033333420753479","0.026262333616614342","0.04343500733375549","0.022325552999973297","-0.023584885522723198","0.02310205064713955","0.04370929300785065","0.010044185444712639","0.046051546931266785","0","0","-0.0018894905224442482","0.051949139684438705","0.04370929300785065","0.0554097518324852","0.009776782244443893","0.03974616527557373","0.04370929300785065","True","True","2","1","True"
"right-180","0.2741985321044922","0.22400572896003723","1","1","-1.1702854633331299","-1.1624646186828613","0.3400000035762787","0","0","1","1","1.033333420753479","1","1","1.033333420753479","0.023195376619696617","0.04336956888437271","0.01856275275349617","-0.023623032495379448","0.02193855494260788","0.04381992295384407","0.010448548011481762","0.04591802880167961","0","0","-0.002524919807910919","0.04551366716623306","0.04381992295384407","0.05095062777400017","0.009277641773223877","0.03595573455095291","0.04381992295384407","True","True","3","1","True"
"right-180","0.2862224578857422","0.23564234375953674","1","1","-1.16856050491333","-1.1624594926834106","0.5099999904632568","0","0","1","1","1.033333420753479","1","1","1.033333420753479","0.024920407682657242","0.04373638704419136","0.014944528229534626","-0.023268261924386024","0.024509692564606667","0.04344988986849785","0.012851836159825325","0.04515126720070839","0","0","-0.0027407389134168625","0.04066513106226921","0.04344989359378815","0.04686442390084267","0.00868193805217743","0.032318659126758575","0.04344989359378815","True","True","3","1","True"
"right-180","0.29973793029785156","0.24872088432312012","1","1","-1.1654653549194336","-1.1623440980911255","0.6800000071525574","0","0","1","1","1.033333420753479","1","1","1.033333420753479","0.02801554650068283","0.04419025406241417","0.010171690955758095","-0.02293637953698635","0.0279277004301548","0.04325152561068535","0.01793307438492775","0.04450657591223717","0","0","-0.002690089400857687","0.037052568048238754","0.043247710913419724","0.042107194662094116","0.008411180227994919","0.02827279455959797","0.043247710913419724","True","True","3","1","True"
"right-180","0.3150825500488281","0.26357078552246094","1","1","-1.1563066244125366","-1.162194848060608","0.8500000238418579","0","0","1","1","1.033333420753479","1","1","1.033333420753479","0.03717421367764473","0.04432442784309387","0.004470952786505222","-0.0229592677205801","0.036999162286520004","0.04352237284183502","0.030418729409575462","0.04447605833411217","0.0018509849905967712","0","-0.002425453858450055","0.03514901176095009","0.04352237284183502","0.03684540092945099","0.008788175880908966","0.024269364774227142","0.04352237284183502","True","True","3","1","True"
"right-180","0.32798194885253906","0.2760539948940277","1","1","-1.1584539413452148","-1.1620163917541504","1","0","0","1","1","1.033333420753479","1","1","1.033333420753479","0.03502694517374039","0.04482482746243477","-0.0004933508462272584","-0.022642644122242928","0.03502693772315979","0.043430816382169724","0.03161274269223213","0.043938178569078445","0","0","-0.0021325782872736454","0","0.043430816382169724","0","0.008806582540273666","0","0.043430816382169724","False","True","3","1","True"
"right-180","0.3663825988769531","0.3132152855396271","1","1","-1.1584539413452148","-1.1610397100448608","1","0","0","1","1","1.033333420753479","1","1","1.033333420753479","0.03502694517374039","0.04639718309044838","-0.013178813271224499","-0.022066617384552956","0.03502693772315979","0.044075511395931244","0.03487434983253479","0.04357196390628815","0","0","-0.001275818794965744","0","0.044075511395931244","0","0.00931326299905777","0","0.044075511395931244","False","True","3","1","True"
"right-180","0.3825225830078125","0.3288362920284271","1","1","-1.1584539413452148","-1.160451889038086","1","0","0","1","1","1.033333420753479","1","1","1.033333420753479","0.03502694144845009","0.04726061969995499","-0.0167464017868042","-0.02180340141057968","0.03502693772315979","0.04454472288489342","0.03541604429483414","0.0436101108789444","0","0","-0.0009911602828651667","0","0.04454472288489342","0","0.009464547038078308","0","0.04454472288489342","False","True","3","1","True"
"right-180","0.39492225646972656","0.3408348560333252","1","1","-1.1584577560424805","-1.1599003076553345","1","0","0","1","1","1.033333420753479","1","1","1.033333420753479","0.035023126751184464","0.04782850667834282","-0.019359195604920387","-0.021795770153403282","0.035023123025894165","0.045109305530786514","0.03556863218545914","0.04400302842259407","0","0","-0.0008085307199507952","0","0.045109305530786514","0","0.00965198129415512","0","0.045109305530786514","False","True","3","1","True"
"right-180","0.4068260192871094","0.352355033159256","1","1","-1.1547330617904663","-1.1593079566955566","0","0","0","1","1","1.033333420753479","1","1","1.033333420753479","0.03730664402246475","0.0486830472946167","-0.023237742483615875","-0.021540183573961258","0.036999162286520004","0.04560521990060806","0.043800849467515945","0.044136546552181244","0.023629358038306236","0","-0.000660510326270014","0.013370640575885773","0.04560521990060806","0.010770500637590885","0.009697720408439636","0.013370640575885773","0.04560521990060806","True","True","1","1","True"
"right-180","0.4200172424316406","0.3651207983493805","1","1","-1.15555739402771","-1.1691800355911255","0","0.17000000178813934","0","1","1","1.033333420753479","1","1","1.033333420753479","0.036732714623212814","0.03905211389064789","-0.025457922369241714","-0.02131129801273346","0.03699534758925438","0.039059121161699295","0.042927272617816925","0.02019140124320984","0.024033721536397934","0.022687118500471115","-0.0011086731683462858","0.01296627800911665","0.016376657411456108","0.008670292794704437","0.012561299838125706","0.01296627800911665","0.04884468764066696","True","True","1","2","True"
"right-180","0.4325828552246094","0.3772800862789154","1","1","-1.1557397842407227","-1.168949842453003","0","0.3400000035762787","0","1","1","1.033333420753479","1","1","1.033333420753479","0.03666151314973831","0.039313096553087234","-0.02746829390525818","-0.021292714402079582","0.03699534758925438","0.03931470960378647","0.04172181338071823","0.023697150871157646","0.026169978082180023","0.01987946592271328","-0.0022767980117350817","0.01083002146333456","0.019436081871390343","0.005563811399042606","0.011407177895307541","0.01083002146333456","0.04801681637763977","True","True","1","3","True"
"right-180","0.46872711181640625","0.41225969791412354","1","1","-1.1570005416870117","-1.170061469078064","0","0.5099999904632568","0","1","1","1.033333420753479","1","1","1.033333420753479","0.03612489625811577","0.03820137307047844","-0.03234735131263733","-0.021343858912587166","0.036999162286520004","0.03845639154314995","0.037887997925281525","0.028175659477710724","0.035958610475063324","0.01705274172127247","-0.006915220525115728","0.0010413903510197997","0.021408304572105408","-0.0034135417081415653","0.006970709189772606","0.0010413903510197997","0.044615238904953","True","True","1","3","True"
"right-180","0.4853534698486328","0.4283484220504761","1","1","-1.1575007438659668","-1.1708523035049438","0","0.6800000071525574","0","1","1","1.033333420753479","1","1","1.033333420753479","0.036008719354867935","0.03741058334708214","-0.03468578681349754","-0.021379852667450905","0.03699534758925438","0.0376552976667881","0.036262914538383484","0.03164326027035713","0.04180661216378212","0.012105017900466919","-0.008941728621721268","-0.004806610755622387","0.025551114231348038","-0.007665242534130812","0.004898779094219208","-0.004806610755622387","0.0434589609503746","True","True","1","3","True"
"right-180","0.49907875061035156","0.4416309595108032","1","1","-1.1579302549362183","-1.1714119911193848","0","0.8500000238418579","0","1","1","1.033333420753479","1","1","1.033333420753479","0.03593850135803223","0.03685089945793152","-0.036081984639167786","-0.020703932270407677","0.036999162286520004","0.03699534758925438","0.035099420696496964","0.03471412882208824","0.0460486076772213","0.006516417488455772","-0.010484777390956879","-0.009048606269061565","0.030483579263091087","-0.010528567247092724","0.003933282569050789","-0.009048606269061565","0.04299682378768921","True","True","1","3","True"
"right-180","0.5136547088623047","0.45573726296424866","1","1","-1.1578463315963745","-1.173243522644043","0","1","0","1","1","1.033333420753479","1","1","1.033333420753479","0.03612612560391426","0.03501931577920914","-0.035959914326667786","-0.017843276262283325","0.03699534758925438","0.03501930832862854","0.032894495874643326","0.03510323166847229","0.058339715003967285","0","-0.021637918427586555","-0.02133970893919468","0","-0.021752240136265755","0","-0.02133970893919468","0","True","False","1","3","True"
"right-180","0.5273838043212891","0.46902376413345337","1","1","-1.158255934715271","-1.1732397079467773","0","1","0","1","1","1.033333420753479","1","1","1.033333420753479","0.036042194813489914","0.035023126751184464","-0.035628028213977814","-0.015271341428160667","0.036999162286520004","0.035023123025894165","0.03247106075286865","0.03649180009961128","0.061608947813510895","0","-0.024579236283898354","-0.024608945474028587","0","-0.024273784831166267","0","-0.024608945474028587","0","True","False","1","3","True"
"right-180","0.5429706573486328","0.48410844802856445","1","1","-1.1586238145828247","-1.1732397079467773","0","1","0","1","1","1.033333420753479","1","1","1.033333420753479","0.03598784655332565","0.035023126751184464","-0.03531140461564064","-0.012517263181507587","0.03699534758925438","0.035023123025894165","0.032135363668203354","0.03819698840379715","0.0650307759642601","0","-0.02788504771888256","-0.028030769899487495","0","-0.027214007452130318","0","-0.028030769899487495","0","True","False","1","3","True"
"right-180","0.5867195129394531","0.5264450311660767","1","1","-1.1592053174972534","-1.1732397079467773","0","1","0","1","1","1.033333420753479","1","1","1.033333420753479","0.03605606406927109","0.035023126751184464","-0.03466289862990379","-0.0062379008159041405","0.03699534758925438","0.035023123025894165","0.03185688704252243","0.0436711460351944","0.07385808974504471","0","-0.03747210279107094","-0.03685808554291725","0","-0.03622016683220863","0","-0.03685808554291725","0","True","False","1","3","True"
"right-180","0.6034069061279297","0.5425937175750732","1","1","-1.1594918966293335","-1.1732397079467773","0","1","0","1","1","1.033333420753479","1","1","1.033333420753479","0.03605939447879791","0.03502313047647476","-0.034372977912425995","-0.004524685442447662","0.036999162286520004","0.035023123025894165","0.03148685768246651","0.046249911189079285","0.07783305644989014","0","-0.04162492975592613","-0.04083304852247238","0","-0.04008401930332184","0","-0.04083304852247238","0","True","False","1","3","True"
"right-180","0.6165218353271484","0.5552871823310852","1","1","-1.159422516822815","-1.1732397079467773","0","1","0","1","1","1.033333420753479","1","1","1.033333420753479","0.036167070269584656","0.03502313047647476","-0.03433864563703537","-0.0033930910285562277","0.036999162286520004","0.035023123025894165","0.03123508393764496","0.048370908945798874","0.08123581111431122","0","-0.04479400813579559","-0.044235799461603165","0","-0.04332359880208969","0","-0.044235799461603165","0","True","False","1","3","True"
"right-180","0.6273174285888672","0.5657336711883545","1","1","-1.159745454788208","-1.173243522644043","0","1","0","1","1","1.033333420753479","1","1","1.033333420753479","0.03610631451010704","0.03501931577920914","-0.034075427800416946","-0.0025702621787786484","0.036999162286520004","0.03501930832862854","0.03100619837641716","0.050217244774103165","0.08390994369983673","0","-0.047569289803504944","-0.046909935772418976","0","-0.04577676206827164","0","-0.046909935772418976","0","True","False","1","3","True"
"right-180","0.6400737762451172","0.5780776739120483","1","1","-1.1600396633148193","-1.1732397079467773","0","1","0","1","1","1.033333420753479","1","1","1.033333420753479","0.03607901185750961","0.035023126751184464","-0.03381221368908882","-0.0017104914877563715","0.036999162286520004","0.035023123025894165","0.03104434721171856","0.052429795265197754","0.08748817443847656","0","-0.051096949726343155","-0.05048816278576851","0","-0.049014877527952194","0","-0.05048816278576851","0","True","False","1","3","True"
"right-180","0.6518402099609375","0.5894644260406494","1","1","-1.1599915027618408","-1.173243522644043","0","1","0","1","1","1.033333420753479","1","1","1.033333420753479","0.03614979609847069","0.03501931577920914","-0.0337931364774704","-0.001039374154061079","0.03699534758925438","0.03501930832862854","0.030659057199954987","0.05443253740668297","0.09140591323375702","0","-0.054548706859350204","-0.054405905306339264","0","-0.05251893028616905","0","-0.054405905306339264","0","True","False","1","3","True"
"right-180","0.6889781951904297","0.6254059672355652","1","1","-1.1605257987976074","-1.173243522644043","0","1","0","1","1","1.033333420753479","1","1","1.033333420753479","0.03610293194651604","0.03501931577920914","-0.033323924988508224","0.0004511817533057183","0.03699534758925438","0.03501930832862854","0.029472671449184418","0.05911322683095932","0.10781312733888626","0","-0.06943415105342865","-0.0708131194114685","0","-0.06689179688692093","0","-0.0708131194114685","0","True","False","1","3","True"
"right-180","0.7039527893066406","0.639896810054779","1","1","-1.161025881767273","-1.1732397079467773","0","1","0","1","1","1.033333420753479","1","1","1.033333420753479","0.03582385182380676","0.035023126751184464","-0.033110298216342926","0.0011704015778377652","0.03699534758925438","0.035023123025894165","0.02867920510470867","0.059262003749608994","0.1158507913351059","0","-0.07690320909023285","-0.07885078340768814","0","-0.07386454194784164","0","-0.07885078340768814","0","True","False","1","3","True"
"right-180","0.7164573669433594","0.6519976258277893","1","1","-1.1609809398651123","-1.173243522644043","0","1","0","1","1","1.033333420753479","1","1","1.033333420753479","0.03583319112658501","0.03501931577920914","-0.0331522598862648","0.002061408944427967","0.036999162286520004","0.03501930832862854","0.0278056301176548","0.0583617240190506","0.1237015351653099","0","-0.08370445668697357","-0.08670152723789215","0","-0.08071371912956238","0","-0.08670152723789215","0","True","False","1","3","True"
"right-180","0.7271862030029297","0.6623802185058594","1","1","-1.1615612506866455","-1.173243522644043","0","1","0","1","1","1.033333420753479","1","1","1.033333420753479","0.03546547889709473","0.03501931577920914","-0.032942451536655426","0.0030920980498194695","0.03699534758925438","0.03501930832862854","0.02722960337996483","0.057034190744161606","0.12998440861701965","0","-0.08958796411752701","-0.0929844081401825","0","-0.0860261619091034","0","-0.0929844081401825","0","True","False","1","3","True"
"right-180","0.7400341033935547","0.6748138666152954","1","1","-1.1614840030670166","-1.173243522644043","0","1","0","1","1","1.033333420753479","1","1","1.033333420753479","0.03547519072890282","0.03501931577920914","-0.0330149307847023","0.004710674285888672","0.036999162286520004","0.03501930832862854","0.026451393961906433","0.054981861263513565","0.13806785643100739","0","-0.09637589007616043","-0.10106784850358963","0","-0.09289097040891647","0","-0.10106784850358963","0","True","False","1","3","True"
"right-180","0.7521820068359375","0.6865708827972412","1","1","-1.1614038944244385","-1.1732397079467773","0","1","0","1","1","1.033333420753479","1","1","1.033333420753479","0.03547725826501846","0.03502313047647476","-0.03309885412454605","0.006604557391256094","0.03699534386396408","0.035023123025894165","0.02579907514154911","0.052738793194293976","0.14534638822078705","0","-0.10228458791971207","-0.1083463802933693","0","-0.09888981282711029","0","-0.1083463802933693","0","True","False","1","3","True"
"right-180","0.7893619537353516","0.7225513458251953","1","1","-1.1630290746688843","-1.1441909074783325","0","0","0","1","1","1.033333420753479","1","1","1.033333420753479","0.03437081351876259","0.06697329878807068","-0.03258005157113075","0.01594730094075203","0.036999162286520004","0.0942012369632721","0.028431247919797897","0.13832256197929382","0.13272340595722198","0","-0.08741551637649536","-0.09572339057922363","0.0942012369632721","-0.08239087462425232","-0.00926392525434494","-0.09572339057922363","0.0942012369632721","True","True","1","1","True"
"right-180","0.8039989471435547","0.7367154359817505","1","1","-1.1635295152664185","-1.1308172941207886","0","0","0","1","1","1.033333420753479","1","1","1.033333420753479","0.03401622548699379","0.0797571986913681","-0.032427459955215454","0.017812710255384445","0.036999162286520004","0.08336355537176132","0.029815999791026115","0.1482599675655365","0.12422797083854675","0","-0.07815798372030258","-0.0872279554605484","0.08336355537176132","-0.0726253092288971","-0.021761715412139893","-0.0872279554605484","0.08336355537176132","True","True","1","1","True"
"right-180","0.8161525726318359","0.7484779357910156","1","1","-1.163362979888916","-1.1195452213287354","0","0","0","1","1","1.033333420753479","1","1","1.033333420753479","0.03404126688838005","0.09093854576349258","-0.032564789056777954","0.019544603303074837","0.03699534758925438","0.09482685476541519","0.03086123988032341","0.15724749863147736","0.11694562435150146","0","-0.06982813775539398","-0.07994561642408371","0.09482685476541519","-0.06446391344070435","-0.011420287191867828","-0.07994561642408371","0.09482685476541519","True","True","1","1","True"
"right-180","0.8274002075195312","0.7593621015548706","1","1","-1.1638718843460083","-1.1096904277801514","0","0","0","1","1","1.033333420753479","1","1","1.033333420753479","0.03371945396065712","0.10013148933649063","-0.03237023949623108","0.020093927159905434","0.03699534758925438","0.10638552904129028","0.031959883868694305","0.15165509283542633","0.10925128310918808","0","-0.061812058091163635","-0.07225127518177032","0.10638552904129028","-0.05592896044254303","-0.00048663467168807983","-0.07225127518177032","0.10638552904129028","True","True","1","1","True"
"right-180","0.8393840789794922","0.7709591388702393","1","1","-1.1607818603515625","-1.100138545036316","0.17000000178813934","0","0","1","1","1.033333420753479","1","1","1.033333420753479","0.036992453038692474","0.10897067934274673","-0.032175686210393906","0.02009011246263981","0.036999162286520004","0.11530439555644989","0.019657336175441742","0.1446702927350998","0.07294636964797974","0","-0.05328059569001198","-0.03594636172056198","0.11530439555644989","-0.050473831593990326","0.008118994534015656","-0.06782711297273636","0.11530439555644989","True","True","2","1","True"
"right-180","0.8510761260986328","0.7822749614715576","1","1","-1.1606919765472412","-1.091972827911377","0.3400000035762787","0","0","1","1","1.033333420753479","1","1","1.033333420753479","0.037126511335372925","0.11704941093921661","-0.0321241058409214","0.020109185948967934","0.03699534758925438","0.12338783591985703","0.02279687114059925","0.15056025981903076","0.05330425128340721","0","-0.04540063068270683","-0.016304248943924904","0.12338783591985703","-0.04267886281013489","0.01602403074502945","-0.06109021604061127","0.12338783591985703","True","True","3","1","True"
"right-180","0.8613433837890625","0.7922104001045227","1","1","-1.160826325416565","-1.085960030555725","0.5099999904632568","0","0","1","1","1.033333420753479","1","1","1.033333420753479","0.03699220344424248","0.12231894582509995","-0.032112967222929","0.019052501767873764","0.036999158561229706","0.12808379530906677","0.025455746799707413","0.14250732958316803","0.036870334297418594","0","-0.039064425975084305","0.00012966545182280242","0.12808379530906677","-0.03619331121444702","0.020730063319206238","-0.055535610765218735","0.12808379530906677","True","True","3","1","True"
"right-180","0.8977642059326172","0.827456533908844","1","1","-1.1608986854553223","-1.0743234157562256","0.6800000071525574","0","0","1","1","1.033333420753479","1","1","1.033333420753479","0.036919787526130676","0.1322329044342041","-0.03206370770931244","0.01372330542653799","0.03699534758925438","0.13628166913986206","0.028206177055835724","0.14818748831748962","0.019116515293717384","0","-0.021683335304260254","0.017883481457829475","0.13628166913986206","-0.01869547925889492","0.031064756214618683","-0.04106912761926651","0.13628166913986206","True","True","3","1","True"
"right-180","0.9111099243164062","0.8403710722923279","1","1","-1.1608264446258545","-1.0737082958221436","0.8500000238418579","0","0","1","1","1.033333420753479","1","1","1.033333420753479","0.036991994827985764","0.1327328383922577","-0.03203397989273071","0.011495495215058327","0.03699534758925438","0.13684625923633575","0.030987124890089035","0.14737112820148468","0.009366031736135483","0","-0.017212070524692535","0.027633965015411377","0.13684625923633575","-0.014267083257436752","0.033372484147548676","-0.03757324814796448","0.13684625923633575","True","True","3","1","True"
"right-180","0.9222755432128906","0.8511762022972107","1","1","-1.1627954244613647","-1.074512004852295","1","0","0","1","1","1.033333420753479","1","1","1.033333420753479","0.03502311930060387","0.13111236691474915","-0.03201138600707054","0.008649696595966816","0.035023123025894165","0.13353124260902405","0.03085360862314701","0.14306429028511047","0","0","-0.014119784347712994","0","0.13353124260902405","0","0.031925901770591736","0","0.13353124260902405","False","True","3","1","True"
"right-180","0.9344463348388672","0.8629547953605652","1","1","-1.1627992391586304","-1.0767849683761597","1","0","0","1","1","1.033333420753479","1","1","1.033333420753479","0.03501930460333824","0.12873977422714233","-0.031984277069568634","0.006109077017754316","0.03501930832862854","0.13122332096099854","0.03084597922861576","0.1394936889410019","0","0","-0.011327482759952545","0","0.13122332096099854","0","0.03224233537912369","0","0.13122332096099854","False","True","3","1","True"
"right-180","0.9447479248046875","0.872924268245697","1","1","-1.1627992391586304","-1.079350471496582","1","0","0","1","1","1.033333420753479","1","1","1.033333420753479","0.03501930460333824","0.1253611445426941","-0.031961724162101746","0.00308780069462955","0.03501930832862854","0.12623745203018188","0.03083834983408451","0.13332906365394592","0","0","-0.009370831772685051","0","0.12623745203018188","0","0.029570788145065308","0","0.12623745203018188","False","True","3","1","True"
"right-180","0.9571628570556641","0.8849387764930725","1","1","-1.1627954244613647","-1.0831738710403442","1","0","0","1","1","1.033333420753479","1","1","1.033333420753479","0.03502311930060387","0.12070094794034958","-0.03192933648824692","-0.0005972413928247988","0.035023123025894165","0.12009571492671967","0.030826905742287636","0.12584072351455688","0","0","-0.007430007215589285","0","0.12009571492671967","0","0.02634209394454956","0","0.12009571492671967","False","True","3","1","True"
"right-180","0.9690742492675781","0.8964663147926331","1","1","-1.1627954244613647","-1.0875670909881592","1","0","0","1","1","1.033333420753479","1","1","1.033333420753479","0.035023123025894165","0.11622729897499084","-0.03189404308795929","-0.003530779154971242","0.035023123025894165","0.11578505486249924","0.030819276347756386","0.12066411226987839","0","0","-0.0059280977584421635","0","0.11578505486249924","0","0.025074556469917297","0","0.11578505486249924","False","True","3","1","True"
"right-180","1.0050678253173828","0.9312986135482788","1","1","-1.1627992391586304","-1.104224681854248","1","0","0","1","1","1.033333420753479","1","1","1.033333420753479","0.03501930460333824","0.09800151735544205","-0.03178434073925018","-0.013750475831329823","0.03501930832862854","0.09517018496990204","0.03082309104502201","0.09980890899896622","0","0","-0.002944860141724348","0","0.09517018496990204","0","0.015448898077011108","0","0.09517018496990204","False","True","3","1","True"
"right-180","1.0190544128417969","0.9448341131210327","1","1","-1.1627954244613647","-1.1114089488983154","1","0","0","1","1","1.033333420753479","1","1","1.033333420753479","0.03502311930060387","0.09011895954608917","-0.03173283115029335","-0.017599552869796753","0.035023123025894165","0.08617883175611496","0.03083834983408451","0.09124099463224411","0","0","-0.002232661936432123","0","0.08617883175611496","0","0.01120438426733017","0","0.08617883175611496","False","True","3","1","True"
"right-180","1.0323486328125","0.9576997756958008","1","1","-1.1627954244613647","-1.118452787399292","1","0","0","1","1","1.033333420753479","1","1","1.033333420753479","0.03502311930060387","0.08310943096876144","-0.03168291971087456","-0.02031564898788929","0.035023123025894165","0.07943817973136902","0.03084598109126091","0.08533196151256561","0","0","-0.0017120265401899815","0","0.07943817973136902","0","0.009275965392589569","0","0.07943817973136902","False","True","3","1","True"
"right-180","1.0473403930664062","0.9722076654434204","1","1","-1.1627954244613647","-1.125307559967041","1","0","0","1","1","1.033333420753479","1","1","1.033333420753479","0.03502311930060387","0.07566535472869873","-0.03162357583642006","-0.023714585229754448","0.035023123025894165","0.07104574888944626","0.030865052714943886","0.0774507001042366","0","0","-0.001265701837837696","0","0.07104574888944626","0","0.005374990403652191","0","0.07104574888944626","False","True","3","1","True"
"right-180","1.0607662200927734","0.985199511051178","1","1","-1.1627954244613647","-1.1304562091827393","1","0","0","1","1","1.033333420753479","1","1","1.033333420753479","0.03502311930060387","0.07003126293420792","-0.031551722437143326","-0.02660997584462166","0.035023123025894165","0.06459882855415344","0.030964236706495285","0.07133948057889938","0","0","-0.0009638299816288054","0","0.06459882855415344","0","0.0019681453704833984","0","0.06459882855415344","False","True","3","1","True"
"right-180","1.0750751495361328","0.9990483522415161","1","1","-1.1627954244613647","-1.1342452764511108","1","0","0","1","1","1.033333420753479","1","1","1.033333420753479","0.03502311930060387","0.06640692800283432","-0.03149433434009552","-0.028223613277077675","0.035023123025894165","0.06131815165281296","0.031055791303515434","0.06852801889181137","0","0","-0.0007194249192252755","0","0.06131815165281296","0","0.0009423084557056427","0","0.06131815165281296","False","True","3","1","True"
"right-180","1.112295150756836","1.035066843032837","1","1","-1.1627954244613647","-1.139644980430603","1","0","0","1","1","1.033333420753479","1","1","1.033333420753479","0.035023123025894165","0.06048350781202316","-0.024835029616951942","-0.02920781634747982","0.035023123025894165","0.05465379357337952","0.0279963668435812","0.060848936438560486","0","0","-0.0003331500047352165","0","0.05465379357337952","0","-0.0003937333822250366","0","0.05465379357337952","False","True","3","1","True"
"right-180","1.12762451171875","1.0482531785964966","0.7012694478034973","0","-1.1627992391586304","-1.1391656398773193","1","0","0","1","1","1.1625397205352783","1","1","1.033333420753479","0.03501930832862854","0.05978812277317047","-0.024072891101241112","-0.02992880344390869","0.03501930832862854","0.05510774627327919","0.027378376573324203","0.060932863503694534","0","0","-0.00024194412981159985","0","0.05510774999856949","0","0.00012617558240890503","0","0.05510774999856949","False","True","3","1","False"
"right-180","1.1424694061279297","1.060396432876587","0.5136622190475464","0","-1.1627953052520752","-1.1219959259033203","1","0","0","1","1","1.2224657535552979","1","1","1.033333420753479","0.035023123025894165","0.07635486125946045","-0.023921186104416847","-0.03008902259171009","0.035023123025894165","0.0782899409532547","0.027386007830500603","0.08365347236394882","0","0","-0.00017723088967613876","0","0.0782899409532547","0","0.006646260619163513","0","0.0782899409532547","False","True","3","1","False"
"right-180","1.1599979400634766","1.07392156124115","0.3273710608482361","0","-1.1627954244613647","-1.1474815607070923","1","0","0","1","1","1.295938491821289","1","1","1.033333420753479","0.03502311930060387","0.05036674067378044","-0.024950871244072914","-0.030069949105381966","0.035023123025894165","0.04332781955599785","0.028160400688648224","0.048946935683488846","0","0","-0.00012248102575540543","0","0.04332781955599785","0","-0.002255260944366455","0","0.04332781955599785","False","True","3","1","False"
"right-180","1.1731758117675781","1.083677053451538","0.21108727157115936","0","-1.1663830280303955","-1.1489661931991577","0","0","0","1","1","1.350809931755066","1","1","1.033333420753479","0.03732820972800255","0.04855874553322792","-0.02052164636552334","-0.03000509738922119","0.043072231113910675","0.036999162286520004","0.025940220803022385","0.03648798540234566","0.04344313591718674","0.019341586157679558","-9.268816938856617E-05","-0.00036625098437070847","0.01765841245651245","0.020106494426727295","-0.0066805556416511536","-0.00036625098437070847","0.01765841245651245","True","True","1","1","False"
"right-180","1.1846981048583984","1.0919227600097656","0.1254127025604248","0","-1.1681406497955322","-1.147404670715332","0","0","0","1","1","1.3975129127502441","1","1","1.033333420753479","0.035947348922491074","0.04995376616716385","-0.021749993786215782","-0.029833434149622917","0.03990599513053894","0.03699534758925438","0.0281336959451437","0.031246529892086983","0.03415042161941528","0.03756461665034294","-7.258936966536567E-05","0.0057564121671020985","-0.0005646164645440876","0.017111845314502716","-0.007888656109571457","0.0057564121671020985","-0.0005646164645440876","True","True","1","1","False"
"right-180","1.2227096557617188","0.5580984354019165","0","0","-1.174142599105835","-1.150240421295166","0","0","0","1","1","1.9500000476837158","1","1","0","0.030467700213193893","0.047146931290626526","-0.024717863649129868","-0.029178470373153687","0.03699534386396408","0.03699534758925438","0.04034850373864174","0.02587537094950676","0.0031174831092357635","0.06334847211837769","-3.222640589228831E-05","0.033882513642311096","-0.02634846791625023","0.016754940152168274","-0.004372278228402138","0.033882513642311096","-0.02634846791625023","True","True","1","1","False"
"right-180","1.2377853393554688","0.5658302903175354","0","0","-1.1649284362792969","-1.16041898727417","0","0.17000000178813934","1","1","1","1.9500000476837158","1","1","0","0.039635069668293","0.03699199855327606","-0.024763640016317368","-0.029140323400497437","0.04938944801688194","0.03699534758925438","0.05532900243997574","0.0030593888368457556","0","0.026211939752101898","-2.3315491489483975E-05","0.04938944801688194","0.010788059793412685","0.01994352601468563","0.005828429013490677","0.04938944801688194","-0.0224798321723938","True","True","1","2","False"
"right-180","1.250539779663086","0.5723710060119629","0","0","-1.1560410261154175","-1.1604185104370117","0","0.3400000035762787","1","1","1","1.9500000476837158","1","1","0","0.04852251708507538","0.037012603133916855","-0.024763640016317368","-0.02912781946361065","0.05740422382950783","0.036999162286520004","0.06341244280338287","0.009540637955069542","0","0.021252773702144623","-1.7720323739922605E-05","0.05740422382950783","0.015747224912047386","0.01907467097043991","0.005827954970300198","0.05740422382950783","-0.025406545028090477","True","True","1","3","False"
"right-180","1.2631912231445312","0.5788581371307373","0","0","-1.150033712387085","-1.160430669784546","0","0.5099999904632568","1","1","1","1.9500000476837158","1","1","0","0.05449676513671875","0.037000399082899094","-0.024797974154353142","-0.029145432636141777","0.06206965446472168","0.036999162286520004","0.06846316158771515","0.015480194240808487","0","0.016289791092276573","-1.348981913906755E-05","0.06206965446472168","0.020710207521915436","0.01773533597588539","0.00582636334002018","0.06206965446472168","-0.02653120458126068","True","True","1","3","False"
"right-180","1.2757606506347656","0.5853040814399719","0","0","-1.146091341972351","-1.1604310274124146","0","0.6800000071525574","1","1","1","1.9500000476837158","1","1","0","0.058439210057258606","0.037000007927417755","-0.024797974154353142","-0.02918347157537937","0.06507185846567154","0.03699534758925438","0.07165610790252686","0.02105734869837761","0","0.011342067271471024","-1.0281100003339816E-05","0.06507185846567154","0.025657929480075836","0.01679891347885132","0.005788717418909073","0.06507185846567154","-0.02697446569800377","True","True","1","3","False"
"right-180","1.2872180938720703","0.5911797285079956","0","0","-1.1437304019927979","-1.160430908203125","0","0.8500000238418579","1","1","1","1.9500000476837158","1","1","0","0.060777124017477036","0.037000179290771484","-0.024820862337946892","-0.029225122183561325","0.06678467988967896","0.036999162286520004","0.0734337717294693","0.027359304949641228","0","0.006379086524248123","-8.022686415642966E-06","0.06678467988967896","0.030620910227298737","0.01615474745631218","0.00575452484190464","0.06678467988967896","-0.02708592638373375","True","True","1","3","False"
"right-180","1.324258804321289","0.6101752519607544","0","0","-1.1679612398147583","-1.1604585647583008","0.09260324388742447","0.9426032900810242","1","1","1","1.9500000476837158","1","1","0","0.041579850018024445","0.036972519010305405","0.03399866819381714","-0.029417207464575768","0.03699534758925438","0.03699534758925438","0.026108069345355034","0.03118930757045746","0.03127410635352135","0.0041016824543476105","-0.007398162502795458","0.0057258945889770985","0.03289831057190895","0.0032066127751022577","-0.001802876591682434","0.05699305236339569","-0.03450946882367134","True","True","3","3","False"
"right-180","1.3372650146484375","0.6168450117111206","0","0","-1.1674827337265015","-1.1604821681976318","0.12511825561523438","0.9751182794570923","1","1","1","1.9500000476837158","1","1","0","0.036992281675338745","0.03697569668292999","-0.024855194613337517","-0.02947220578789711","0.036999162286520004","0.036999162286520004","0.024399064481258392","0.03154026344418526","0.03340654820203781","0.002995409071445465","-0.011022400110960007","0.0035934532061219215","0.034004587680101395","-0.0008934303186833858","-0.005481239408254623","0.05322820693254471","-0.038046617060899734","True","True","3","3","False"
"right-180","1.3494014739990234","0.6230692863464355","0","0","-1.1674898862838745","-1.1624691486358643","0.15546150505542755","1","1","1","1","1.9500000476837158","1","1","0","0.036988645792007446","0.034988291561603546","-0.024851379916071892","-0.029552316293120384","0.03699534386396408","0.03501167893409729","0.022270437330007553","0.029583299532532692","0.04781864956021309","0","-0.0293828547000885","-0.010818647220730782","0","-0.019250156357884407","0","0.034984081983566284","0","True","False","3","3","False"
"right-180","1.361175537109375","0.6291065216064453","0","0","-1.1674829721450806","-1.1624749898910522","0.18489299714565277","1","1","1","1","1.9500000476837158","1","1","0","0.0369926393032074","0.034988291561603546","-0.024859009310603142","-0.029628610238432884","0.036999162286520004","0.03501167893409729","0.0226747989654541","0.029579484835267067","0.04622790217399597","0","-0.029381820932030678","-0.00922789890319109","0","-0.019257960841059685","0","0.034951284527778625","0","True","False","3","3","False"
"right-180","1.3737068176269531","0.635532796382904","0","0","-1.1674938201904297","-1.162474513053894","0.21622100472450256","1","1","1","1","1.9500000476837158","1","1","0","0.03698519244790077","0.034988291561603546","-0.024851379916071892","-0.029712533578276634","0.03699534758925438","0.03501167893409729","0.0231249388307333","0.029575670138001442","0.04451889544725418","0","-0.029377887025475502","-0.007518894504755735","0","-0.019242890179157257","0","0.03492201119661331","0","True","False","3","3","False"
"right-180","1.385732650756836","0.641700267791748","0","0","-1.1675009727478027","-1.162477970123291","0.2462875097990036","1","1","1","1","1.9500000476837158","1","1","0","0.03698155656456947","0.03498447686433792","-0.024847565218806267","-0.029796458780765533","0.03699534758925438","0.035007864236831665","0.023571263998746872","0.029568040743470192","0.042874742299318314","0","-0.02936950884759426","-0.005874739959836006","0","-0.019227810204029083","0","0.034863926470279694","0","True","False","3","3","False"
"right-180","1.3978500366210938","0.6479142904281616","0","0","-1.1674944162368774","-1.1624833345413208","0.2765807509422302","1","1","1","1","1.9500000476837158","1","1","0","0.0369817353785038","0.03498448058962822","-0.024855194613337517","-0.029876569285988808","0.03699534386396408","0.035007864236831665","0.02402903325855732","0.029568040743470192","0.04122677072882652","0","-0.029353147372603416","-0.004226770717650652","0","-0.01922035962343216","0","0.03476245328783989","0","True","False","3","3","False"
"right-180","1.4338531494140625","0.6663771867752075","0","0","-1.1675010919570923","-1.1624852418899536","0.36658748984336853","1","1","1","1","1.9500000476837158","1","1","0","0.036982275545597076","0.034988295286893845","-0.024847565218806267","-0.030120711773633957","0.036999162286520004","0.035007864236831665","0.025421414524316788","0.029564226046204567","0.03625234588980675","0","-0.029218176379799843","0.0007476549362763762","0","-0.019072121009230614","0","0.03460824489593506","0","True","False","3","3","False"
"right-180","1.4466571807861328","0.6729434728622437","0","0","-1.167508602142334","-1.1624882221221924","0.39859798550605774","1","1","1","1","1.9500000476837158","1","1","0","0.03697865083813667","0.034988291561603546","-0.024843750521540642","-0.03020082227885723","0.03699534758925438","0.035007864236831665","0.02591351605951786","0.029556596651673317","0.03448230400681496","0","-0.02915630117058754","0.0025176950730383396","0","-0.01900746300816536","0","0.03454861044883728","0","True","False","3","3","False"
"right-180","1.4593544006347656","0.6794552803039551","0","0","-1.1675018072128296","-1.1624903678894043","0.43034300208091736","1","1","1","1","1.9500000476837158","1","1","0","0.036978840827941895","0.034988295286893845","-0.024851379916071892","-0.030280930921435356","0.036999162286520004","0.03501167893409729","0.026397990062832832","0.029556596651673317","0.03273133933544159","0","-0.02909003384411335","0.0042686620727181435","0","-0.018946614116430283","0","0.03453749045729637","0","True","False","3","3","False"
"right-180","1.4710807800292969","0.6854685544967651","0","0","-1.1675091981887817","-1.1624939441680908","0.45965775847435","1","1","1","1","1.9500000476837158","1","1","0","0.0369752012193203","0.03498448431491852","-0.024847565218806267","-0.03035341203212738","0.03699534758925438","0.035007864236831665","0.02684049867093563","0.029564226046204567","0.0311138853430748","0","-0.02902599237859249","0.005886114202439785","0","-0.01887812465429306","0","0.03453407064080238","0","True","False","3","3","False"
"right-180","1.482198715209961","0.6911698579788208","0","0","-1.1675126552581787","-1.1624937057495117","0.4874517321586609","1","1","1","1","1.9500000476837158","1","1","0","0.036971550434827805","0.03498829901218414","-0.024847565218806267","-0.030418261885643005","0.03699534758925438","0.035007864236831665","0.02725249156355858","0.029560411348938942","0.029580358415842056","0","-0.028963398188352585","0.007419641129672527","0","-0.018809624016284943","0","0.03452709689736366","0","True","False","3","3","False"
"right-180","1.4938526153564453","0.6971462368965149","0","0","-1.16751229763031","-1.1624972820281982","0.5165864825248718","1","1","1","1","1.9500000476837158","1","1","0","0.03697554022073746","0.03498448058962822","-0.024843750521540642","-0.03049074113368988","0.036999162286520004","0.03500404953956604","0.02768355794250965","0.029560411348938942","0.027978166937828064","0","-0.028895946219563484","0.009021833539009094","0","-0.018741130828857422","0","0.034517303109169006","0","True","False","3","3","False"
"right-180","1.5046920776367188","0.7027050256729126","0","0","-1.1675195693969727","-1.1624970436096191","0.5436854958534241","1","1","1","1","1.9500000476837158","1","1","0","0.036971885710954666","0.03498447686433792","-0.024839935824275017","-0.03055940754711628","0.03699534758925438","0.03500404953956604","0.02806503139436245","0.029560411348938942","0.02649041637778282","0","-0.028831904754042625","0.010509582236409187","0","-0.018672628328204155","0","0.03450975567102432","0","True","False","3","3","False"
"right-180","1.5422306060791016","0.7219557762145996","0","0","-1.16753351688385","-1.1624962091445923","0.6375330090522766","1","1","1","1","1.9500000476837158","1","1","0","0.03696862980723381","0.03498447686433792","-0.024828491732478142","-0.030799735337495804","0.036999162286520004","0.035007864236831665","0.029323898255825043","0.029556596651673317","0.021348142996430397","0","-0.0285648126155138","0.015651855617761612","0","-0.0183870829641819","0","0.03448421508073807","0","True","False","3","3","False"
"right-180","1.555868148803711","0.7289495468139648","0","0","-1.1675444841384888","-1.1624921560287476","0.6716275215148926","1","1","1","1","1.9500000476837158","1","1","0","0.03696120157837868","0.034988295286893845","-0.024828489869832993","-0.030883660539984703","0.036991532891988754","0.03501167893409729","0.029762592166662216","0.029556596651673317","0.019490361213684082","0","-0.02846788801252842","0.017509637400507927","0","-0.018288100138306618","0","0.03445424512028694","0","True","False","3","3","False"
"right-180","1.5675220489501953","0.7349254488945007","0","0","-1.1675440073013306","-1.162491798400879","0.700760006904602","1","1","1","1","1.9500000476837158","1","1","0","0.03696519136428833","0.034988295286893845","-0.024824675172567368","-0.030952325090765953","0.036999158561229706","0.03501167893409729","0.030128808692097664","0.029552781954407692","0.017914872616529465","0","-0.028384655714035034","0.019085125997662544","0","-0.01820053718984127","0","0.03442424535751343","0","True","False","3","3","False"
"right-180","1.5801410675048828","0.7413973212242126","0","0","-1.1675549745559692","-1.1624953746795654","0.7323102951049805","1","1","1","1","1.9500000476837158","1","1","0","0.036957748234272","0.03498448058962822","-0.024820862337946892","-0.031028620898723602","0.03699534758925438","0.035007864236831665","0.030510282143950462","0.029548967257142067","0.016205865889787674","0","-0.02829255536198616","0.020794130861759186","0","-0.018101539462804794","0","0.03441326320171356","0","True","False","3","3","False"
"right-180","1.5923480987548828","0.7476570010185242","0","0","-1.167554497718811","-1.1624913215637207","0.7628262639045715","1","1","1","1","1.9500000476837158","1","1","0","0.03696174547076225","0.034988295286893845","-0.024817047640681267","-0.031101100146770477","0.036999162286520004","0.03501167893409729","0.03087649680674076","0.029548967257142067","0.014561712741851807","0","-0.028200721368193626","0.022438285872340202","0","-0.018006352707743645","0","0.034375470131635666","0","True","False","3","3","False"
"right-180","1.6033000946044922","0.7532734870910645","0","0","-1.167561650276184","-1.1624910831451416","0.790206789970398","1","1","1","1","1.9500000476837158","1","1","0","0.03695809096097946","0.034988295286893845","-0.024813232943415642","-0.031162137165665627","0.03699534386396408","0.03501167893409729","0.031193122267723083","0.029548967257142067","0.01309303566813469","0","-0.028117144480347633","0.02390696294605732","0","-0.017918774858117104","0","0.03440624848008156","0","True","False","3","3","False"
"right-180","1.615701675415039","0.7596331238746643","0","0","-1.1675649881362915","-1.162490963935852","0.8212100267410278","1","1","1","1","1.9500000476837158","1","1","0","0.036958277225494385","0.034988295286893845","-0.024809416383504868","-0.0312346164137125","0.036999162286520004","0.03501167893409729","0.03159366920590401","0.029545152559876442","0.011429807171225548","0","-0.028022311627864838","0.025570189580321312","0","-0.01781596429646015","0","0.03441034257411957","0","True","False","3","3","False"
"right-180","1.6504364013671875","0.7774454355239868","0","0","-1.1675790548324585","-1.1624904870986938","0.9080450534820557","1","1","1","1","1.9500000476837158","1","1","0","0.036954980343580246","0.034988295286893845","-0.024801788851618767","-0.031421538442373276","0.036999162286520004","0.03501167893409729","0.03289831057190895","0.029541337862610817","0.006810152903199196","0","-0.027742162346839905","0.030189843848347664","0","-0.017522746697068214","0","0.034476056694984436","0","True","False","3","3","False"
"right-180","1.6640148162841797","0.7844088077545166","0","0","-1.1675862073898315","-1.1625066995620728","0.9419915676116943","1","1","1","1","1.9500000476837158","1","1","0","0.03695136681199074","0.03497186303138733","-0.024797972291707993","-0.03147377446293831","0.03699534758925438","0.03501930832862854","0.033153899013996124","0.02978929691016674","0.005021039396524429","0","-0.02764143981039524","0.03197895735502243","0","-0.017419952899217606","0","0.03449925780296326","0","True","False","3","3","False"
"right-180","1.6761436462402344","0.7906293869018555","0","0","-1.1675934791564941","-1.1625028848648071","0.9723168015480042","1","1","1","1","1.9500000476837158","1","1","0","0.03694773465394974","0.034975677728652954","-0.024794159457087517","-0.03152718022465706","0.03699534758925438","0.035023123025894165","0.033245451748371124","0.02998003363609314","0.0034264735877513885","0","-0.027556942775845528","0.03357352316379547","0","-0.017328575253486633","0","0.03453380614519119","0","True","False","3","3","False"
"right-180","1.686492919921875","0.7959360480308533","0","0","-1.1675970554351807","-1.1625027656555176","0.9981868267059326","1","1","1","1","1.9500000476837158","1","1","0","0.036947887390851974","0.034975677728652954","-0.024790342897176743","-0.03157295659184456","0.03699534758925438","0.03502693772315979","0.03326452523469925","0.03010973520576954","0.0020722411572933197","0","-0.027488432824611664","0.03492775559425354","0","-0.017256248742341995","0","0.03453774377703667","0","True","False","3","3","False"
"right-180","1.6984634399414062","0.8020749688148499","0","0","-1.1695728302001953","-1.1625064611434937","1","1","1","1","1","1.9500000476837158","1","1","0","0.03497186303138733","0.034975677728652954","-0.024794159457087517","-0.03162636235356331","0.03501930832862854","0.035023123025894165","0.031299933791160583","0.030227992683649063","0","0","-0.027410639449954033","0","0","0","0","0","0","False","False","3","3","False"
"right-180","1.7104072570800781","0.8081997632980347","0","0","-1.1695765256881714","-1.1625102758407593","1","1","1","1","1","1.9500000476837158","1","1","0","0.03497186303138733","0.03497186303138733","-0.024786528199911118","-0.031668324023485184","0.03501930832862854","0.03501930832862854","0.03130374848842621","0.030327174812555313","0","0","-0.027333475649356842","0","0","0","0","0","0","False","False","3","3","False"
"right-180","1.7206802368164062","0.8134687542915344","0","0","-1.1695802211761475","-1.1625101566314697","1","1","1","1","1","1.9500000476837158","1","1","0","0.03497185930609703","0.034975677728652954","-0.024782715365290642","-0.03170647472143173","0.03501930832862854","0.035023123025894165","0.031307563185691833","0.030392026528716087","0","0","-0.02726723812520504","0","0","0","0","0","0","False","False","3","3","False"
"right-180","1.7561569213867188","0.8316611051559448","0","0","-1.1695835590362549","-1.1625173091888428","1","1","1","1","1","1.9500000476837158","1","1","0","0.034975674003362656","0.034975677728652954","-0.024771269410848618","-0.03181710094213486","0.035023123025894165","0.035023123025894165","0.03131900727748871","0.03053317219018936","0","0","-0.027005305513739586","0","0","0","0","0","0","False","False","3","3","False"
"right-180","1.768941879272461","0.838218092918396","0","0","-1.1695871353149414","-1.1625208854675293","1","1","1","1","1","1.9500000476837158","1","1","0","0.03497186303138733","0.034975677728652954","-0.024736937135457993","-0.03181328624486923","0.03501930832862854","0.035023123025894165","0.03132663667201996","0.03056368976831436","0","0","-0.026914170011878014","0","0","0","0","0","0","False","False","3","3","False"
"right-180","1.7814960479736328","0.8446559906005859","0","0","-1.1695870161056519","-1.1625244617462158","1","1","1","1","1","1.9500000476837158","1","1","0","0.034975677728652954","0.03497186303138733","-0.024694975465536118","-0.03181328624486923","0.035023123025894165","0.03501931205391884","0.03132663667201996","0.030582763254642487","0","0","-0.026827942579984665","0","0","0","0","0","0","False","False","3","3","False"
"right-180","1.794748306274414","0.8514519333839417","0","0","-1.1695905923843384","-1.1625242233276367","1","1","1","1","1","1.9500000476837158","1","1","0","0.034975677728652954","0.034975677728652954","-0.024645384401082993","-0.03180947154760361","0.035023123025894165","0.035023123025894165","0.03132663667201996","0.030598022043704987","0","0","-0.02674032375216484","0","0","0","0","0","0","False","False","3","3","False"
"right-180","1.8084220886230469","0.858464241027832","0","0","-1.169597864151001","-1.1625276803970337","1","1","1","1","1","1.9500000476837158","1","1","0","0.03497186303138733","0.034975677728652954","-0.02459579147398472","-0.03180565685033798","0.03501930832862854","0.035023123025894165","0.031330451369285583","0.03060946613550186","0","0","-0.026653369888663292","0","0","0","0","0","0","False","False","3","3","False"
"right-180","1.8206825256347656","0.8647513389587402","0","0","-1.1696014404296875","-1.1625312566757202","1","1","1","1","1","1.9500000476837158","1","1","0","0.03497186303138733","0.034975674003362656","-0.02455001510679722","-0.03180565685033798","0.03501930832862854","0.035023123025894165","0.031330451369285583","0.030613280832767487","0","0","-0.02657884545624256","0","0","0","0","0","0","False","False","3","3","False"
"right-180","1.8570060729980469","0.8833788633346558","0","0","-1.1696083545684814","-1.1625422239303589","1","1","1","1","1","1.9500000476837158","1","1","0","0.03497186303138733","0.03497186675667763","-0.024424128234386444","-0.03179802745580673","0.03501930832862854","0.03501930832862854","0.03133426606655121","0.03061709553003311","0","0","-0.026355180889368057","0","0","0","0","0","0","False","False","3","3","False"
"right-180","1.8697280883789062","0.889902651309967","0","0","-1.169608235359192","-1.1625422239303589","1","1","1","1","1","1.9500000476837158","1","1","0","0.03497186675667763","0.03497186303138733","-0.024393610656261444","-0.03179802745580673","0.03501930832862854","0.03501930832862854","0.03133426606655121","0.03061709553003311","0","0","-0.02628401480615139","0","0","0","0","0","0","False","False","3","3","False"
"right-180","1.8819026947021484","0.8961461186408997","0","0","-1.169611930847168","-1.1625384092330933","1","1","1","1","1","1.9500000476837158","1","1","0","0.03497186303138733","0.034975677728652954","-0.024363093078136444","-0.03179802745580673","0.03501930832862854","0.035023123025894165","0.031338080763816833","0.030620910227298737","0","0","-0.02621919848024845","0","0","0","0","0","0","False","False","3","3","False"
"right-180","1.8940353393554688","0.9023680090904236","0","0","-1.1696081161499023","-1.1625385284423828","1","1","1","1","1","1.9500000476837158","1","1","0","0.034975677728652954","0.034975677728652954","-0.024340204894542694","-0.03179802745580673","0.035023123025894165","0.035023123025894165","0.031338080763816833","0.030620910227298737","0","0","-0.026156723499298096","0","0","0","0","0","0","False","False","3","3","False"
"right-180","1.9051837921142578","0.9080855250358582","0","0","-1.1696118116378784","-1.1625423431396484","1","1","1","1","1","1.9500000476837158","1","1","0","0.03497186303138733","0.03497186303138733","-0.02432112954556942","-0.03179802745580673","0.03501930832862854","0.03501930832862854","0.031338080763816833","0.030620910227298737","0","0","-0.02610037848353386","0","0","0","0","0","0","False","False","3","3","False"
"right-180","1.9179115295410156","0.9146127700805664","0","0","-1.1696118116378784","-1.162542462348938","1","1","1","1","1","1.9500000476837158","1","1","0","0.03497186303138733","0.03497186303138733","-0.02430587075650692","-0.03179802745580673","0.03501930832862854","0.03501930832862854","0.031338080763816833","0.030620910227298737","0","0","-0.026036765426397324","0","0","0","0","0","0","False","False","3","3","False"
"right-180","1.9300556182861328","0.9208403825759888","0","0","-1.1696116924285889","-1.1625349521636963","1","1","1","1","1","1.9500000476837158","1","1","0","0.03497186303138733","0.034975674003362656","-0.024294426664710045","-0.03180184215307236","0.03501930832862854","0.035023123025894165","0.031338080763816833","0.03062472492456436","0","0","-0.025976980105042458","0","0","0","0","0","0","False","False","3","3","False"
"right-180","1.9650192260742188","0.9387704133987427","0","0","-1.1696114540100098","-1.1625351905822754","1","1","1","1","1","1.9500000476837158","1","1","0","0.03497186303138733","0.034975677728652954","-0.02428298443555832","-0.03180184215307236","0.03501930832862854","0.035023123025894165","0.03134189546108246","0.03062472492456436","0","0","-0.02581067569553852","0","0","0","0","0","0","False","False","3","3","False"
"right-180","1.978738784790039","0.9458063840866089","0","0","-1.1696113348007202","-1.1625314950942993","1","1","1","1","1","1.9500000476837158","1","1","0","0.034975674003362656","0.034975677728652954","-0.02429061383008957","-0.03180947154760361","0.035023123025894165","0.035023123025894165","0.03133426606655121","0.03062472492456436","0","0","-0.025755004957318306","0","0","0","0","0","0","False","False","3","3","False"
"right-180","1.9916667938232422","0.9524354338645935","0","0","-1.1696149110794067","-1.162535309791565","1","1","1","1","1","1.9500000476837158","1","1","0","0.03497186303138733","0.03497186675667763","-0.024294426664710045","-0.03180565685033798","0.03501930832862854","0.03501930832862854","0.031330451369285583","0.030620910227298737","0","0","-0.025709709152579308","0","0","0","0","0","0","False","False","3","3","False"
"right-180","2.003326416015625","0.9584147930145264","0","0","-1.1696146726608276","-1.1625316143035889","1","1","1","1","1","1.9500000476837158","1","1","0","0.03497186303138733","0.034975677728652954","-0.024302056059241295","-0.03180184215307236","0.03501930832862854","0.035023123025894165","0.03132663667201996","0.030620910227298737","0","0","-0.02567586675286293","0","0","0","0","0","0","False","False","3","3","False"
"right-180","2.0156478881835938","0.9647340774536133","0","0","-1.1696144342422485","-1.1625317335128784","1","1","1","1","1","1.9500000476837158","1","1","0","0.03497186303138733","0.034975674003362656","-0.02431350015103817","-0.03180184215307236","0.03501930832862854","0.035023123025894165","0.031322821974754333","0.030613280832767487","0","0","-0.02564666047692299","0","0","0","0","0","0","False","False","3","3","False"
"right-180","2.0272083282470703","0.9706617593765259","0","0","-1.1696140766143799","-1.1625280380249023","1","1","1","1","1","1.9500000476837158","1","1","0","0.034975677728652954","0.034975677728652954","-0.024324944242835045","-0.03180565685033798","0.035023123025894165","0.035023123025894165","0.031315192580223083","0.03060946613550186","0","0","-0.025624744594097137","0","0","0","0","0","0","False","False","3","3","False"
"right-180","2.0414695739746094","0.9779760241508484","0","0","-1.1696175336837769","-1.1625280380249023","1","1","1","1","1","1.9500000476837158","1","1","0","0.03497186303138733","0.034975677728652954","-0.024355463683605194","-0.03180565685033798","0.03501930832862854","0.035023123025894165","0.03130374848842621","0.03060183674097061","0","0","-0.025603903457522392","0","0","0","0","0","0","False","False","3","3","False"
"right-180","2.0780887603759766","0.9967547655105591","0","0","-1.1696202754974365","-1.1625316143035889","1","1","1","1","1","1.9500000476837158","1","1","0","0.034975677728652954","0.034975677728652954","-0.02440505474805832","-0.03180184215307236","0.035023123025894165","0.035023123025894165","0.031277045607566833","0.030582763254642487","0","0","-0.025571219623088837","0","0","0","0","0","0","False","False","3","3","False"
"right-180","2.091917037963867","1.003846287727356","0","0","-1.1696239709854126","-1.1625319719314575","1","1","1","1","1","1.9500000476837158","1","1","0","0.03497186303138733","0.03497186303138733","-0.024408869445323944","-0.03180565685033798","0.03501930832862854","0.03501930832862854","0.031277045607566833","0.030582763254642487","0","0","-0.025563495233654976","0","0","0","0","0","0","False","False","3","3","False"
"right-180","2.1027259826660156","1.0093889236450195","0","0","-1.1696239709854126","-1.16252863407135","1","1","1","1","1","1.9500000476837158","1","1","0","0.03497186303138733","0.03497186675667763","-0.02441268414258957","-0.03180947154760361","0.03501930832862854","0.03501930832862854","0.031277045607566833","0.03058657795190811","0","0","-0.02555767633020878","0","0","0","0","0","0","False","False","3","3","False"
"right-180","2.1155834197998047","1.0159826278686523","0","0","-1.1696277856826782","-1.1625252962112427","1","1","1","1","1","1.9500000476837158","1","1","0","0.03497185930609703","0.03497186675667763","-0.024416498839855194","-0.03181328624486923","0.03501930832862854","0.03501930832862854","0.031269416213035583","0.030590392649173737","0","0","-0.025549298152327538","0","0","0","0","0","0","False","False","3","3","False"
"right-180","2.12701416015625","1.0218443870544434","0","0","-1.1696239709854126","-1.1625257730484009","1","1","1","1","1","1.9500000476837158","1","1","0","0.034975677728652954","0.03497185930609703","-0.024424128234386444","-0.03181328624486923","0.035023123025894165","0.03501930832862854","0.03126560151576996","0.03059420734643936","0","0","-0.025541288778185844","0","0","0","0","0","0","False","False","3","3","False"
"right-180","2.1390514373779297","1.0280176401138306","0","0","-1.1696277856826782","-1.1625186204910278","1","1","1","1","1","1.9500000476837158","1","1","0","0.03497186303138733","0.034975677728652954","-0.024439387023448944","-0.03181710094213486","0.03501930832862854","0.035023123025894165","0.03126560151576996","0.03060183674097061","0","0","-0.025533460080623627","0","0","0","0","0","0","False","False","3","3","False"
"right-180","2.154153823852539","1.0357626676559448","0","0","-1.1696279048919678","-1.1625115871429443","1","1","1","1","1","1.9500000476837158","1","1","0","0.03497186303138733","0.03497568145394325","-0.02445846050977707","-0.03182473033666611","0.03501930832862854","0.035023123025894165","0.031261786818504333","0.03060946613550186","0","0","-0.02552562765777111","0","0","0","0","0","0","False","False","3","3","False"
"right-180","2.190418243408203","1.0543599128723145","0","0","-1.169616937637329","-1.1625056266784668","1","1","1","1","1","1.9500000476837158","1","1","0","0.034975677728652954","0.03497186303138733","-0.024538571015000343","-0.03183235973119736","0.035023123025894165","0.03501930832862854","0.031261786818504333","0.030628539621829987","0","0","-0.025585630908608437","0","0","0","0","0","0","False","False","3","3","False"
"right-180","2.2035064697265625","1.0610712766647339","0","0","-1.1696211099624634","-1.1624985933303833","1","1","1","1","1","1.9500000476837158","1","1","0","0.03497186303138733","0.03497186303138733","-0.024576717987656593","-0.03183998912572861","0.03501930832862854","0.03501930832862854","0.03125797212123871","0.030643798410892487","0","0","-0.025635842233896255","0","0","0","0","0","0","False","False","3","3","False"
"right-180","2.2155723571777344","1.067258596420288","0","0","-1.1696176528930664","-1.1624915599822998","1","1","1","1","1","1.9500000476837158","1","1","0","0.03497186303138733","0.034975674003362656","-0.024614866822957993","-0.03184380382299423","0.03501930832862854","0.035023123025894165","0.03125797212123871","0.03065524250268936","0","0","-0.02567446045577526","0","0","0","0","0","0","False","False","3","3","False"
"right-180","2.2269763946533203","1.073107123374939","0","0","-1.1696141958236694","-1.162488341331482","1","1","1","1","1","1.9500000476837158","1","1","0","0.03497186303138733","0.03497186303138733","-0.024653013795614243","-0.03185143321752548","0.03501930832862854","0.03501930832862854","0.031254157423973083","0.03067050129175186","0","0","-0.025701215490698814","0","0","0","0","0","0","False","False","3","3","False"
"right-180","2.2395496368408203","1.079554796218872","0","0","-1.1696069240570068","-1.1624850034713745","1","1","1","1","1","1.9500000476837158","1","1","0","0.034975677728652954","0.03497186303138733","-0.024691160768270493","-0.03185524791479111","0.035023123025894165","0.03501930832862854","0.031254157423973083","0.03067813068628311","0","0","-0.025724167004227638","0","0","0","0","0","0","False","False","3","3","False"
"right-180","2.2519912719726562","1.0859354734420776","0","0","-1.1696072816848755","-1.162477970123291","1","1","1","1","1","1.9500000476837158","1","1","0","0.03497186303138733","0.034975677728652954","-0.024729307740926743","-0.03185906261205673","0.03501930832862854","0.035023123025894165","0.03125797212123871","0.03069339133799076","0","0","-0.025739386677742004","0","0","0","0","0","0","False","False","3","3","False"
"right-180","2.262258529663086","1.0912002325057983","0","0","-1.1696076393127441","-1.162474513053894","1","1","1","1","1","1.9500000476837158","1","1","0","0.03497186303138733","0.034975677728652954","-0.024733122438192368","-0.03183617442846298","0.03501930832862854","0.035023123025894165","0.031254157423973083","0.03070101886987686","0","0","-0.025769779458642006","0","0","0","0","0","0","False","False","3","3","False"
"right-180","2.299489974975586","1.1102938652038574","0","0","-1.1695972681045532","-1.1624516248703003","1","1","1","1","1","1.9500000476837158","1","1","0","0.03497185930609703","0.034988291561603546","-0.024748381227254868","-0.03176867961883545","0.03501930832862854","0.035007864236831665","0.031254157423973083","0.03014788217842579","0","0","-0.02584519237279892","0","0","0","0","0","0","False","False","3","3","False"
"right-180","2.3149681091308594","1.118231177330017","0","0","-1.1695902347564697","-1.162451982498169","1","1","1","1","1","1.9500000476837158","1","1","0","0.03497568145394325","0.034988291561603546","-0.024748381227254868","-0.0317305326461792","0.035023123025894165","0.035007864236831665","0.03125797212123871","0.03000292181968689","0","0","-0.02585991844534874","0","0","0","0","0","0","False","False","3","3","False"
"right-180","2.327495574951172","1.1246559619903564","0","0","-1.1695905923843384","-1.162452220916748","1","1","1","1","1","1.9500000476837158","1","1","0","0.03497186303138733","0.034988295286893845","-0.024752195924520493","-0.03170764446258545","0.03501930832862854","0.03501167893409729","0.03125797212123871","0.029915181919932365","0","0","-0.025859491899609566","0","0","0","0","0","0","False","False","3","3","False"
"right-180","2.3404369354248047","1.131292700767517","0","0","-1.169587254524231","-1.1624524593353271","1","1","1","1","1","1.9500000476837158","1","1","0","0.03497186303138733","0.034988291561603546","-0.024756010621786118","-0.0316847562789917","0.03501930832862854","0.03501167893409729","0.03125797212123871","0.029846517369151115","0","0","-0.025857727974653244","0","0","0","0","0","0","False","False","3","3","False"
"right-180","2.354206085205078","1.1383529901504517","0","0","-1.1695839166641235","-1.1624526977539062","1","1","1","1","1","1.9500000476837158","1","1","0","0.03497185930609703","0.034988291561603546","-0.024759825319051743","-0.03166186809539795","0.03501930832862854","0.03501167893409729","0.03125797212123871","0.02978929691016674","0","0","-0.02585388347506523","0","0","0","0","0","0","False","False","3","3","False"
"right-180","2.366006851196289","1.144404649734497","0","0","-1.169576644897461","-1.1624528169631958","1","1","1","1","1","1.9500000476837158","1","1","0","0.034975677728652954","0.034988291561603546","-0.024763640016317368","-0.03164660930633545","0.035023123025894165","0.03501167893409729","0.031261786818504333","0.029754962772130966","0","0","-0.02584950625896454","0","0","0","0","0","0","False","False","3","3","False"
