renderer	mesh	meshPath	meshGuid	material	shader	materialGuid	triangles	distance
Planet Collision Proxy	Sphere	Library/unity default resources	0000000000000000e000000000000000	Lit	Universal Render Pipeline/Lit	31321ba15b8f8eb4c954353edc038b1d	768	60.57
Planet Collision Proxy/Planet Atmosphere Limb	Sphere	Library/unity default resources	0000000000000000e000000000000000	PlanetAtmosphere	Elemental/Atmosphere Shell	0638516d519b6594089b388ed1732b07	768	60.57
Top Ramp	Cube	Library/unity default resources	0000000000000000e000000000000000	Lit	Universal Render Pipeline/Lit	31321ba15b8f8eb4c954353edc038b1d	12	13.84
Gravity Body 01	Cube	Library/unity default resources	0000000000000000e000000000000000	Lit	Universal Render Pipeline/Lit	31321ba15b8f8eb4c954353edc038b1d	12	17.86
Gravity Body 02	Cube	Library/unity default resources	0000000000000000e000000000000000	Lit	Universal Render Pipeline/Lit	31321ba15b8f8eb4c954353edc038b1d	12	33.65
Gravity Body 03	Cube	Library/unity default resources	0000000000000000e000000000000000	Lit	Universal Render Pipeline/Lit	31321ba15b8f8eb4c954353edc038b1d	12	27.51
Gravity Body 04	Cube	Library/unity default resources	0000000000000000e000000000000000	Lit	Universal Render Pipeline/Lit	31321ba15b8f8eb4c954353edc038b1d	12	47.83
Gravity Body 05	Cube	Library/unity default resources	0000000000000000e000000000000000	Lit	Universal Render Pipeline/Lit	31321ba15b8f8eb4c954353edc038b1d	12	46.90
Gravity Body 06	Cube	Library/unity default resources	0000000000000000e000000000000000	Lit	Universal Render Pipeline/Lit	31321ba15b8f8eb4c954353edc038b1d	12	48.21
Gravity Body 07	Cube	Library/unity default resources	0000000000000000e000000000000000	Lit	Universal Render Pipeline/Lit	31321ba15b8f8eb4c954353edc038b1d	12	63.85
Gravity Body 08	Cube	Library/unity default resources	0000000000000000e000000000000000	Lit	Universal Render Pipeline/Lit	31321ba15b8f8eb4c954353edc038b1d	12	54.77
Gravity Body 09	Cube	Library/unity default resources	0000000000000000e000000000000000	Lit	Universal Render Pipeline/Lit	31321ba15b8f8eb4c954353edc038b1d	12	67.15
Gravity Body 10	Cube	Library/unity default resources	0000000000000000e000000000000000	Lit	Universal Render Pipeline/Lit	31321ba15b8f8eb4c954353edc038b1d	12	71.67
Gravity Body 11	Cube	Library/unity default resources	0000000000000000e000000000000000	Lit	Universal Render Pipeline/Lit	31321ba15b8f8eb4c954353edc038b1d	12	65.74
Gravity Body 12	Cube	Library/unity default resources	0000000000000000e000000000000000	Lit	Universal Render Pipeline/Lit	31321ba15b8f8eb4c954353edc038b1d	12	81.46
Gravity Body 13	Cube	Library/unity default resources	0000000000000000e000000000000000	Lit	Universal Render Pipeline/Lit	31321ba15b8f8eb4c954353edc038b1d	12	75.76
Gravity Body 14	Cube	Library/unity default resources	0000000000000000e000000000000000	Lit	Universal Render Pipeline/Lit	31321ba15b8f8eb4c954353edc038b1d	12	80.09
Gravity Body 15	Cube	Library/unity default resources	0000000000000000e000000000000000	Lit	Universal Render Pipeline/Lit	31321ba15b8f8eb4c954353edc038b1d	12	89.69
Gravity Body 16	Cube	Library/unity default resources	0000000000000000e000000000000000	Lit	Universal Render Pipeline/Lit	31321ba15b8f8eb4c954353edc038b1d	12	81.54
Gravity Body 17	Cube	Library/unity default resources	0000000000000000e000000000000000	Lit	Universal Render Pipeline/Lit	31321ba15b8f8eb4c954353edc038b1d	12	93.67
Gravity Body 18	Cube	Library/unity default resources	0000000000000000e000000000000000	Lit	Universal Render Pipeline/Lit	31321ba15b8f8eb4c954353edc038b1d	12	93.47
Gravity Body 19	Cube	Library/unity default resources	0000000000000000e000000000000000	Lit	Universal Render Pipeline/Lit	31321ba15b8f8eb4c954353edc038b1d	12	91.50
Gravity Body 20	Cube	Library/unity default resources	0000000000000000e000000000000000	Lit	Universal Render Pipeline/Lit	31321ba15b8f8eb4c954353edc038b1d	12	103.07
Gravity Body 21	Cube	Library/unity default resources	0000000000000000e000000000000000	Lit	Universal Render Pipeline/Lit	31321ba15b8f8eb4c954353edc038b1d	12	96.86
Gravity Body 22	Cube	Library/unity default resources	0000000000000000e000000000000000	Lit	Universal Render Pipeline/Lit	31321ba15b8f8eb4c954353edc038b1d	12	103.31
Gravity Body 23	Cube	Library/unity default resources	0000000000000000e000000000000000	Lit	Universal Render Pipeline/Lit	31321ba15b8f8eb4c954353edc038b1d	12	107.99
Gravity Body 24	Cube	Library/unity default resources	0000000000000000e000000000000000	Lit	Universal Render Pipeline/Lit	31321ba15b8f8eb4c954353edc038b1d	12	103.32
Gravity Body 25	Cube	Library/unity default resources	0000000000000000e000000000000000	Lit	Universal Render Pipeline/Lit	31321ba15b8f8eb4c954353edc038b1d	12	113.12
Gravity Body 26	Cube	Library/unity default resources	0000000000000000e000000000000000	Lit	Universal Render Pipeline/Lit	31321ba15b8f8eb4c954353edc038b1d	12	111.08
Gravity Body 28	Cube	Library/unity default resources	0000000000000000e000000000000000	Lit	Universal Render Pipeline/Lit	31321ba15b8f8eb4c954353edc038b1d	12	119.17
Gravity Body 29	Cube	Library/unity default resources	0000000000000000e000000000000000	Lit	Universal Render Pipeline/Lit	31321ba15b8f8eb4c954353edc038b1d	12	115.85
Gravity Body 30	Cube	Library/unity default resources	0000000000000000e000000000000000	Lit	Universal Render Pipeline/Lit	31321ba15b8f8eb4c954353edc038b1d	12	121.39
Gravity Body 31	Cube	Library/unity default resources	0000000000000000e000000000000000	Lit	Universal Render Pipeline/Lit	31321ba15b8f8eb4c954353edc038b1d	12	122.99
Gravity Body 32	Cube	Library/unity default resources	0000000000000000e000000000000000	Lit	Universal Render Pipeline/Lit	31321ba15b8f8eb4c954353edc038b1d	12	123.53
Planet Character	Capsule	Library/unity default resources	0000000000000000e000000000000000	Lit	Universal Render Pipeline/Lit	31321ba15b8f8eb4c954353edc038b1d	832	8.49
Planet Character	Capsule	Library/unity default resources	0000000000000000e000000000000000	MagicPreview	Universal Render Pipeline/Unlit	47301ad8730a40e419f2b00b897b69c5	832	8.49
Planet Character/Pelvis Body	Capsule	Library/unity default resources	0000000000000000e000000000000000	EarthShaperBody	Universal Render Pipeline/Lit	f212ff953e8fc044fabdc46d2198f9b7	832	8.55
Planet Character/Linebreaker Presentation/LinebreakerBody	LinebreakerBody	Assets/Elemental/Content/Characters/Linebreaker/Linebreaker.fbx	768c61288998aaf42ac2dcbe0e55b8db	LinebreakerMaterial_768c6128	Elemental/Graphics V5/Rumble Rock Lit	457cd458a5cea6140b2a2ff956d0450e	6349	8.44
Editable Voxel Planet/Valley Cloud Strata	Cube	Library/unity default resources	0000000000000000e000000000000000	ValleyCloudStrata	Elemental/Valley Cloud Strata	9ec595493e935ba4392771554e523a57	12	219.85
Editable Voxel Planet/Valley Cumulus Art Banks/Cloud bank 00	Quad	Library/unity default resources	0000000000000000e000000000000000	CloudBankCards_v1	Elemental/Cloud Bank Art	dbecf08b8b9963a48b6b6d1714aec7f5	2	1182.97
Editable Voxel Planet/Valley Cumulus Art Banks/Cloud bank 01	Quad	Library/unity default resources	0000000000000000e000000000000000	CloudBankCards_v1	Elemental/Cloud Bank Art	dbecf08b8b9963a48b6b6d1714aec7f5	2	1532.03
Editable Voxel Planet/Valley Cumulus Art Banks/Cloud bank 02	Quad	Library/unity default resources	0000000000000000e000000000000000	CloudBankCards_v1	Elemental/Cloud Bank Art	dbecf08b8b9963a48b6b6d1714aec7f5	2	1882.80
Editable Voxel Planet/Valley Cumulus Art Banks/Cloud bank 03	Quad	Library/unity default resources	0000000000000000e000000000000000	CloudBankCards_v1	Elemental/Cloud Bank Art	dbecf08b8b9963a48b6b6d1714aec7f5	2	1165.52
Editable Voxel Planet/Valley Cumulus Art Banks/Cloud bank 04	Quad	Library/unity default resources	0000000000000000e000000000000000	CloudBankCards_v1	Elemental/Cloud Bank Art	dbecf08b8b9963a48b6b6d1714aec7f5	2	1517.44
Editable Voxel Planet/Valley Cumulus Art Banks/Cloud bank 05	Quad	Library/unity default resources	0000000000000000e000000000000000	CloudBankCards_v1	Elemental/Cloud Bank Art	dbecf08b8b9963a48b6b6d1714aec7f5	2	1867.57
Editable Voxel Planet/Valley Cumulus Art Banks/Cloud bank 06	Quad	Library/unity default resources	0000000000000000e000000000000000	CloudBankCards_v1	Elemental/Cloud Bank Art	dbecf08b8b9963a48b6b6d1714aec7f5	2	1166.04
Editable Voxel Planet/Valley Cumulus Art Banks/Cloud bank 07	Quad	Library/unity default resources	0000000000000000e000000000000000	CloudBankCards_v1	Elemental/Cloud Bank Art	dbecf08b8b9963a48b6b6d1714aec7f5	2	1518.18
Editable Voxel Planet/Valley Cumulus Art Banks/Cloud bank 08	Quad	Library/unity default resources	0000000000000000e000000000000000	CloudBankCards_v1	Elemental/Cloud Bank Art	dbecf08b8b9963a48b6b6d1714aec7f5	2	1889.03
Editable Voxel Planet/Valley Cumulus Art Banks/Cloud bank 09	Quad	Library/unity default resources	0000000000000000e000000000000000	CloudBankCards_v1	Elemental/Cloud Bank Art	dbecf08b8b9963a48b6b6d1714aec7f5	2	1177.24
Editable Voxel Planet/Valley Atmosphere V2 Frame/Valley Procedural Cloud Banks/Procedural Bank 0	Cube	Library/unity default resources	0000000000000000e000000000000000	ProceduralCloudBanks	Elemental/Procedural Cloud Banks	7065f7b543e36714ba8d04dccb5b3cf5	12	1704.98
Editable Voxel Planet/Valley Atmosphere V2 Frame/Valley Procedural Cloud Banks/Procedural Bank 1	Cube	Library/unity default resources	0000000000000000e000000000000000	ProceduralCloudBanks	Elemental/Procedural Cloud Banks	7065f7b543e36714ba8d04dccb5b3cf5	12	2200.39
Editable Voxel Planet/Valley Atmosphere V2 Frame/Valley Procedural Cloud Banks/Procedural Bank 2	Cube	Library/unity default resources	0000000000000000e000000000000000	ProceduralCloudBanks	Elemental/Procedural Cloud Banks	7065f7b543e36714ba8d04dccb5b3cf5	12	2904.89
Editable Voxel Planet/Valley Atmosphere V2 Frame/Valley Procedural Cloud Banks/Procedural Bank 3	Cube	Library/unity default resources	0000000000000000e000000000000000	ProceduralCloudBanks	Elemental/Procedural Cloud Banks	7065f7b543e36714ba8d04dccb5b3cf5	12	1577.23
Editable Voxel Planet/Valley Atmosphere V2 Frame/Valley Procedural Cloud Banks/Procedural Bank 4	Cube	Library/unity default resources	0000000000000000e000000000000000	ProceduralCloudBanks	Elemental/Procedural Cloud Banks	7065f7b543e36714ba8d04dccb5b3cf5	12	2284.81
Editable Voxel Planet/Valley Atmosphere V2 Frame/Valley Procedural Cloud Banks/Procedural Bank 5	Cube	Library/unity default resources	0000000000000000e000000000000000	ProceduralCloudBanks	Elemental/Procedural Cloud Banks	7065f7b543e36714ba8d04dccb5b3cf5	12	2963.21
Editable Voxel Planet/Valley Atmosphere V2 Frame/Valley Procedural Cloud Banks/Procedural Bank 6	Cube	Library/unity default resources	0000000000000000e000000000000000	ProceduralCloudBanks	Elemental/Procedural Cloud Banks	7065f7b543e36714ba8d04dccb5b3cf5	12	1804.58
Editable Voxel Planet/Valley Atmosphere V2 Frame/Valley Procedural Cloud Banks/Procedural Bank 7	Cube	Library/unity default resources	0000000000000000e000000000000000	ProceduralCloudBanks	Elemental/Procedural Cloud Banks	7065f7b543e36714ba8d04dccb5b3cf5	12	2757.22
Editable Voxel Planet/Valley Atmosphere V2 Frame/Valley Procedural Cloud Banks/Procedural Bank 8	Cube	Library/unity default resources	0000000000000000e000000000000000	ProceduralCloudBanks	Elemental/Procedural Cloud Banks	7065f7b543e36714ba8d04dccb5b3cf5	12	1952.29
Editable Voxel Planet/Valley Atmosphere V2 Frame/Valley Procedural Cloud Banks/Procedural Bank 9	Cube	Library/unity default resources	0000000000000000e000000000000000	ProceduralCloudBanks	Elemental/Procedural Cloud Banks	7065f7b543e36714ba8d04dccb5b3cf5	12	2289.75
Editable Voxel Planet/Valley Atmosphere V2 Frame/Valley Procedural Cloud Banks/Procedural Bank 10	Cube	Library/unity default resources	0000000000000000e000000000000000	ProceduralCloudBanks	Elemental/Procedural Cloud Banks	7065f7b543e36714ba8d04dccb5b3cf5	12	771.33
Editable Voxel Planet/Valley Atmosphere V2 Frame/Valley Procedural Cloud Banks/Procedural Bank 11	Cube	Library/unity default resources	0000000000000000e000000000000000	ProceduralCloudBanks	Elemental/Procedural Cloud Banks	7065f7b543e36714ba8d04dccb5b3cf5	12	770.12
Editable Voxel Planet/Valley Atmosphere V2 Frame/Valley Procedural Cloud Banks/Procedural Bank 12	Cube	Library/unity default resources	0000000000000000e000000000000000	ProceduralCloudBanks	Elemental/Procedural Cloud Banks	7065f7b543e36714ba8d04dccb5b3cf5	12	792.81
Editable Voxel Planet/Valley Atmosphere V2 Frame/Valley Procedural Cloud Banks/Procedural Bank 13	Cube	Library/unity default resources	0000000000000000e000000000000000	ProceduralCloudBanks	Elemental/Procedural Cloud Banks	7065f7b543e36714ba8d04dccb5b3cf5	12	803.57
Editable Voxel Planet/Valley Atmosphere V2 Frame/Valley Procedural Cloud Banks/Procedural Bank 14	Cube	Library/unity default resources	0000000000000000e000000000000000	ProceduralCloudBanks	Elemental/Procedural Cloud Banks	7065f7b543e36714ba8d04dccb5b3cf5	12	279.35
Editable Voxel Planet/Valley Atmosphere V2 Frame/Valley Procedural Cloud Banks/Procedural Bank 15	Cube	Library/unity default resources	0000000000000000e000000000000000	ProceduralCloudBanks	Elemental/Procedural Cloud Banks	7065f7b543e36714ba8d04dccb5b3cf5	12	409.21
Editable Voxel Planet/Valley Atmosphere V2 Frame/Valley Procedural Cloud Banks/Procedural Bank 16	Cube	Library/unity default resources	0000000000000000e000000000000000	ProceduralCloudBanks	Elemental/Procedural Cloud Banks	7065f7b543e36714ba8d04dccb5b3cf5	12	452.82
Editable Voxel Planet/Valley Atmosphere V2 Frame/Valley Procedural Cloud Banks/Procedural Bank 17	Cube	Library/unity default resources	0000000000000000e000000000000000	ProceduralCloudBanks	Elemental/Procedural Cloud Banks	7065f7b543e36714ba8d04dccb5b3cf5	12	274.27
Editable Voxel Planet/Valley Atmosphere V2 Frame/Valley Procedural Cloud Banks/Procedural Bank 18	Cube	Library/unity default resources	0000000000000000e000000000000000	ProceduralCloudBanks	Elemental/Procedural Cloud Banks	7065f7b543e36714ba8d04dccb5b3cf5	12	335.03
Editable Voxel Planet/Valley Atmosphere V2 Frame/Valley Procedural Cloud Banks/Procedural Bank 19	Cube	Library/unity default resources	0000000000000000e000000000000000	ProceduralCloudBanks	Elemental/Procedural Cloud Banks	7065f7b543e36714ba8d04dccb5b3cf5	12	445.60
Editable Voxel Planet/Valley Atmosphere V2 Frame/Valley Procedural Cloud Banks/Procedural Bank 20	Cube	Library/unity default resources	0000000000000000e000000000000000	ProceduralCloudBanks	Elemental/Procedural Cloud Banks	7065f7b543e36714ba8d04dccb5b3cf5	12	243.12
Editable Voxel Planet/Valley Atmosphere V2 Frame/Valley Procedural Cloud Banks/Procedural Bank 21	Cube	Library/unity default resources	0000000000000000e000000000000000	ProceduralCloudBanks	Elemental/Procedural Cloud Banks	7065f7b543e36714ba8d04dccb5b3cf5	12	363.49
Editable Voxel Planet/Voxel Chunk (-2, -2, -4)	Base (-2, -2, -4)	Assets/Elemental/Content/StartupCaches/EarthCoreSlicePlanetBase_a3565256c82028c4ece51550448b8615.asset	29e8e5d97a35c394d889d28a7ac208d5	RumbleGround (Planet Runtime)	Elemental/Graphics V5/Rumble Rock Lit		270	91.18
Editable Voxel Planet/Voxel Chunk (-1, -2, -4)	Base (-1, -2, -4)	Assets/Elemental/Content/StartupCaches/EarthCoreSlicePlanetBase_a3565256c82028c4ece51550448b8615.asset	29e8e5d97a35c394d889d28a7ac208d5	RumbleGround (Planet Runtime)	Elemental/Graphics V5/Rumble Rock Lit		1952	92.53
Editable Voxel Planet/Voxel Chunk (0, -2, -4)	Base (0, -2, -4)	Assets/Elemental/Content/StartupCaches/EarthCoreSlicePlanetBase_a3565256c82028c4ece51550448b8615.asset	29e8e5d97a35c394d889d28a7ac208d5	RumbleGround (Planet Runtime)	Elemental/Graphics V5/Rumble Rock Lit		1580	92.35
Editable Voxel Planet/Voxel Chunk (1, -2, -4)	Base (1, -2, -4)	Assets/Elemental/Content/StartupCaches/EarthCoreSlicePlanetBase_a3565256c82028c4ece51550448b8615.asset	29e8e5d97a35c394d889d28a7ac208d5	RumbleGround (Planet Runtime)	Elemental/Graphics V5/Rumble Rock Lit		192	90.76
Editable Voxel Planet/Voxel Chunk (-2, -1, -4)	Base (-2, -1, -4)	Assets/Elemental/Content/StartupCaches/EarthCoreSlicePlanetBase_a3565256c82028c4ece51550448b8615.asset	29e8e5d97a35c394d889d28a7ac208d5	RumbleGround (Planet Runtime)	Elemental/Graphics V5/Rumble Rock Lit		1940	83.23
Editable Voxel Planet/Voxel Chunk (-1, -1, -4)	Base (-1, -1, -4)	Assets/Elemental/Content/StartupCaches/EarthCoreSlicePlanetBase_a3565256c82028c4ece51550448b8615.asset	29e8e5d97a35c394d889d28a7ac208d5	RumbleGround (Planet Runtime)	Elemental/Graphics V5/Rumble Rock Lit		2628	81.94
Editable Voxel Planet/Voxel Chunk (0, -1, -4)	Base (0, -1, -4)	Assets/Elemental/Content/StartupCaches/EarthCoreSlicePlanetBase_a3565256c82028c4ece51550448b8615.asset	29e8e5d97a35c394d889d28a7ac208d5	RumbleGround (Planet Runtime)	Elemental/Graphics V5/Rumble Rock Lit		2256	81.71
Editable Voxel Planet/Voxel Chunk (1, -1, -4)	Base (1, -1, -4)	Assets/Elemental/Content/StartupCaches/EarthCoreSlicePlanetBase_a3565256c82028c4ece51550448b8615.asset	29e8e5d97a35c394d889d28a7ac208d5	RumbleGround (Planet Runtime)	Elemental/Graphics V5/Rumble Rock Lit		1298	83.01
Editable Voxel Planet/Voxel Chunk (-2, 0, -4)	Base (-2, 0, -4)	Assets/Elemental/Content/StartupCaches/EarthCoreSlicePlanetBase_a3565256c82028c4ece51550448b8615.asset	29e8e5d97a35c394d889d28a7ac208d5	RumbleGround (Planet Runtime)	Elemental/Graphics V5/Rumble Rock Lit		1614	70.74
Editable Voxel Planet/Voxel Chunk (-1, 0, -4)	Base (-1, 0, -4)	Assets/Elemental/Content/StartupCaches/EarthCoreSlicePlanetBase_a3565256c82028c4ece51550448b8615.asset	29e8e5d97a35c394d889d28a7ac208d5	RumbleGround (Planet Runtime)	Elemental/Graphics V5/Rumble Rock Lit		2234	69.01
Editable Voxel Planet/Voxel Chunk (0, 0, -4)	Base (0, 0, -4)	Assets/Elemental/Content/StartupCaches/EarthCoreSlicePlanetBase_a3565256c82028c4ece51550448b8615.asset	29e8e5d97a35c394d889d28a7ac208d5	RumbleGround (Planet Runtime)	Elemental/Graphics V5/Rumble Rock Lit		2052	68.99
Editable Voxel Planet/Voxel Chunk (1, 0, -4)	Base (1, 0, -4)	Assets/Elemental/Content/StartupCaches/EarthCoreSlicePlanetBase_a3565256c82028c4ece51550448b8615.asset	29e8e5d97a35c394d889d28a7ac208d5	RumbleGround (Planet Runtime)	Elemental/Graphics V5/Rumble Rock Lit		1164	70.47
Editable Voxel Planet/Voxel Chunk (-2, 1, -4)	Base (-2, 1, -4)	Assets/Elemental/Content/StartupCaches/EarthCoreSlicePlanetBase_a3565256c82028c4ece51550448b8615.asset	29e8e5d97a35c394d889d28a7ac208d5	RumbleGround (Planet Runtime)	Elemental/Graphics V5/Rumble Rock Lit		142	61.18
Editable Voxel Planet/Voxel Chunk (-1, 1, -4)	Base (-1, 1, -4)	Assets/Elemental/Content/StartupCaches/EarthCoreSlicePlanetBase_a3565256c82028c4ece51550448b8615.asset	29e8e5d97a35c394d889d28a7ac208d5	RumbleGround (Planet Runtime)	Elemental/Graphics V5/Rumble Rock Lit		1326	58.00
Editable Voxel Planet/Voxel Chunk (0, 1, -4)	Base (0, 1, -4)	Assets/Elemental/Content/StartupCaches/EarthCoreSlicePlanetBase_a3565256c82028c4ece51550448b8615.asset	29e8e5d97a35c394d889d28a7ac208d5	RumbleGround (Planet Runtime)	Elemental/Graphics V5/Rumble Rock Lit		1176	57.88
Editable Voxel Planet/Voxel Chunk (1, 1, -4)	Base (1, 1, -4)	Assets/Elemental/Content/StartupCaches/EarthCoreSlicePlanetBase_a3565256c82028c4ece51550448b8615.asset	29e8e5d97a35c394d889d28a7ac208d5	RumbleGround (Planet Runtime)	Elemental/Graphics V5/Rumble Rock Lit		122	61.24
Editable Voxel Planet/Voxel Chunk (-3, -3, -3)	Base (-3, -3, -3)	Assets/Elemental/Content/StartupCaches/EarthCoreSlicePlanetBase_a3565256c82028c4ece51550448b8615.asset	29e8e5d97a35c394d889d28a7ac208d5	RumbleGround (Planet Runtime)	Elemental/Graphics V5/Rumble Rock Lit		0	60.57
Editable Voxel Planet/Voxel Chunk (-2, -3, -3)	Base (-2, -3, -3)	Assets/Elemental/Content/StartupCaches/EarthCoreSlicePlanetBase_a3565256c82028c4ece51550448b8615.asset	29e8e5d97a35c394d889d28a7ac208d5	RumbleGround (Planet Runtime)	Elemental/Graphics V5/Rumble Rock Lit		1830	104.05
Editable Voxel Planet/Voxel Chunk (-1, -3, -3)	Base (-1, -3, -3)	Assets/Elemental/Content/StartupCaches/EarthCoreSlicePlanetBase_a3565256c82028c4ece51550448b8615.asset	29e8e5d97a35c394d889d28a7ac208d5	RumbleGround (Planet Runtime)	Elemental/Graphics V5/Rumble Rock Lit		3456	103.64
Editable Voxel Planet/Voxel Chunk (0, -3, -3)	Base (0, -3, -3)	Assets/Elemental/Content/StartupCaches/EarthCoreSlicePlanetBase_a3565256c82028c4ece51550448b8615.asset	29e8e5d97a35c394d889d28a7ac208d5	RumbleGround (Planet Runtime)	Elemental/Graphics V5/Rumble Rock Lit		2846	103.55
Editable Voxel Planet/Voxel Chunk (1, -3, -3)	Base (1, -3, -3)	Assets/Elemental/Content/StartupCaches/EarthCoreSlicePlanetBase_a3565256c82028c4ece51550448b8615.asset	29e8e5d97a35c394d889d28a7ac208d5	RumbleGround (Planet Runtime)	Elemental/Graphics V5/Rumble Rock Lit		1228	103.95
Editable Voxel Planet/Voxel Chunk (2, -3, -3)	Base (2, -3, -3)	Assets/Elemental/Content/StartupCaches/EarthCoreSlicePlanetBase_a3565256c82028c4ece51550448b8615.asset	29e8e5d97a35c394d889d28a7ac208d5	RumbleGround (Planet Runtime)	Elemental/Graphics V5/Rumble Rock Lit		0	60.57
Editable Voxel Planet/Voxel Chunk (-3, -2, -3)	Base (-3, -2, -3)	Assets/Elemental/Content/StartupCaches/EarthCoreSlicePlanetBase_a3565256c82028c4ece51550448b8615.asset	29e8e5d97a35c394d889d28a7ac208d5	RumbleGround (Planet Runtime)	Elemental/Graphics V5/Rumble Rock Lit		1830	96.18
Editable Voxel Planet/Voxel Chunk (-2, -2, -3)	Base (-2, -2, -3)	Assets/Elemental/Content/StartupCaches/EarthCoreSlicePlanetBase_a3565256c82028c4ece51550448b8615.asset	29e8e5d97a35c394d889d28a7ac208d5	RumbleGround (Planet Runtime)	Elemental/Graphics V5/Rumble Rock Lit		4132	93.23
Editable Voxel Planet/Voxel Chunk (-1, -2, -3)	Base (-1, -2, -3)	Assets/Elemental/Content/StartupCaches/EarthCoreSlicePlanetBase_a3565256c82028c4ece51550448b8615.asset	29e8e5d97a35c394d889d28a7ac208d5	RumbleGround (Planet Runtime)	Elemental/Graphics V5/Rumble Rock Lit		1472	94.85
Editable Voxel Planet/Voxel Chunk (0, -2, -3)	Base (0, -2, -3)	Assets/Elemental/Content/StartupCaches/EarthCoreSlicePlanetBase_a3565256c82028c4ece51550448b8615.asset	29e8e5d97a35c394d889d28a7ac208d5	RumbleGround (Planet Runtime)	Elemental/Graphics V5/Rumble Rock Lit		1304	94.56
Editable Voxel Planet/Voxel Chunk (1, -2, -3)	Base (1, -2, -3)	Assets/Elemental/Content/StartupCaches/EarthCoreSlicePlanetBase_a3565256c82028c4ece51550448b8615.asset	29e8e5d97a35c394d889d28a7ac208d5	RumbleGround (Planet Runtime)	Elemental/Graphics V5/Rumble Rock Lit		2552	93.01
Editable Voxel Planet/Voxel Chunk (2, -2, -3)	Base (2, -2, -3)	Assets/Elemental/Content/StartupCaches/EarthCoreSlicePlanetBase_a3565256c82028c4ece51550448b8615.asset	29e8e5d97a35c394d889d28a7ac208d5	RumbleGround (Planet Runtime)	Elemental/Graphics V5/Rumble Rock Lit		920	95.66
Editable Voxel Planet/Voxel Chunk (-3, -1, -3)	Base (-3, -1, -3)	Assets/Elemental/Content/StartupCaches/EarthCoreSlicePlanetBase_a3565256c82028c4ece51550448b8615.asset	29e8e5d97a35c394d889d28a7ac208d5	RumbleGround (Planet Runtime)	Elemental/Graphics V5/Rumble Rock Lit		3392	84.23
Editable Voxel Planet/Voxel Chunk (-2, -1, -3)	Base (-2, -1, -3)	Assets/Elemental/Content/StartupCaches/EarthCoreSlicePlanetBase_a3565256c82028c4ece51550448b8615.asset	29e8e5d97a35c394d889d28a7ac208d5	RumbleGround (Planet Runtime)	Elemental/Graphics V5/Rumble Rock Lit		1528	82.07
Editable Voxel Planet/Voxel Chunk (1, -1, -3)	Base (1, -1, -3)	Assets/Elemental/Content/StartupCaches/EarthCoreSlicePlanetBase_a3565256c82028c4ece51550448b8615.asset	29e8e5d97a35c394d889d28a7ac208d5	RumbleGround (Planet Runtime)	Elemental/Graphics V5/Rumble Rock Lit		916	81.97
Editable Voxel Planet/Voxel Chunk (2, -1, -3)	Base (2, -1, -3)	Assets/Elemental/Content/StartupCaches/EarthCoreSlicePlanetBase_a3565256c82028c4ece51550448b8615.asset	29e8e5d97a35c394d889d28a7ac208d5	RumbleGround (Planet Runtime)	Elemental/Graphics V5/Rumble Rock Lit		1802	83.59
Editable Voxel Planet/Voxel Chunk (-3, 0, -3)	Base (-3, 0, -3)	Assets/Elemental/Content/StartupCaches/EarthCoreSlicePlanetBase_a3565256c82028c4ece51550448b8615.asset	29e8e5d97a35c394d889d28a7ac208d5	RumbleGround (Planet Runtime)	Elemental/Graphics V5/Rumble Rock Lit		2892	71.94
Editable Voxel Planet/Voxel Chunk (-2, 0, -3)	Base (-2, 0, -3)	Assets/Elemental/Content/StartupCaches/EarthCoreSlicePlanetBase_a3565256c82028c4ece51550448b8615.asset	29e8e5d97a35c394d889d28a7ac208d5	RumbleGround (Planet Runtime)	Elemental/Graphics V5/Rumble Rock Lit		1252	69.44
Editable Voxel Planet/Voxel Chunk (1, 0, -3)	Base (1, 0, -3)	Assets/Elemental/Content/StartupCaches/EarthCoreSlicePlanetBase_a3565256c82028c4ece51550448b8615.asset	29e8e5d97a35c394d889d28a7ac208d5	RumbleGround (Planet Runtime)	Elemental/Graphics V5/Rumble Rock Lit		888	69.09
Editable Voxel Planet/Voxel Chunk (2, 0, -3)	Base (2, 0, -3)	Assets/Elemental/Content/StartupCaches/EarthCoreSlicePlanetBase_a3565256c82028c4ece51550448b8615.asset	29e8e5d97a35c394d889d28a7ac208d5	RumbleGround (Planet Runtime)	Elemental/Graphics V5/Rumble Rock Lit		1814	71.16
Editable Voxel Planet/Voxel Chunk (-3, 1, -3)	Base (-3, 1, -3)	Assets/Elemental/Content/StartupCaches/EarthCoreSlicePlanetBase_a3565256c82028c4ece51550448b8615.asset	29e8e5d97a35c394d889d28a7ac208d5	RumbleGround (Planet Runtime)	Elemental/Graphics V5/Rumble Rock Lit		1188	59.46
Editable Voxel Planet/Voxel Chunk (-2, 1, -3)	Base (-2, 1, -3)	Assets/Elemental/Content/StartupCaches/EarthCoreSlicePlanetBase_a3565256c82028c4ece51550448b8615.asset	29e8e5d97a35c394d889d28a7ac208d5	RumbleGround (Planet Runtime)	Elemental/Graphics V5/Rumble Rock Lit		2584	54.10
Editable Voxel Planet/Voxel Chunk (-1, 1, -3)	Base (-1, 1, -3)	Assets/Elemental/Content/StartupCaches/EarthCoreSlicePlanetBase_a3565256c82028c4ece51550448b8615.asset	29e8e5d97a35c394d889d28a7ac208d5	RumbleGround (Planet Runtime)	Elemental/Graphics V5/Rumble Rock Lit		902	50.38
Editable Voxel Planet/Voxel Chunk (0, 1, -3)	Base (0, 1, -3)	Assets/Elemental/Content/StartupCaches/EarthCoreSlicePlanetBase_a3565256c82028c4ece51550448b8615.asset	29e8e5d97a35c394d889d28a7ac208d5	RumbleGround (Planet Runtime)	Elemental/Graphics V5/Rumble Rock Lit		872	50.66
Editable Voxel Planet/Voxel Chunk (1, 1, -3)	Base (1, 1, -3)	Assets/Elemental/Content/StartupCaches/EarthCoreSlicePlanetBase_a3565256c82028c4ece51550448b8615.asset	29e8e5d97a35c394d889d28a7ac208d5	RumbleGround (Planet Runtime)	Elemental/Graphics V5/Rumble Rock Lit		2168	53.72
Editable Voxel Planet/Voxel Chunk (2, 1, -3)	Base (2, 1, -3)	Assets/Elemental/Content/StartupCaches/EarthCoreSlicePlanetBase_a3565256c82028c4ece51550448b8615.asset	29e8e5d97a35c394d889d28a7ac208d5	RumbleGround (Planet Runtime)	Elemental/Graphics V5/Rumble Rock Lit		940	59.27
Editable Voxel Planet/Voxel Chunk (-3, 2, -3)	Base (-3, 2, -3)	Assets/Elemental/Content/StartupCaches/EarthCoreSlicePlanetBase_a3565256c82028c4ece51550448b8615.asset	29e8e5d97a35c394d889d28a7ac208d5	RumbleGround (Planet Runtime)	Elemental/Graphics V5/Rumble Rock Lit		2	49.19
Editable Voxel Planet/Voxel Chunk (-2, 2, -3)	Base (-2, 2, -3)	Assets/Elemental/Content/StartupCaches/EarthCoreSlicePlanetBase_a3565256c82028c4ece51550448b8615.asset	29e8e5d97a35c394d889d28a7ac208d5	RumbleGround (Planet Runtime)	Elemental/Graphics V5/Rumble Rock Lit		934	44.45
Editable Voxel Planet/Voxel Chunk (-1, 2, -3)	Base (-1, 2, -3)	Assets/Elemental/Content/StartupCaches/EarthCoreSlicePlanetBase_a3565256c82028c4ece51550448b8615.asset	29e8e5d97a35c394d889d28a7ac208d5	RumbleGround (Planet Runtime)	Elemental/Graphics V5/Rumble Rock Lit		1776	38.25
Editable Voxel Planet/Voxel Chunk (0, 2, -3)	Base (0, 2, -3)	Assets/Elemental/Content/StartupCaches/EarthCoreSlicePlanetBase_a3565256c82028c4ece51550448b8615.asset	29e8e5d97a35c394d889d28a7ac208d5	RumbleGround (Planet Runtime)	Elemental/Graphics V5/Rumble Rock Lit		1822	38.08
Editable Voxel Planet/Voxel Chunk (1, 2, -3)	Base (1, 2, -3)	Assets/Elemental/Content/StartupCaches/EarthCoreSlicePlanetBase_a3565256c82028c4ece51550448b8615.asset	29e8e5d97a35c394d889d28a7ac208d5	RumbleGround (Planet Runtime)	Elemental/Graphics V5/Rumble Rock Lit		936	43.91
Editable Voxel Planet/Voxel Chunk (2, 2, -3)	Base (2, 2, -3)	Assets/Elemental/Content/StartupCaches/EarthCoreSlicePlanetBase_a3565256c82028c4ece51550448b8615.asset	29e8e5d97a35c394d889d28a7ac208d5	RumbleGround (Planet Runtime)	Elemental/Graphics V5/Rumble Rock Lit		0	60.57
Editable Voxel Planet/Voxel Chunk (-2, -4, -2)	Base (-2, -4, -2)	Assets/Elemental/Content/StartupCaches/EarthCoreSlicePlanetBase_a3565256c82028c4ece51550448b8615.asset	29e8e5d97a35c394d889d28a7ac208d5	RumbleGround (Planet Runtime)	Elemental/Graphics V5/Rumble Rock Lit		270	111.41
Editable Voxel Planet/Voxel Chunk (-1, -4, -2)	Base (-1, -4, -2)	Assets/Elemental/Content/StartupCaches/EarthCoreSlicePlanetBase_a3565256c82028c4ece51550448b8615.asset	29e8e5d97a35c394d889d28a7ac208d5	RumbleGround (Planet Runtime)	Elemental/Graphics V5/Rumble Rock Lit		1916	111.52
Editable Voxel Planet/Voxel Chunk (0, -4, -2)	Base (0, -4, -2)	Assets/Elemental/Content/StartupCaches/EarthCoreSlicePlanetBase_a3565256c82028c4ece51550448b8615.asset	29e8e5d97a35c394d889d28a7ac208d5	RumbleGround (Planet Runtime)	Elemental/Graphics V5/Rumble Rock Lit		1614	111.41
Editable Voxel Planet/Voxel Chunk (1, -4, -2)	Base (1, -4, -2)	Assets/Elemental/Content/StartupCaches/EarthCoreSlicePlanetBase_a3565256c82028c4ece51550448b8615.asset	29e8e5d97a35c394d889d28a7ac208d5	RumbleGround (Planet Runtime)	Elemental/Graphics V5/Rumble Rock Lit		188	111.40
Editable Voxel Planet/Voxel Chunk (-3, -3, -2)	Base (-3, -3, -2)	Assets/Elemental/Content/StartupCaches/EarthCoreSlicePlanetBase_a3565256c82028c4ece51550448b8615.asset	29e8e5d97a35c394d889d28a7ac208d5	RumbleGround (Planet Runtime)	Elemental/Graphics V5/Rumble Rock Lit		1894	105.36
Editable Voxel Planet/Voxel Chunk (-2, -3, -2)	Base (-2, -3, -2)	Assets/Elemental/Content/StartupCaches/EarthCoreSlicePlanetBase_a3565256c82028c4ece51550448b8615.asset	29e8e5d97a35c394d889d28a7ac208d5	RumbleGround (Planet Runtime)	Elemental/Graphics V5/Rumble Rock Lit		4092	104.24
Editable Voxel Planet/Voxel Chunk (-1, -3, -2)	Base (-1, -3, -2)	Assets/Elemental/Content/StartupCaches/EarthCoreSlicePlanetBase_a3565256c82028c4ece51550448b8615.asset	29e8e5d97a35c394d889d28a7ac208d5	RumbleGround (Planet Runtime)	Elemental/Graphics V5/Rumble Rock Lit		1504	107.02
Editable Voxel Planet/Voxel Chunk (0, -3, -2)	Base (0, -3, -2)	Assets/Elemental/Content/StartupCaches/EarthCoreSlicePlanetBase_a3565256c82028c4ece51550448b8615.asset	29e8e5d97a35c394d889d28a7ac208d5	RumbleGround (Planet Runtime)	Elemental/Graphics V5/Rumble Rock Lit		1328	107.12
Editable Voxel Planet/Voxel Chunk (1, -3, -2)	Base (1, -3, -2)	Assets/Elemental/Content/StartupCaches/EarthCoreSlicePlanetBase_a3565256c82028c4ece51550448b8615.asset	29e8e5d97a35c394d889d28a7ac208d5	RumbleGround (Planet Runtime)	Elemental/Graphics V5/Rumble Rock Lit		2486	104.05
Editable Voxel Planet/Voxel Chunk (2, -3, -2)	Base (2, -3, -2)	Assets/Elemental/Content/StartupCaches/EarthCoreSlicePlanetBase_a3565256c82028c4ece51550448b8615.asset	29e8e5d97a35c394d889d28a7ac208d5	RumbleGround (Planet Runtime)	Elemental/Graphics V5/Rumble Rock Lit		930	104.64
Editable Voxel Planet/Voxel Chunk (-4, -2, -2)	Base (-4, -2, -2)	Assets/Elemental/Content/StartupCaches/EarthCoreSlicePlanetBase_a3565256c82028c4ece51550448b8615.asset	29e8e5d97a35c394d889d28a7ac208d5	RumbleGround (Planet Runtime)	Elemental/Graphics V5/Rumble Rock Lit		278	94.01
Editable Voxel Planet/Voxel Chunk (-3, -2, -2)	Base (-3, -2, -2)	Assets/Elemental/Content/StartupCaches/EarthCoreSlicePlanetBase_a3565256c82028c4ece51550448b8615.asset	29e8e5d97a35c394d889d28a7ac208d5	RumbleGround (Planet Runtime)	Elemental/Graphics V5/Rumble Rock Lit		4084	94.64
Editable Voxel Planet/Voxel Chunk (-2, -2, -2)	Base (-2, -2, -2)	Assets/Elemental/Content/StartupCaches/EarthCoreSlicePlanetBase_a3565256c82028c4ece51550448b8615.asset	29e8e5d97a35c394d889d28a7ac208d5	RumbleGround (Planet Runtime)	Elemental/Graphics V5/Rumble Rock Lit		6	100.16
Editable Voxel Planet/Voxel Chunk (1, -2, -2)	Base (1, -2, -2)	Assets/Elemental/Content/StartupCaches/EarthCoreSlicePlanetBase_a3565256c82028c4ece51550448b8615.asset	29e8e5d97a35c394d889d28a7ac208d5	RumbleGround (Planet Runtime)	Elemental/Graphics V5/Rumble Rock Lit		10	99.54
Editable Voxel Planet/Voxel Chunk (2, -2, -2)	Base (2, -2, -2)	Assets/Elemental/Content/StartupCaches/EarthCoreSlicePlanetBase_a3565256c82028c4ece51550448b8615.asset	29e8e5d97a35c394d889d28a7ac208d5	RumbleGround (Planet Runtime)	Elemental/Graphics V5/Rumble Rock Lit		2136	94.29
Editable Voxel Planet/Voxel Chunk (3, -2, -2)	Base (3, -2, -2)	Assets/Elemental/Content/StartupCaches/EarthCoreSlicePlanetBase_a3565256c82028c4ece51550448b8615.asset	29e8e5d97a35c394d889d28a7ac208d5	RumbleGround (Planet Runtime)	Elemental/Graphics V5/Rumble Rock Lit		122	93.13
Editable Voxel Planet/Voxel Chunk (-4, -1, -2)	Base (-4, -1, -2)	Assets/Elemental/Content/StartupCaches/EarthCoreSlicePlanetBase_a3565256c82028c4ece51550448b8615.asset	29e8e5d97a35c394d889d28a7ac208d5	RumbleGround (Planet Runtime)	Elemental/Graphics V5/Rumble Rock Lit		1912	86.11
Editable Voxel Planet/Voxel Chunk (-3, -1, -2)	Base (-3, -1, -2)	Assets/Elemental/Content/StartupCaches/EarthCoreSlicePlanetBase_a3565256c82028c4ece51550448b8615.asset	29e8e5d97a35c394d889d28a7ac208d5	RumbleGround (Planet Runtime)	Elemental/Graphics V5/Rumble Rock Lit		1568	83.95
Editable Voxel Planet/Voxel Chunk (2, -1, -2)	Base (2, -1, -2)	Assets/Elemental/Content/StartupCaches/EarthCoreSlicePlanetBase_a3565256c82028c4ece51550448b8615.asset	29e8e5d97a35c394d889d28a7ac208d5	RumbleGround (Planet Runtime)	Elemental/Graphics V5/Rumble Rock Lit		932	83.46
Editable Voxel Planet/Voxel Chunk (3, -1, -2)	Base (3, -1, -2)	Assets/Elemental/Content/StartupCaches/EarthCoreSlicePlanetBase_a3565256c82028c4ece51550448b8615.asset	29e8e5d97a35c394d889d28a7ac208d5	RumbleGround (Planet Runtime)	Elemental/Graphics V5/Rumble Rock Lit		1120	85.50
Editable Voxel Planet/Voxel Chunk (-4, 0, -2)	Base (-4, 0, -2)	Assets/Elemental/Content/StartupCaches/EarthCoreSlicePlanetBase_a3565256c82028c4ece51550448b8615.asset	29e8e5d97a35c394d889d28a7ac208d5	RumbleGround (Planet Runtime)	Elemental/Graphics V5/Rumble Rock Lit		1580	74.12
Editable Voxel Planet/Voxel Chunk (-3, 0, -2)	Base (-3, 0, -2)	Assets/Elemental/Content/StartupCaches/EarthCoreSlicePlanetBase_a3565256c82028c4ece51550448b8615.asset	29e8e5d97a35c394d889d28a7ac208d5	RumbleGround (Planet Runtime)	Elemental/Graphics V5/Rumble Rock Lit		1256	71.53
Editable Voxel Planet/Voxel Chunk (2, 0, -2)	Base (2, 0, -2)	Assets/Elemental/Content/StartupCaches/EarthCoreSlicePlanetBase_a3565256c82028c4ece51550448b8615.asset	29e8e5d97a35c394d889d28a7ac208d5	RumbleGround (Planet Runtime)	Elemental/Graphics V5/Rumble Rock Lit		888	71.16
Editable Voxel Planet/Voxel Chunk (3, 0, -2)	Base (3, 0, -2)	Assets/Elemental/Content/StartupCaches/EarthCoreSlicePlanetBase_a3565256c82028c4ece51550448b8615.asset	29e8e5d97a35c394d889d28a7ac208d5	RumbleGround (Planet Runtime)	Elemental/Graphics V5/Rumble Rock Lit		1330	73.41
Editable Voxel Planet/Voxel Chunk (-4, 1, -2)	Base (-4, 1, -2)	Assets/Elemental/Content/StartupCaches/EarthCoreSlicePlanetBase_a3565256c82028c4ece51550448b8615.asset	29e8e5d97a35c394d889d28a7ac208d5	RumbleGround (Planet Runtime)	Elemental/Graphics V5/Rumble Rock Lit		182	65.31
Editable Voxel Planet/Voxel Chunk (-3, 1, -2)	Base (-3, 1, -2)	Assets/Elemental/Content/StartupCaches/EarthCoreSlicePlanetBase_a3565256c82028c4ece51550448b8615.asset	29e8e5d97a35c394d889d28a7ac208d5	RumbleGround (Planet Runtime)	Elemental/Graphics V5/Rumble Rock Lit		2536	56.52
Editable Voxel Planet/Voxel Chunk (-2, 1, -2)	Base (-2, 1, -2)	Assets/Elemental/Content/StartupCaches/EarthCoreSlicePlanetBase_a3565256c82028c4ece51550448b8615.asset	29e8e5d97a35c394d889d28a7ac208d5	RumbleGround (Planet Runtime)	Elemental/Graphics V5/Rumble Rock Lit		0	60.57
Editable Voxel Planet/Voxel Chunk (1, 1, -2)	Base (1, 1, -2)	Assets/Elemental/Content/StartupCaches/EarthCoreSlicePlanetBase_a3565256c82028c4ece51550448b8615.asset	29e8e5d97a35c394d889d28a7ac208d5	RumbleGround (Planet Runtime)	Elemental/Graphics V5/Rumble Rock Lit		2	48.43
Editable Voxel Planet/Voxel Chunk (2, 1, -2)	Base (2, 1, -2)	Assets/Elemental/Content/StartupCaches/EarthCoreSlicePlanetBase_a3565256c82028c4ece51550448b8615.asset	29e8e5d97a35c394d889d28a7ac208d5	RumbleGround (Planet Runtime)	Elemental/Graphics V5/Rumble Rock Lit		2532	55.90
Editable Voxel Planet/Voxel Chunk (3, 1, -2)	Base (3, 1, -2)	Assets/Elemental/Content/StartupCaches/EarthCoreSlicePlanetBase_a3565256c82028c4ece51550448b8615.asset	29e8e5d97a35c394d889d28a7ac208d5	RumbleGround (Planet Runtime)	Elemental/Graphics V5/Rumble Rock Lit		188	64.87
Editable Voxel Planet/Voxel Chunk (-3, 2, -2)	Base (-3, 2, -2)	Assets/Elemental/Content/StartupCaches/EarthCoreSlicePlanetBase_a3565256c82028c4ece51550448b8615.asset	29e8e5d97a35c394d889d28a7ac208d5	RumbleGround (Planet Runtime)	Elemental/Graphics V5/Rumble Rock Lit		960	46.86
Editable Voxel Planet/Voxel Chunk (-2, 2, -2)	Base (-2, 2, -2)	Assets/Elemental/Content/StartupCaches/EarthCoreSlicePlanetBase_a3565256c82028c4ece51550448b8615.asset	29e8e5d97a35c394d889d28a7ac208d5	RumbleGround (Planet Runtime)	Elemental/Graphics V5/Rumble Rock Lit		2058	35.45
Editable Voxel Planet/Voxel Chunk (-1, 2, -2)	Base (-1, 2, -2)	Assets/Elemental/Content/StartupCaches/EarthCoreSlicePlanetBase_a3565256c82028c4ece51550448b8615.asset	29e8e5d97a35c394d889d28a7ac208d5	RumbleGround (Planet Runtime)	Elemental/Graphics V5/Rumble Rock Lit		838	26.04
Editable Voxel Planet/Voxel Chunk (0, 2, -2)	Base (0, 2, -2)	Assets/Elemental/Content/StartupCaches/EarthCoreSlicePlanetBase_a3565256c82028c4ece51550448b8615.asset	29e8e5d97a35c394d889d28a7ac208d5	RumbleGround (Planet Runtime)	Elemental/Graphics V5/Rumble Rock Lit		944	25.48
Editable Voxel Planet/Voxel Chunk (1, 2, -2)	Base (1, 2, -2)	Assets/Elemental/Content/StartupCaches/EarthCoreSlicePlanetBase_a3565256c82028c4ece51550448b8615.asset	29e8e5d97a35c394d889d28a7ac208d5	RumbleGround (Planet Runtime)	Elemental/Graphics V5/Rumble Rock Lit		2514	34.89
Editable Voxel Planet/Voxel Chunk (2, 2, -2)	Base (2, 2, -2)	Assets/Elemental/Content/StartupCaches/EarthCoreSlicePlanetBase_a3565256c82028c4ece51550448b8615.asset	29e8e5d97a35c394d889d28a7ac208d5	RumbleGround (Planet Runtime)	Elemental/Graphics V5/Rumble Rock Lit		1250	45.92
Editable Voxel Planet/Voxel Chunk (-2, 3, -2)	Base (-2, 3, -2)	Assets/Elemental/Content/StartupCaches/EarthCoreSlicePlanetBase_a3565256c82028c4ece51550448b8615.asset	29e8e5d97a35c394d889d28a7ac208d5	RumbleGround (Planet Runtime)	Elemental/Graphics V5/Rumble Rock Lit		194	25.24
Editable Voxel Planet/Voxel Chunk (-1, 3, -2)	Base (-1, 3, -2)	Assets/Elemental/Content/StartupCaches/EarthCoreSlicePlanetBase_a3565256c82028c4ece51550448b8615.asset	29e8e5d97a35c394d889d28a7ac208d5	RumbleGround (Planet Runtime)	Elemental/Graphics V5/Rumble Rock Lit		1224	18.50
Editable Voxel Planet/Voxel Chunk (0, 3, -2)	Base (0, 3, -2)	Assets/Elemental/Content/StartupCaches/EarthCoreSlicePlanetBase_a3565256c82028c4ece51550448b8615.asset	29e8e5d97a35c394d889d28a7ac208d5	RumbleGround (Planet Runtime)	Elemental/Graphics V5/Rumble Rock Lit		1274	18.17
Editable Voxel Planet/Voxel Chunk (1, 3, -2)	Base (1, 3, -2)	Assets/Elemental/Content/StartupCaches/EarthCoreSlicePlanetBase_a3565256c82028c4ece51550448b8615.asset	29e8e5d97a35c394d889d28a7ac208d5	RumbleGround (Planet Runtime)	Elemental/Graphics V5/Rumble Rock Lit		198	24.13
Editable Voxel Planet/Voxel Chunk (-2, -4, -1)	Base (-2, -4, -1)	Assets/Elemental/Content/StartupCaches/EarthCoreSlicePlanetBase_a3565256c82028c4ece51550448b8615.asset	29e8e5d97a35c394d889d28a7ac208d5	RumbleGround (Planet Runtime)	Elemental/Graphics V5/Rumble Rock Lit		1840	112.55
Editable Voxel Planet/Voxel Chunk (-1, -4, -1)	Base (-1, -4, -1)	Assets/Elemental/Content/StartupCaches/EarthCoreSlicePlanetBase_a3565256c82028c4ece51550448b8615.asset	29e8e5d97a35c394d889d28a7ac208d5	RumbleGround (Planet Runtime)	Elemental/Graphics V5/Rumble Rock Lit		2656	113.11
Editable Voxel Planet/Voxel Chunk (0, -4, -1)	Base (0, -4, -1)	Assets/Elemental/Content/StartupCaches/EarthCoreSlicePlanetBase_a3565256c82028c4ece51550448b8615.asset	29e8e5d97a35c394d889d28a7ac208d5	RumbleGround (Planet Runtime)	Elemental/Graphics V5/Rumble Rock Lit		2306	113.21
Editable Voxel Planet/Voxel Chunk (1, -4, -1)	Base (1, -4, -1)	Assets/Elemental/Content/StartupCaches/EarthCoreSlicePlanetBase_a3565256c82028c4ece51550448b8615.asset	29e8e5d97a35c394d889d28a7ac208d5	RumbleGround (Planet Runtime)	Elemental/Graphics V5/Rumble Rock Lit		1266	112.30
Editable Voxel Planet/Voxel Chunk (-3, -3, -1)	Base (-3, -3, -1)	Assets/Elemental/Content/StartupCaches/EarthCoreSlicePlanetBase_a3565256c82028c4ece51550448b8615.asset	29e8e5d97a35c394d889d28a7ac208d5	RumbleGround (Planet Runtime)	Elemental/Graphics V5/Rumble Rock Lit		3328	105.73
Editable Voxel Planet/Voxel Chunk (-2, -3, -1)	Base (-2, -3, -1)	Assets/Elemental/Content/StartupCaches/EarthCoreSlicePlanetBase_a3565256c82028c4ece51550448b8615.asset	29e8e5d97a35c394d889d28a7ac208d5	RumbleGround (Planet Runtime)	Elemental/Graphics V5/Rumble Rock Lit		1528	108.68
Editable Voxel Planet/Voxel Chunk (1, -3, -1)	Base (1, -3, -1)	Assets/Elemental/Content/StartupCaches/EarthCoreSlicePlanetBase_a3565256c82028c4ece51550448b8615.asset	29e8e5d97a35c394d889d28a7ac208d5	RumbleGround (Planet Runtime)	Elemental/Graphics V5/Rumble Rock Lit		958	108.09
Editable Voxel Planet/Voxel Chunk (2, -3, -1)	Base (2, -3, -1)	Assets/Elemental/Content/StartupCaches/EarthCoreSlicePlanetBase_a3565256c82028c4ece51550448b8615.asset	29e8e5d97a35c394d889d28a7ac208d5	RumbleGround (Planet Runtime)	Elemental/Graphics V5/Rumble Rock Lit		1756	105.74
Editable Voxel Planet/Voxel Chunk (-4, -2, -1)	Base (-4, -2, -1)	Assets/Elemental/Content/StartupCaches/EarthCoreSlicePlanetBase_a3565256c82028c4ece51550448b8615.asset	29e8e5d97a35c394d889d28a7ac208d5	RumbleGround (Planet Runtime)	Elemental/Graphics V5/Rumble Rock Lit		1864	95.99
Editable Voxel Planet/Voxel Chunk (-3, -2, -1)	Base (-3, -2, -1)	Assets/Elemental/Content/StartupCaches/EarthCoreSlicePlanetBase_a3565256c82028c4ece51550448b8615.asset	29e8e5d97a35c394d889d28a7ac208d5	RumbleGround (Planet Runtime)	Elemental/Graphics V5/Rumble Rock Lit		1496	98.30
Editable Voxel Planet/Voxel Chunk (2, -2, -1)	Base (2, -2, -1)	Assets/Elemental/Content/StartupCaches/EarthCoreSlicePlanetBase_a3565256c82028c4ece51550448b8615.asset	29e8e5d97a35c394d889d28a7ac208d5	RumbleGround (Planet Runtime)	Elemental/Graphics V5/Rumble Rock Lit		892	97.48
Editable Voxel Planet/Voxel Chunk (3, -2, -1)	Base (3, -2, -1)	Assets/Elemental/Content/StartupCaches/EarthCoreSlicePlanetBase_a3565256c82028c4ece51550448b8615.asset	29e8e5d97a35c394d889d28a7ac208d5	RumbleGround (Planet Runtime)	Elemental/Graphics V5/Rumble Rock Lit		1160	95.65
Editable Voxel Planet/Voxel Chunk (-4, -1, -1)	Base (-4, -1, -1)	Assets/Elemental/Content/StartupCaches/EarthCoreSlicePlanetBase_a3565256c82028c4ece51550448b8615.asset	29e8e5d97a35c394d889d28a7ac208d5	RumbleGround (Planet Runtime)	Elemental/Graphics V5/Rumble Rock Lit		2632	86.23
Editable Voxel Planet/Voxel Chunk (3, -1, -1)	Base (3, -1, -1)	Assets/Elemental/Content/StartupCaches/EarthCoreSlicePlanetBase_a3565256c82028c4ece51550448b8615.asset	29e8e5d97a35c394d889d28a7ac208d5	RumbleGround (Planet Runtime)	Elemental/Graphics V5/Rumble Rock Lit		2052	85.72
Editable Voxel Planet/Voxel Chunk (-4, 0, -1)	Base (-4, 0, -1)	Assets/Elemental/Content/StartupCaches/EarthCoreSlicePlanetBase_a3565256c82028c4ece51550448b8615.asset	29e8e5d97a35c394d889d28a7ac208d5	RumbleGround (Planet Runtime)	Elemental/Graphics V5/Rumble Rock Lit		2272	74.29
Editable Voxel Planet/Voxel Chunk (3, 0, -1)	Base (3, 0, -1)	Assets/Elemental/Content/StartupCaches/EarthCoreSlicePlanetBase_a3565256c82028c4ece51550448b8615.asset	29e8e5d97a35c394d889d28a7ac208d5	RumbleGround (Planet Runtime)	Elemental/Graphics V5/Rumble Rock Lit		2248	73.72
Editable Voxel Planet/Voxel Chunk (-4, 1, -1)	Base (-4, 1, -1)	Assets/Elemental/Content/StartupCaches/EarthCoreSlicePlanetBase_a3565256c82028c4ece51550448b8615.asset	29e8e5d97a35c394d889d28a7ac208d5	RumbleGround (Planet Runtime)	Elemental/Graphics V5/Rumble Rock Lit		1324	63.77
Editable Voxel Planet/Voxel Chunk (-3, 1, -1)	Base (-3, 1, -1)	Assets/Elemental/Content/StartupCaches/EarthCoreSlicePlanetBase_a3565256c82028c4ece51550448b8615.asset	29e8e5d97a35c394d889d28a7ac208d5	RumbleGround (Planet Runtime)	Elemental/Graphics V5/Rumble Rock Lit		900	56.28
Editable Voxel Planet/Voxel Chunk (2, 1, -1)	Base (2, 1, -1)	Assets/Elemental/Content/StartupCaches/EarthCoreSlicePlanetBase_a3565256c82028c4ece51550448b8615.asset	29e8e5d97a35c394d889d28a7ac208d5	RumbleGround (Planet Runtime)	Elemental/Graphics V5/Rumble Rock Lit		1256	55.48
Editable Voxel Planet/Voxel Chunk (3, 1, -1)	Base (3, 1, -1)	Assets/Elemental/Content/StartupCaches/EarthCoreSlicePlanetBase_a3565256c82028c4ece51550448b8615.asset	29e8e5d97a35c394d889d28a7ac208d5	RumbleGround (Planet Runtime)	Elemental/Graphics V5/Rumble Rock Lit		1582	63.02
Editable Voxel Planet/Voxel Chunk (-3, 2, -1)	Base (-3, 2, -1)	Assets/Elemental/Content/StartupCaches/EarthCoreSlicePlanetBase_a3565256c82028c4ece51550448b8615.asset	29e8e5d97a35c394d889d28a7ac208d5	RumbleGround (Planet Runtime)	Elemental/Graphics V5/Rumble Rock Lit		1788	44.29
Editable Voxel Planet/Voxel Chunk (-2, 2, -1)	Base (-2, 2, -1)	Assets/Elemental/Content/StartupCaches/EarthCoreSlicePlanetBase_a3565256c82028c4ece51550448b8615.asset	29e8e5d97a35c394d889d28a7ac208d5	RumbleGround (Planet Runtime)	Elemental/Graphics V5/Rumble Rock Lit		824	31.47
Editable Voxel Planet/Voxel Chunk (1, 2, -1)	Base (1, 2, -1)	Assets/Elemental/Content/StartupCaches/EarthCoreSlicePlanetBase_a3565256c82028c4ece51550448b8615.asset	29e8e5d97a35c394d889d28a7ac208d5	RumbleGround (Planet Runtime)	Elemental/Graphics V5/Rumble Rock Lit		1296	30.61
Editable Voxel Planet/Voxel Chunk (2, 2, -1)	Base (2, 2, -1)	Assets/Elemental/Content/StartupCaches/EarthCoreSlicePlanetBase_a3565256c82028c4ece51550448b8615.asset	29e8e5d97a35c394d889d28a7ac208d5	RumbleGround (Planet Runtime)	Elemental/Graphics V5/Rumble Rock Lit		2880	43.77
Editable Voxel Planet/Voxel Chunk (-2, 3, -1)	Base (-2, 3, -1)	Assets/Elemental/Content/StartupCaches/EarthCoreSlicePlanetBase_a3565256c82028c4ece51550448b8615.asset	29e8e5d97a35c394d889d28a7ac208d5	RumbleGround (Planet Runtime)	Elemental/Graphics V5/Rumble Rock Lit		1224	23.86
Editable Voxel Planet/Voxel Chunk (-1, 3, -1)	Base (-1, 3, -1)	Assets/Elemental/Content/StartupCaches/EarthCoreSlicePlanetBase_a3565256c82028c4ece51550448b8615.asset	29e8e5d97a35c394d889d28a7ac208d5	RumbleGround (Planet Runtime)	Elemental/Graphics V5/Rumble Rock Lit		2048	11.22
Editable Voxel Planet/Voxel Chunk (0, 3, -1)	Base (0, 3, -1)	Assets/Elemental/Content/StartupCaches/EarthCoreSlicePlanetBase_a3565256c82028c4ece51550448b8615.asset	29e8e5d97a35c394d889d28a7ac208d5	RumbleGround (Planet Runtime)	Elemental/Graphics V5/Rumble Rock Lit		2318	10.48
Editable Voxel Planet/Voxel Chunk (1, 3, -1)	Base (1, 3, -1)	Assets/Elemental/Content/StartupCaches/EarthCoreSlicePlanetBase_a3565256c82028c4ece51550448b8615.asset	29e8e5d97a35c394d889d28a7ac208d5	RumbleGround (Planet Runtime)	Elemental/Graphics V5/Rumble Rock Lit		1564	23.54
Editable Voxel Planet/Voxel Chunk (-2, -4, 0)	Base (-2, -4, 0)	Assets/Elemental/Content/StartupCaches/EarthCoreSlicePlanetBase_a3565256c82028c4ece51550448b8615.asset	29e8e5d97a35c394d889d28a7ac208d5	RumbleGround (Planet Runtime)	Elemental/Graphics V5/Rumble Rock Lit		1606	113.67
Editable Voxel Planet/Voxel Chunk (-1, -4, 0)	Base (-1, -4, 0)	Assets/Elemental/Content/StartupCaches/EarthCoreSlicePlanetBase_a3565256c82028c4ece51550448b8615.asset	29e8e5d97a35c394d889d28a7ac208d5	RumbleGround (Planet Runtime)	Elemental/Graphics V5/Rumble Rock Lit		2302	114.34
Editable Voxel Planet/Voxel Chunk (0, -4, 0)	Base (0, -4, 0)	Assets/Elemental/Content/StartupCaches/EarthCoreSlicePlanetBase_a3565256c82028c4ece51550448b8615.asset	29e8e5d97a35c394d889d28a7ac208d5	RumbleGround (Planet Runtime)	Elemental/Graphics V5/Rumble Rock Lit		2048	114.23
Editable Voxel Planet/Voxel Chunk (1, -4, 0)	Base (1, -4, 0)	Assets/Elemental/Content/StartupCaches/EarthCoreSlicePlanetBase_a3565256c82028c4ece51550448b8615.asset	29e8e5d97a35c394d889d28a7ac208d5	RumbleGround (Planet Runtime)	Elemental/Graphics V5/Rumble Rock Lit		1216	113.45
Editable Voxel Planet/Voxel Chunk (-3, -3, 0)	Base (-3, -3, 0)	Assets/Elemental/Content/StartupCaches/EarthCoreSlicePlanetBase_a3565256c82028c4ece51550448b8615.asset	29e8e5d97a35c394d889d28a7ac208d5	RumbleGround (Planet Runtime)	Elemental/Graphics V5/Rumble Rock Lit		2888	106.91
Editable Voxel Planet/Voxel Chunk (-2, -3, 0)	Base (-2, -3, 0)	Assets/Elemental/Content/StartupCaches/EarthCoreSlicePlanetBase_a3565256c82028c4ece51550448b8615.asset	29e8e5d97a35c394d889d28a7ac208d5	RumbleGround (Planet Runtime)	Elemental/Graphics V5/Rumble Rock Lit		1312	109.68
Editable Voxel Planet/Voxel Chunk (1, -3, 0)	Base (1, -3, 0)	Assets/Elemental/Content/StartupCaches/EarthCoreSlicePlanetBase_a3565256c82028c4ece51550448b8615.asset	29e8e5d97a35c394d889d28a7ac208d5	RumbleGround (Planet Runtime)	Elemental/Graphics V5/Rumble Rock Lit		852	109.37
Editable Voxel Planet/Voxel Chunk (2, -3, 0)	Base (2, -3, 0)	Assets/Elemental/Content/StartupCaches/EarthCoreSlicePlanetBase_a3565256c82028c4ece51550448b8615.asset	29e8e5d97a35c394d889d28a7ac208d5	RumbleGround (Planet Runtime)	Elemental/Graphics V5/Rumble Rock Lit		1740	106.93
Editable Voxel Planet/Voxel Chunk (-4, -2, 0)	Base (-4, -2, 0)	Assets/Elemental/Content/StartupCaches/EarthCoreSlicePlanetBase_a3565256c82028c4ece51550448b8615.asset	29e8e5d97a35c394d889d28a7ac208d5	RumbleGround (Planet Runtime)	Elemental/Graphics V5/Rumble Rock Lit		1594	97.29
Editable Voxel Planet/Voxel Chunk (-3, -2, 0)	Base (-3, -2, 0)	Assets/Elemental/Content/StartupCaches/EarthCoreSlicePlanetBase_a3565256c82028c4ece51550448b8615.asset	29e8e5d97a35c394d889d28a7ac208d5	RumbleGround (Planet Runtime)	Elemental/Graphics V5/Rumble Rock Lit		1316	99.30
Editable Voxel Planet/Voxel Chunk (2, -2, 0)	Base (2, -2, 0)	Assets/Elemental/Content/StartupCaches/EarthCoreSlicePlanetBase_a3565256c82028c4ece51550448b8615.asset	29e8e5d97a35c394d889d28a7ac208d5	RumbleGround (Planet Runtime)	Elemental/Graphics V5/Rumble Rock Lit		908	98.61
Editable Voxel Planet/Voxel Chunk (3, -2, 0)	Base (3, -2, 0)	Assets/Elemental/Content/StartupCaches/EarthCoreSlicePlanetBase_a3565256c82028c4ece51550448b8615.asset	29e8e5d97a35c394d889d28a7ac208d5	RumbleGround (Planet Runtime)	Elemental/Graphics V5/Rumble Rock Lit		1330	96.97
Editable Voxel Planet/Voxel Chunk (-4, -1, 0)	Base (-4, -1, 0)	Assets/Elemental/Content/StartupCaches/EarthCoreSlicePlanetBase_a3565256c82028c4ece51550448b8615.asset	29e8e5d97a35c394d889d28a7ac208d5	RumbleGround (Planet Runtime)	Elemental/Graphics V5/Rumble Rock Lit		2256	87.70
Editable Voxel Planet/Voxel Chunk (3, -1, 0)	Base (3, -1, 0)	Assets/Elemental/Content/StartupCaches/EarthCoreSlicePlanetBase_a3565256c82028c4ece51550448b8615.asset	29e8e5d97a35c394d889d28a7ac208d5	RumbleGround (Planet Runtime)	Elemental/Graphics V5/Rumble Rock Lit		2262	87.25
Editable Voxel Planet/Voxel Chunk (-4, 0, 0)	Base (-4, 0, 0)	Assets/Elemental/Content/StartupCaches/EarthCoreSlicePlanetBase_a3565256c82028c4ece51550448b8615.asset	29e8e5d97a35c394d889d28a7ac208d5	RumbleGround (Planet Runtime)	Elemental/Graphics V5/Rumble Rock Lit		2076	76.00
Editable Voxel Planet/Voxel Chunk (3, 0, 0)	Base (3, 0, 0)	Assets/Elemental/Content/StartupCaches/EarthCoreSlicePlanetBase_a3565256c82028c4ece51550448b8615.asset	29e8e5d97a35c394d889d28a7ac208d5	RumbleGround (Planet Runtime)	Elemental/Graphics V5/Rumble Rock Lit		2632	75.36
Editable Voxel Planet/Voxel Chunk (-4, 1, 0)	Base (-4, 1, 0)	Assets/Elemental/Content/StartupCaches/EarthCoreSlicePlanetBase_a3565256c82028c4ece51550448b8615.asset	29e8e5d97a35c394d889d28a7ac208d5	RumbleGround (Planet Runtime)	Elemental/Graphics V5/Rumble Rock Lit		1148	65.74
Editable Voxel Planet/Voxel Chunk (-3, 1, 0)	Base (-3, 1, 0)	Assets/Elemental/Content/StartupCaches/EarthCoreSlicePlanetBase_a3565256c82028c4ece51550448b8615.asset	29e8e5d97a35c394d889d28a7ac208d5	RumbleGround (Planet Runtime)	Elemental/Graphics V5/Rumble Rock Lit		912	58.51
Editable Voxel Planet/Voxel Chunk (2, 1, 0)	Base (2, 1, 0)	Assets/Elemental/Content/StartupCaches/EarthCoreSlicePlanetBase_a3565256c82028c4ece51550448b8615.asset	29e8e5d97a35c394d889d28a7ac208d5	RumbleGround (Planet Runtime)	Elemental/Graphics V5/Rumble Rock Lit		1648	57.84
Editable Voxel Planet/Voxel Chunk (3, 1, 0)	Base (3, 1, 0)	Assets/Elemental/Content/StartupCaches/EarthCoreSlicePlanetBase_a3565256c82028c4ece51550448b8615.asset	29e8e5d97a35c394d889d28a7ac208d5	RumbleGround (Planet Runtime)	Elemental/Graphics V5/Rumble Rock Lit		1912	65.03
Editable Voxel Planet/Voxel Chunk (-3, 2, 0)	Base (-3, 2, 0)	Assets/Elemental/Content/StartupCaches/EarthCoreSlicePlanetBase_a3565256c82028c4ece51550448b8615.asset	29e8e5d97a35c394d889d28a7ac208d5	RumbleGround (Planet Runtime)	Elemental/Graphics V5/Rumble Rock Lit		1810	47.10
Editable Voxel Planet/Voxel Chunk (-2, 2, 0)	Base (-2, 2, 0)	Assets/Elemental/Content/StartupCaches/EarthCoreSlicePlanetBase_a3565256c82028c4ece51550448b8615.asset	29e8e5d97a35c394d889d28a7ac208d5	RumbleGround (Planet Runtime)	Elemental/Graphics V5/Rumble Rock Lit		942	35.39
Editable Voxel Planet/Voxel Chunk (1, 2, 0)	Base (1, 2, 0)	Assets/Elemental/Content/StartupCaches/EarthCoreSlicePlanetBase_a3565256c82028c4ece51550448b8615.asset	29e8e5d97a35c394d889d28a7ac208d5	RumbleGround (Planet Runtime)	Elemental/Graphics V5/Rumble Rock Lit		1584	34.36
Editable Voxel Planet/Voxel Chunk (2, 2, 0)	Base (2, 2, 0)	Assets/Elemental/Content/StartupCaches/EarthCoreSlicePlanetBase_a3565256c82028c4ece51550448b8615.asset	29e8e5d97a35c394d889d28a7ac208d5	RumbleGround (Planet Runtime)	Elemental/Graphics V5/Rumble Rock Lit		3360	46.55
Editable Voxel Planet/Voxel Chunk (-2, 3, 0)	Base (-2, 3, 0)	Assets/Elemental/Content/StartupCaches/EarthCoreSlicePlanetBase_a3565256c82028c4ece51550448b8615.asset	29e8e5d97a35c394d889d28a7ac208d5	RumbleGround (Planet Runtime)	Elemental/Graphics V5/Rumble Rock Lit		1276	28.62
Editable Voxel Planet/Voxel Chunk (-1, 3, 0)	Base (-1, 3, 0)	Assets/Elemental/Content/StartupCaches/EarthCoreSlicePlanetBase_a3565256c82028c4ece51550448b8615.asset	29e8e5d97a35c394d889d28a7ac208d5	RumbleGround (Planet Runtime)	Elemental/Graphics V5/Rumble Rock Lit		2278	19.49
Editable Voxel Planet/Voxel Chunk (0, 3, 0)	Base (0, 3, 0)	Assets/Elemental/Content/StartupCaches/EarthCoreSlicePlanetBase_a3565256c82028c4ece51550448b8615.asset	29e8e5d97a35c394d889d28a7ac208d5	RumbleGround (Planet Runtime)	Elemental/Graphics V5/Rumble Rock Lit		2604	19.06
Editable Voxel Planet/Voxel Chunk (1, 3, 0)	Base (1, 3, 0)	Assets/Elemental/Content/StartupCaches/EarthCoreSlicePlanetBase_a3565256c82028c4ece51550448b8615.asset	29e8e5d97a35c394d889d28a7ac208d5	RumbleGround (Planet Runtime)	Elemental/Graphics V5/Rumble Rock Lit		1920	28.39
Editable Voxel Planet/Voxel Chunk (-2, -4, 1)	Base (-2, -4, 1)	Assets/Elemental/Content/StartupCaches/EarthCoreSlicePlanetBase_a3565256c82028c4ece51550448b8615.asset	29e8e5d97a35c394d889d28a7ac208d5	RumbleGround (Planet Runtime)	Elemental/Graphics V5/Rumble Rock Lit		198	114.17
Editable Voxel Planet/Voxel Chunk (-1, -4, 1)	Base (-1, -4, 1)	Assets/Elemental/Content/StartupCaches/EarthCoreSlicePlanetBase_a3565256c82028c4ece51550448b8615.asset	29e8e5d97a35c394d889d28a7ac208d5	RumbleGround (Planet Runtime)	Elemental/Graphics V5/Rumble Rock Lit		1260	114.50
Editable Voxel Planet/Voxel Chunk (0, -4, 1)	Base (0, -4, 1)	Assets/Elemental/Content/StartupCaches/EarthCoreSlicePlanetBase_a3565256c82028c4ece51550448b8615.asset	29e8e5d97a35c394d889d28a7ac208d5	RumbleGround (Planet Runtime)	Elemental/Graphics V5/Rumble Rock Lit		1220	114.43
Editable Voxel Planet/Voxel Chunk (1, -4, 1)	Base (1, -4, 1)	Assets/Elemental/Content/StartupCaches/EarthCoreSlicePlanetBase_a3565256c82028c4ece51550448b8615.asset	29e8e5d97a35c394d889d28a7ac208d5	RumbleGround (Planet Runtime)	Elemental/Graphics V5/Rumble Rock Lit		166	113.98
Editable Voxel Planet/Voxel Chunk (-3, -3, 1)	Base (-3, -3, 1)	Assets/Elemental/Content/StartupCaches/EarthCoreSlicePlanetBase_a3565256c82028c4ece51550448b8615.asset	29e8e5d97a35c394d889d28a7ac208d5	RumbleGround (Planet Runtime)	Elemental/Graphics V5/Rumble Rock Lit		1230	108.60
Editable Voxel Planet/Voxel Chunk (-2, -3, 1)	Base (-2, -3, 1)	Assets/Elemental/Content/StartupCaches/EarthCoreSlicePlanetBase_a3565256c82028c4ece51550448b8615.asset	29e8e5d97a35c394d889d28a7ac208d5	RumbleGround (Planet Runtime)	Elemental/Graphics V5/Rumble Rock Lit		2494	107.82
Editable Voxel Planet/Voxel Chunk (-1, -3, 1)	Base (-1, -3, 1)	Assets/Elemental/Content/StartupCaches/EarthCoreSlicePlanetBase_a3565256c82028c4ece51550448b8615.asset	29e8e5d97a35c394d889d28a7ac208d5	RumbleGround (Planet Runtime)	Elemental/Graphics V5/Rumble Rock Lit		970	110.99
Editable Voxel Planet/Voxel Chunk (0, -3, 1)	Base (0, -3, 1)	Assets/Elemental/Content/StartupCaches/EarthCoreSlicePlanetBase_a3565256c82028c4ece51550448b8615.asset	29e8e5d97a35c394d889d28a7ac208d5	RumbleGround (Planet Runtime)	Elemental/Graphics V5/Rumble Rock Lit		844	110.75
Editable Voxel Planet/Voxel Chunk (1, -3, 1)	Base (1, -3, 1)	Assets/Elemental/Content/StartupCaches/EarthCoreSlicePlanetBase_a3565256c82028c4ece51550448b8615.asset	29e8e5d97a35c394d889d28a7ac208d5	RumbleGround (Planet Runtime)	Elemental/Graphics V5/Rumble Rock Lit		2060	107.63
Editable Voxel Planet/Voxel Chunk (2, -3, 1)	Base (2, -3, 1)	Assets/Elemental/Content/StartupCaches/EarthCoreSlicePlanetBase_a3565256c82028c4ece51550448b8615.asset	29e8e5d97a35c394d889d28a7ac208d5	RumbleGround (Planet Runtime)	Elemental/Graphics V5/Rumble Rock Lit		948	108.23
Editable Voxel Planet/Voxel Chunk (-4, -2, 1)	Base (-4, -2, 1)	Assets/Elemental/Content/StartupCaches/EarthCoreSlicePlanetBase_a3565256c82028c4ece51550448b8615.asset	29e8e5d97a35c394d889d28a7ac208d5	RumbleGround (Planet Runtime)	Elemental/Graphics V5/Rumble Rock Lit		196	97.02
Editable Voxel Planet/Voxel Chunk (-3, -2, 1)	Base (-3, -2, 1)	Assets/Elemental/Content/StartupCaches/EarthCoreSlicePlanetBase_a3565256c82028c4ece51550448b8615.asset	29e8e5d97a35c394d889d28a7ac208d5	RumbleGround (Planet Runtime)	Elemental/Graphics V5/Rumble Rock Lit		2504	98.58
Editable Voxel Planet/Voxel Chunk (-2, -2, 1)	Base (-2, -2, 1)	Assets/Elemental/Content/StartupCaches/EarthCoreSlicePlanetBase_a3565256c82028c4ece51550448b8615.asset	29e8e5d97a35c394d889d28a7ac208d5	RumbleGround (Planet Runtime)	Elemental/Graphics V5/Rumble Rock Lit		14	104.57
Editable Voxel Planet/Voxel Chunk (1, -2, 1)	Base (1, -2, 1)	Assets/Elemental/Content/StartupCaches/EarthCoreSlicePlanetBase_a3565256c82028c4ece51550448b8615.asset	29e8e5d97a35c394d889d28a7ac208d5	RumbleGround (Planet Runtime)	Elemental/Graphics V5/Rumble Rock Lit		2	104.61
Editable Voxel Planet/Voxel Chunk (2, -2, 1)	Base (2, -2, 1)	Assets/Elemental/Content/StartupCaches/EarthCoreSlicePlanetBase_a3565256c82028c4ece51550448b8615.asset	29e8e5d97a35c394d889d28a7ac208d5	RumbleGround (Planet Runtime)	Elemental/Graphics V5/Rumble Rock Lit		2508	98.23
Editable Voxel Planet/Voxel Chunk (3, -2, 1)	Base (3, -2, 1)	Assets/Elemental/Content/StartupCaches/EarthCoreSlicePlanetBase_a3565256c82028c4ece51550448b8615.asset	29e8e5d97a35c394d889d28a7ac208d5	RumbleGround (Planet Runtime)	Elemental/Graphics V5/Rumble Rock Lit		158	96.28
Editable Voxel Planet/Voxel Chunk (-4, -1, 1)	Base (-4, -1, 1)	Assets/Elemental/Content/StartupCaches/EarthCoreSlicePlanetBase_a3565256c82028c4ece51550448b8615.asset	29e8e5d97a35c394d889d28a7ac208d5	RumbleGround (Planet Runtime)	Elemental/Graphics V5/Rumble Rock Lit		1246	89.94
Editable Voxel Planet/Voxel Chunk (-3, -1, 1)	Base (-3, -1, 1)	Assets/Elemental/Content/StartupCaches/EarthCoreSlicePlanetBase_a3565256c82028c4ece51550448b8615.asset	29e8e5d97a35c394d889d28a7ac208d5	RumbleGround (Planet Runtime)	Elemental/Graphics V5/Rumble Rock Lit		978	88.94
Editable Voxel Planet/Voxel Chunk (2, -1, 1)	Base (2, -1, 1)	Assets/Elemental/Content/StartupCaches/EarthCoreSlicePlanetBase_a3565256c82028c4ece51550448b8615.asset	29e8e5d97a35c394d889d28a7ac208d5	RumbleGround (Planet Runtime)	Elemental/Graphics V5/Rumble Rock Lit		1274	88.69
Editable Voxel Planet/Voxel Chunk (3, -1, 1)	Base (3, -1, 1)	Assets/Elemental/Content/StartupCaches/EarthCoreSlicePlanetBase_a3565256c82028c4ece51550448b8615.asset	29e8e5d97a35c394d889d28a7ac208d5	RumbleGround (Planet Runtime)	Elemental/Graphics V5/Rumble Rock Lit		1658	89.45
Editable Voxel Planet/Voxel Chunk (-4, 0, 1)	Base (-4, 0, 1)	Assets/Elemental/Content/StartupCaches/EarthCoreSlicePlanetBase_a3565256c82028c4ece51550448b8615.asset	29e8e5d97a35c394d889d28a7ac208d5	RumbleGround (Planet Runtime)	Elemental/Graphics V5/Rumble Rock Lit		1236	78.52
Editable Voxel Planet/Voxel Chunk (-3, 0, 1)	Base (-3, 0, 1)	Assets/Elemental/Content/StartupCaches/EarthCoreSlicePlanetBase_a3565256c82028c4ece51550448b8615.asset	29e8e5d97a35c394d889d28a7ac208d5	RumbleGround (Planet Runtime)	Elemental/Graphics V5/Rumble Rock Lit		820	77.31
Editable Voxel Planet/Voxel Chunk (2, 0, 1)	Base (2, 0, 1)	Assets/Elemental/Content/StartupCaches/EarthCoreSlicePlanetBase_a3565256c82028c4ece51550448b8615.asset	29e8e5d97a35c394d889d28a7ac208d5	RumbleGround (Planet Runtime)	Elemental/Graphics V5/Rumble Rock Lit		1624	76.55
Editable Voxel Planet/Voxel Chunk (3, 0, 1)	Base (3, 0, 1)	Assets/Elemental/Content/StartupCaches/EarthCoreSlicePlanetBase_a3565256c82028c4ece51550448b8615.asset	29e8e5d97a35c394d889d28a7ac208d5	RumbleGround (Planet Runtime)	Elemental/Graphics V5/Rumble Rock Lit		1888	77.98
Editable Voxel Planet/Voxel Chunk (-4, 1, 1)	Base (-4, 1, 1)	Assets/Elemental/Content/StartupCaches/EarthCoreSlicePlanetBase_a3565256c82028c4ece51550448b8615.asset	29e8e5d97a35c394d889d28a7ac208d5	RumbleGround (Planet Runtime)	Elemental/Graphics V5/Rumble Rock Lit		122	69.83
Editable Voxel Planet/Voxel Chunk (-3, 1, 1)	Base (-3, 1, 1)	Assets/Elemental/Content/StartupCaches/EarthCoreSlicePlanetBase_a3565256c82028c4ece51550448b8615.asset	29e8e5d97a35c394d889d28a7ac208d5	RumbleGround (Planet Runtime)	Elemental/Graphics V5/Rumble Rock Lit		2164	62.86
Editable Voxel Planet/Voxel Chunk (-2, 1, 1)	Base (-2, 1, 1)	Assets/Elemental/Content/StartupCaches/EarthCoreSlicePlanetBase_a3565256c82028c4ece51550448b8615.asset	29e8e5d97a35c394d889d28a7ac208d5	RumbleGround (Planet Runtime)	Elemental/Graphics V5/Rumble Rock Lit		2	58.37
Editable Voxel Planet/Voxel Chunk (1, 1, 1)	Base (1, 1, 1)	Assets/Elemental/Content/StartupCaches/EarthCoreSlicePlanetBase_a3565256c82028c4ece51550448b8615.asset	29e8e5d97a35c394d889d28a7ac208d5	RumbleGround (Planet Runtime)	Elemental/Graphics V5/Rumble Rock Lit		6	57.82
Editable Voxel Planet/Voxel Chunk (2, 1, 1)	Base (2, 1, 1)	Assets/Elemental/Content/StartupCaches/EarthCoreSlicePlanetBase_a3565256c82028c4ece51550448b8615.asset	29e8e5d97a35c394d889d28a7ac208d5	RumbleGround (Planet Runtime)	Elemental/Graphics V5/Rumble Rock Lit		4140	62.33
Editable Voxel Planet/Voxel Chunk (3, 1, 1)	Base (3, 1, 1)	Assets/Elemental/Content/StartupCaches/EarthCoreSlicePlanetBase_a3565256c82028c4ece51550448b8615.asset	29e8e5d97a35c394d889d28a7ac208d5	RumbleGround (Planet Runtime)	Elemental/Graphics V5/Rumble Rock Lit		206	69.18
Editable Voxel Planet/Voxel Chunk (-3, 2, 1)	Base (-3, 2, 1)	Assets/Elemental/Content/StartupCaches/EarthCoreSlicePlanetBase_a3565256c82028c4ece51550448b8615.asset	29e8e5d97a35c394d889d28a7ac208d5	RumbleGround (Planet Runtime)	Elemental/Graphics V5/Rumble Rock Lit		936	54.19
Editable Voxel Planet/Voxel Chunk (-2, 2, 1)	Base (-2, 2, 1)	Assets/Elemental/Content/StartupCaches/EarthCoreSlicePlanetBase_a3565256c82028c4ece51550448b8615.asset	29e8e5d97a35c394d889d28a7ac208d5	RumbleGround (Planet Runtime)	Elemental/Graphics V5/Rumble Rock Lit		2572	44.91
Editable Voxel Planet/Voxel Chunk (-1, 2, 1)	Base (-1, 2, 1)	Assets/Elemental/Content/StartupCaches/EarthCoreSlicePlanetBase_a3565256c82028c4ece51550448b8615.asset	29e8e5d97a35c394d889d28a7ac208d5	RumbleGround (Planet Runtime)	Elemental/Graphics V5/Rumble Rock Lit		1286	38.59
Editable Voxel Planet/Voxel Chunk (0, 2, 1)	Base (0, 2, 1)	Assets/Elemental/Content/StartupCaches/EarthCoreSlicePlanetBase_a3565256c82028c4ece51550448b8615.asset	29e8e5d97a35c394d889d28a7ac208d5	RumbleGround (Planet Runtime)	Elemental/Graphics V5/Rumble Rock Lit		1528	38.69
Editable Voxel Planet/Voxel Chunk (1, 2, 1)	Base (1, 2, 1)	Assets/Elemental/Content/StartupCaches/EarthCoreSlicePlanetBase_a3565256c82028c4ece51550448b8615.asset	29e8e5d97a35c394d889d28a7ac208d5	RumbleGround (Planet Runtime)	Elemental/Graphics V5/Rumble Rock Lit		4180	44.46
Editable Voxel Planet/Voxel Chunk (2, 2, 1)	Base (2, 2, 1)	Assets/Elemental/Content/StartupCaches/EarthCoreSlicePlanetBase_a3565256c82028c4ece51550448b8615.asset	29e8e5d97a35c394d889d28a7ac208d5	RumbleGround (Planet Runtime)	Elemental/Graphics V5/Rumble Rock Lit		1758	53.45
Editable Voxel Planet/Voxel Chunk (-2, 3, 1)	Base (-2, 3, 1)	Assets/Elemental/Content/StartupCaches/EarthCoreSlicePlanetBase_a3565256c82028c4ece51550448b8615.asset	29e8e5d97a35c394d889d28a7ac208d5	RumbleGround (Planet Runtime)	Elemental/Graphics V5/Rumble Rock Lit		174	34.79
Editable Voxel Planet/Voxel Chunk (-1, 3, 1)	Base (-1, 3, 1)	Assets/Elemental/Content/StartupCaches/EarthCoreSlicePlanetBase_a3565256c82028c4ece51550448b8615.asset	29e8e5d97a35c394d889d28a7ac208d5	RumbleGround (Planet Runtime)	Elemental/Graphics V5/Rumble Rock Lit		1582	32.19
Editable Voxel Planet/Voxel Chunk (0, 3, 1)	Base (0, 3, 1)	Assets/Elemental/Content/StartupCaches/EarthCoreSlicePlanetBase_a3565256c82028c4ece51550448b8615.asset	29e8e5d97a35c394d889d28a7ac208d5	RumbleGround (Planet Runtime)	Elemental/Graphics V5/Rumble Rock Lit		1932	32.03
Editable Voxel Planet/Voxel Chunk (1, 3, 1)	Base (1, 3, 1)	Assets/Elemental/Content/StartupCaches/EarthCoreSlicePlanetBase_a3565256c82028c4ece51550448b8615.asset	29e8e5d97a35c394d889d28a7ac208d5	RumbleGround (Planet Runtime)	Elemental/Graphics V5/Rumble Rock Lit		246	34.18
Editable Voxel Planet/Voxel Chunk (-3, -3, 2)	Base (-3, -3, 2)	Assets/Elemental/Content/StartupCaches/EarthCoreSlicePlanetBase_a3565256c82028c4ece51550448b8615.asset	29e8e5d97a35c394d889d28a7ac208d5	RumbleGround (Planet Runtime)	Elemental/Graphics V5/Rumble Rock Lit		0	60.57
Editable Voxel Planet/Voxel Chunk (-2, -3, 2)	Base (-2, -3, 2)	Assets/Elemental/Content/StartupCaches/EarthCoreSlicePlanetBase_a3565256c82028c4ece51550448b8615.asset	29e8e5d97a35c394d889d28a7ac208d5	RumbleGround (Planet Runtime)	Elemental/Graphics V5/Rumble Rock Lit		934	109.47
Editable Voxel Planet/Voxel Chunk (-1, -3, 2)	Base (-1, -3, 2)	Assets/Elemental/Content/StartupCaches/EarthCoreSlicePlanetBase_a3565256c82028c4ece51550448b8615.asset	29e8e5d97a35c394d889d28a7ac208d5	RumbleGround (Planet Runtime)	Elemental/Graphics V5/Rumble Rock Lit		1734	109.16
Editable Voxel Planet/Voxel Chunk (0, -3, 2)	Base (0, -3, 2)	Assets/Elemental/Content/StartupCaches/EarthCoreSlicePlanetBase_a3565256c82028c4ece51550448b8615.asset	29e8e5d97a35c394d889d28a7ac208d5	RumbleGround (Planet Runtime)	Elemental/Graphics V5/Rumble Rock Lit		1722	109.07
Editable Voxel Planet/Voxel Chunk (1, -3, 2)	Base (1, -3, 2)	Assets/Elemental/Content/StartupCaches/EarthCoreSlicePlanetBase_a3565256c82028c4ece51550448b8615.asset	29e8e5d97a35c394d889d28a7ac208d5	RumbleGround (Planet Runtime)	Elemental/Graphics V5/Rumble Rock Lit		970	109.24
Editable Voxel Planet/Voxel Chunk (2, -3, 2)	Base (2, -3, 2)	Assets/Elemental/Content/StartupCaches/EarthCoreSlicePlanetBase_a3565256c82028c4ece51550448b8615.asset	29e8e5d97a35c394d889d28a7ac208d5	RumbleGround (Planet Runtime)	Elemental/Graphics V5/Rumble Rock Lit		0	60.57
Editable Voxel Planet/Voxel Chunk (-3, -2, 2)	Base (-3, -2, 2)	Assets/Elemental/Content/StartupCaches/EarthCoreSlicePlanetBase_a3565256c82028c4ece51550448b8615.asset	29e8e5d97a35c394d889d28a7ac208d5	RumbleGround (Planet Runtime)	Elemental/Graphics V5/Rumble Rock Lit		942	101.79
Editable Voxel Planet/Voxel Chunk (-2, -2, 2)	Base (-2, -2, 2)	Assets/Elemental/Content/StartupCaches/EarthCoreSlicePlanetBase_a3565256c82028c4ece51550448b8615.asset	29e8e5d97a35c394d889d28a7ac208d5	RumbleGround (Planet Runtime)	Elemental/Graphics V5/Rumble Rock Lit		2148	99.78
Editable Voxel Planet/Voxel Chunk (-1, -2, 2)	Base (-1, -2, 2)	Assets/Elemental/Content/StartupCaches/EarthCoreSlicePlanetBase_a3565256c82028c4ece51550448b8615.asset	29e8e5d97a35c394d889d28a7ac208d5	RumbleGround (Planet Runtime)	Elemental/Graphics V5/Rumble Rock Lit		864	101.93
Editable Voxel Planet/Voxel Chunk (0, -2, 2)	Base (0, -2, 2)	Assets/Elemental/Content/StartupCaches/EarthCoreSlicePlanetBase_a3565256c82028c4ece51550448b8615.asset	29e8e5d97a35c394d889d28a7ac208d5	RumbleGround (Planet Runtime)	Elemental/Graphics V5/Rumble Rock Lit		954	102.09
Editable Voxel Planet/Voxel Chunk (1, -2, 2)	Base (1, -2, 2)	Assets/Elemental/Content/StartupCaches/EarthCoreSlicePlanetBase_a3565256c82028c4ece51550448b8615.asset	29e8e5d97a35c394d889d28a7ac208d5	RumbleGround (Planet Runtime)	Elemental/Graphics V5/Rumble Rock Lit		2504	99.58
Editable Voxel Planet/Voxel Chunk (2, -2, 2)	Base (2, -2, 2)	Assets/Elemental/Content/StartupCaches/EarthCoreSlicePlanetBase_a3565256c82028c4ece51550448b8615.asset	29e8e5d97a35c394d889d28a7ac208d5	RumbleGround (Planet Runtime)	Elemental/Graphics V5/Rumble Rock Lit		1174	101.91
Editable Voxel Planet/Voxel Chunk (-3, -1, 2)	Base (-3, -1, 2)	Assets/Elemental/Content/StartupCaches/EarthCoreSlicePlanetBase_a3565256c82028c4ece51550448b8615.asset	29e8e5d97a35c394d889d28a7ac208d5	RumbleGround (Planet Runtime)	Elemental/Graphics V5/Rumble Rock Lit		1740	91.02
Editable Voxel Planet/Voxel Chunk (-2, -1, 2)	Base (-2, -1, 2)	Assets/Elemental/Content/StartupCaches/EarthCoreSlicePlanetBase_a3565256c82028c4ece51550448b8615.asset	29e8e5d97a35c394d889d28a7ac208d5	RumbleGround (Planet Runtime)	Elemental/Graphics V5/Rumble Rock Lit		884	90.31
Editable Voxel Planet/Voxel Chunk (1, -1, 2)	Base (1, -1, 2)	Assets/Elemental/Content/StartupCaches/EarthCoreSlicePlanetBase_a3565256c82028c4ece51550448b8615.asset	29e8e5d97a35c394d889d28a7ac208d5	RumbleGround (Planet Runtime)	Elemental/Graphics V5/Rumble Rock Lit		1262	90.24
Editable Voxel Planet/Voxel Chunk (2, -1, 2)	Base (2, -1, 2)	Assets/Elemental/Content/StartupCaches/EarthCoreSlicePlanetBase_a3565256c82028c4ece51550448b8615.asset	29e8e5d97a35c394d889d28a7ac208d5	RumbleGround (Planet Runtime)	Elemental/Graphics V5/Rumble Rock Lit		2936	90.63
Editable Voxel Planet/Voxel Chunk (-3, 0, 2)	Base (-3, 0, 2)	Assets/Elemental/Content/StartupCaches/EarthCoreSlicePlanetBase_a3565256c82028c4ece51550448b8615.asset	29e8e5d97a35c394d889d28a7ac208d5	RumbleGround (Planet Runtime)	Elemental/Graphics V5/Rumble Rock Lit		1746	79.75
Editable Voxel Planet/Voxel Chunk (-2, 0, 2)	Base (-2, 0, 2)	Assets/Elemental/Content/StartupCaches/EarthCoreSlicePlanetBase_a3565256c82028c4ece51550448b8615.asset	29e8e5d97a35c394d889d28a7ac208d5	RumbleGround (Planet Runtime)	Elemental/Graphics V5/Rumble Rock Lit		896	79.17
Editable Voxel Planet/Voxel Chunk (1, 0, 2)	Base (1, 0, 2)	Assets/Elemental/Content/StartupCaches/EarthCoreSlicePlanetBase_a3565256c82028c4ece51550448b8615.asset	29e8e5d97a35c394d889d28a7ac208d5	RumbleGround (Planet Runtime)	Elemental/Graphics V5/Rumble Rock Lit		1576	78.69
Editable Voxel Planet/Voxel Chunk (2, 0, 2)	Base (2, 0, 2)	Assets/Elemental/Content/StartupCaches/EarthCoreSlicePlanetBase_a3565256c82028c4ece51550448b8615.asset	29e8e5d97a35c394d889d28a7ac208d5	RumbleGround (Planet Runtime)	Elemental/Graphics V5/Rumble Rock Lit		3304	79.33
Editable Voxel Planet/Voxel Chunk (-3, 1, 2)	Base (-3, 1, 2)	Assets/Elemental/Content/StartupCaches/EarthCoreSlicePlanetBase_a3565256c82028c4ece51550448b8615.asset	29e8e5d97a35c394d889d28a7ac208d5	RumbleGround (Planet Runtime)	Elemental/Graphics V5/Rumble Rock Lit		942	68.91
Editable Voxel Planet/Voxel Chunk (-2, 1, 2)	Base (-2, 1, 2)	Assets/Elemental/Content/StartupCaches/EarthCoreSlicePlanetBase_a3565256c82028c4ece51550448b8615.asset	29e8e5d97a35c394d889d28a7ac208d5	RumbleGround (Planet Runtime)	Elemental/Graphics V5/Rumble Rock Lit		2564	64.74
Editable Voxel Planet/Voxel Chunk (-1, 1, 2)	Base (-1, 1, 2)	Assets/Elemental/Content/StartupCaches/EarthCoreSlicePlanetBase_a3565256c82028c4ece51550448b8615.asset	29e8e5d97a35c394d889d28a7ac208d5	RumbleGround (Planet Runtime)	Elemental/Graphics V5/Rumble Rock Lit		1246	62.97
Editable Voxel Planet/Voxel Chunk (0, 1, 2)	Base (0, 1, 2)	Assets/Elemental/Content/StartupCaches/EarthCoreSlicePlanetBase_a3565256c82028c4ece51550448b8615.asset	29e8e5d97a35c394d889d28a7ac208d5	RumbleGround (Planet Runtime)	Elemental/Graphics V5/Rumble Rock Lit		1584	62.76
Editable Voxel Planet/Voxel Chunk (1, 1, 2)	Base (1, 1, 2)	Assets/Elemental/Content/StartupCaches/EarthCoreSlicePlanetBase_a3565256c82028c4ece51550448b8615.asset	29e8e5d97a35c394d889d28a7ac208d5	RumbleGround (Planet Runtime)	Elemental/Graphics V5/Rumble Rock Lit		4164	64.43
Editable Voxel Planet/Voxel Chunk (2, 1, 2)	Base (2, 1, 2)	Assets/Elemental/Content/StartupCaches/EarthCoreSlicePlanetBase_a3565256c82028c4ece51550448b8615.asset	29e8e5d97a35c394d889d28a7ac208d5	RumbleGround (Planet Runtime)	Elemental/Graphics V5/Rumble Rock Lit		1750	68.19
Editable Voxel Planet/Voxel Chunk (-3, 2, 2)	Base (-3, 2, 2)	Assets/Elemental/Content/StartupCaches/EarthCoreSlicePlanetBase_a3565256c82028c4ece51550448b8615.asset	29e8e5d97a35c394d889d28a7ac208d5	RumbleGround (Planet Runtime)	Elemental/Graphics V5/Rumble Rock Lit		0	60.57
Editable Voxel Planet/Voxel Chunk (-2, 2, 2)	Base (-2, 2, 2)	Assets/Elemental/Content/StartupCaches/EarthCoreSlicePlanetBase_a3565256c82028c4ece51550448b8615.asset	29e8e5d97a35c394d889d28a7ac208d5	RumbleGround (Planet Runtime)	Elemental/Graphics V5/Rumble Rock Lit		1186	55.88
Editable Voxel Planet/Voxel Chunk (-1, 2, 2)	Base (-1, 2, 2)	Assets/Elemental/Content/StartupCaches/EarthCoreSlicePlanetBase_a3565256c82028c4ece51550448b8615.asset	29e8e5d97a35c394d889d28a7ac208d5	RumbleGround (Planet Runtime)	Elemental/Graphics V5/Rumble Rock Lit		2908	51.76
Editable Voxel Planet/Voxel Chunk (0, 2, 2)	Base (0, 2, 2)	Assets/Elemental/Content/StartupCaches/EarthCoreSlicePlanetBase_a3565256c82028c4ece51550448b8615.asset	29e8e5d97a35c394d889d28a7ac208d5	RumbleGround (Planet Runtime)	Elemental/Graphics V5/Rumble Rock Lit		3320	51.60
Editable Voxel Planet/Voxel Chunk (1, 2, 2)	Base (1, 2, 2)	Assets/Elemental/Content/StartupCaches/EarthCoreSlicePlanetBase_a3565256c82028c4ece51550448b8615.asset	29e8e5d97a35c394d889d28a7ac208d5	RumbleGround (Planet Runtime)	Elemental/Graphics V5/Rumble Rock Lit		1742	55.51
Editable Voxel Planet/Voxel Chunk (2, 2, 2)	Base (2, 2, 2)	Assets/Elemental/Content/StartupCaches/EarthCoreSlicePlanetBase_a3565256c82028c4ece51550448b8615.asset	29e8e5d97a35c394d889d28a7ac208d5	RumbleGround (Planet Runtime)	Elemental/Graphics V5/Rumble Rock Lit		0	60.57
Editable Voxel Planet/Voxel Chunk (-2, -2, 3)	Base (-2, -2, 3)	Assets/Elemental/Content/StartupCaches/EarthCoreSlicePlanetBase_a3565256c82028c4ece51550448b8615.asset	29e8e5d97a35c394d889d28a7ac208d5	RumbleGround (Planet Runtime)	Elemental/Graphics V5/Rumble Rock Lit		122	99.17
Editable Voxel Planet/Voxel Chunk (-1, -2, 3)	Base (-1, -2, 3)	Assets/Elemental/Content/StartupCaches/EarthCoreSlicePlanetBase_a3565256c82028c4ece51550448b8615.asset	29e8e5d97a35c394d889d28a7ac208d5	RumbleGround (Planet Runtime)	Elemental/Graphics V5/Rumble Rock Lit		1196	100.75
Editable Voxel Planet/Voxel Chunk (0, -2, 3)	Base (0, -2, 3)	Assets/Elemental/Content/StartupCaches/EarthCoreSlicePlanetBase_a3565256c82028c4ece51550448b8615.asset	29e8e5d97a35c394d889d28a7ac208d5	RumbleGround (Planet Runtime)	Elemental/Graphics V5/Rumble Rock Lit		1280	100.71
Editable Voxel Planet/Voxel Chunk (1, -2, 3)	Base (1, -2, 3)	Assets/Elemental/Content/StartupCaches/EarthCoreSlicePlanetBase_a3565256c82028c4ece51550448b8615.asset	29e8e5d97a35c394d889d28a7ac208d5	RumbleGround (Planet Runtime)	Elemental/Graphics V5/Rumble Rock Lit		174	99.13
Editable Voxel Planet/Voxel Chunk (-2, -1, 3)	Base (-2, -1, 3)	Assets/Elemental/Content/StartupCaches/EarthCoreSlicePlanetBase_a3565256c82028c4ece51550448b8615.asset	29e8e5d97a35c394d889d28a7ac208d5	RumbleGround (Planet Runtime)	Elemental/Graphics V5/Rumble Rock Lit		1172	92.21
Editable Voxel Planet/Voxel Chunk (-1, -1, 3)	Base (-1, -1, 3)	Assets/Elemental/Content/StartupCaches/EarthCoreSlicePlanetBase_a3565256c82028c4ece51550448b8615.asset	29e8e5d97a35c394d889d28a7ac208d5	RumbleGround (Planet Runtime)	Elemental/Graphics V5/Rumble Rock Lit		2052	91.50
Editable Voxel Planet/Voxel Chunk (0, -1, 3)	Base (0, -1, 3)	Assets/Elemental/Content/StartupCaches/EarthCoreSlicePlanetBase_a3565256c82028c4ece51550448b8615.asset	29e8e5d97a35c394d889d28a7ac208d5	RumbleGround (Planet Runtime)	Elemental/Graphics V5/Rumble Rock Lit		2242	91.39
Editable Voxel Planet/Voxel Chunk (1, -1, 3)	Base (1, -1, 3)	Assets/Elemental/Content/StartupCaches/EarthCoreSlicePlanetBase_a3565256c82028c4ece51550448b8615.asset	29e8e5d97a35c394d889d28a7ac208d5	RumbleGround (Planet Runtime)	Elemental/Graphics V5/Rumble Rock Lit		1642	92.06
Editable Voxel Planet/Voxel Chunk (-2, 0, 3)	Base (-2, 0, 3)	Assets/Elemental/Content/StartupCaches/EarthCoreSlicePlanetBase_a3565256c82028c4ece51550448b8615.asset	29e8e5d97a35c394d889d28a7ac208d5	RumbleGround (Planet Runtime)	Elemental/Graphics V5/Rumble Rock Lit		1324	81.13
Editable Voxel Planet/Voxel Chunk (-1, 0, 3)	Base (-1, 0, 3)	Assets/Elemental/Content/StartupCaches/EarthCoreSlicePlanetBase_a3565256c82028c4ece51550448b8615.asset	29e8e5d97a35c394d889d28a7ac208d5	RumbleGround (Planet Runtime)	Elemental/Graphics V5/Rumble Rock Lit		2224	80.27
Editable Voxel Planet/Voxel Chunk (0, 0, 3)	Base (0, 0, 3)	Assets/Elemental/Content/StartupCaches/EarthCoreSlicePlanetBase_a3565256c82028c4ece51550448b8615.asset	29e8e5d97a35c394d889d28a7ac208d5	RumbleGround (Planet Runtime)	Elemental/Graphics V5/Rumble Rock Lit		2772	80.18
Editable Voxel Planet/Voxel Chunk (1, 0, 3)	Base (1, 0, 3)	Assets/Elemental/Content/StartupCaches/EarthCoreSlicePlanetBase_a3565256c82028c4ece51550448b8615.asset	29e8e5d97a35c394d889d28a7ac208d5	RumbleGround (Planet Runtime)	Elemental/Graphics V5/Rumble Rock Lit		1816	80.92
Editable Voxel Planet/Voxel Chunk (-2, 1, 3)	Base (-2, 1, 3)	Assets/Elemental/Content/StartupCaches/EarthCoreSlicePlanetBase_a3565256c82028c4ece51550448b8615.asset	29e8e5d97a35c394d889d28a7ac208d5	RumbleGround (Planet Runtime)	Elemental/Graphics V5/Rumble Rock Lit		166	73.02
Editable Voxel Planet/Voxel Chunk (-1, 1, 3)	Base (-1, 1, 3)	Assets/Elemental/Content/StartupCaches/EarthCoreSlicePlanetBase_a3565256c82028c4ece51550448b8615.asset	29e8e5d97a35c394d889d28a7ac208d5	RumbleGround (Planet Runtime)	Elemental/Graphics V5/Rumble Rock Lit		1642	70.48
Editable Voxel Planet/Voxel Chunk (0, 1, 3)	Base (0, 1, 3)	Assets/Elemental/Content/StartupCaches/EarthCoreSlicePlanetBase_a3565256c82028c4ece51550448b8615.asset	29e8e5d97a35c394d889d28a7ac208d5	RumbleGround (Planet Runtime)	Elemental/Graphics V5/Rumble Rock Lit		1856	70.44
Editable Voxel Planet/Voxel Chunk (1, 1, 3)	Base (1, 1, 3)	Assets/Elemental/Content/StartupCaches/EarthCoreSlicePlanetBase_a3565256c82028c4ece51550448b8615.asset	29e8e5d97a35c394d889d28a7ac208d5	RumbleGround (Planet Runtime)	Elemental/Graphics V5/Rumble Rock Lit		270	72.67
Editable Voxel Planet/Additional Planet Rock Scatter/Planet Large Rock 001	Rock9Bevel	Assets/Elemental/Content/Generated/MaterialPass/Rock9Bevel.asset	2470a54dbbdf6fd4eb693fb042f01267	RumbleSandstone	Elemental/Graphics V5/Rumble Rock Lit	d0239ba4c83ca2a4e8f8ebeea7e809c4	264	106.45
Editable Voxel Planet/Additional Planet Rock Scatter/Planet Large Rock 002	Rock8Bevel	Assets/Elemental/Content/Generated/MaterialPass/Rock8Bevel.asset	ef14977ab2683d44b98fcda4dafd027a	RumbleSandstone	Elemental/Graphics V5/Rumble Rock Lit	d0239ba4c83ca2a4e8f8ebeea7e809c4	128	34.51
Editable Voxel Planet/Additional Planet Rock Scatter/Planet Large Rock 003	Rock6Bevel	Assets/Elemental/Content/Generated/MaterialPass/Rock6Bevel.asset	d6cdfdc902a1f3846abc14db6fd7cd28	RumbleSandstone	Elemental/Graphics V5/Rumble Rock Lit	d0239ba4c83ca2a4e8f8ebeea7e809c4	272	40.70
Editable Voxel Planet/Additional Planet Rock Scatter/Planet Large Rock 004	Rock11Bevel	Assets/Elemental/Content/Generated/MaterialPass/Rock11Bevel.asset	46636d1b32002274db4471fe9ef1ccbc	RumbleSandstone	Elemental/Graphics V5/Rumble Rock Lit	d0239ba4c83ca2a4e8f8ebeea7e809c4	216	37.77
Editable Voxel Planet/Additional Planet Rock Scatter/Planet Large Rock 005	Rock6Bevel	Assets/Elemental/Content/Generated/MaterialPass/Rock6Bevel.asset	d6cdfdc902a1f3846abc14db6fd7cd28	RumbleSandstone	Elemental/Graphics V5/Rumble Rock Lit	d0239ba4c83ca2a4e8f8ebeea7e809c4	272	58.65
Editable Voxel Planet/Additional Planet Rock Scatter/Planet Large Rock 006	Rock6Bevel	Assets/Elemental/Content/Generated/MaterialPass/Rock6Bevel.asset	d6cdfdc902a1f3846abc14db6fd7cd28	RumbleSandstone	Elemental/Graphics V5/Rumble Rock Lit	d0239ba4c83ca2a4e8f8ebeea7e809c4	272	50.93
Editable Voxel Planet/Additional Planet Rock Scatter/Planet Large Rock 007	Rock7Bevel	Assets/Elemental/Content/Generated/MaterialPass/Rock7Bevel.asset	cf596f3aa8ce91a4395c5fbd9ed4c377	RumbleSandstone	Elemental/Graphics V5/Rumble Rock Lit	d0239ba4c83ca2a4e8f8ebeea7e809c4	163	61.31
Editable Voxel Planet/Additional Planet Rock Scatter/Planet Large Rock 008	Rock6Bevel	Assets/Elemental/Content/Generated/MaterialPass/Rock6Bevel.asset	d6cdfdc902a1f3846abc14db6fd7cd28	RumbleSandstone	Elemental/Graphics V5/Rumble Rock Lit	d0239ba4c83ca2a4e8f8ebeea7e809c4	272	70.66
Editable Voxel Planet/Additional Planet Rock Scatter/Planet Large Rock 009	Rock4Bevel	Assets/Elemental/Content/Generated/MaterialPass/Rock4Bevel.asset	55b2913c5805e1049886992049364dd2	RumbleSandstone	Elemental/Graphics V5/Rumble Rock Lit	d0239ba4c83ca2a4e8f8ebeea7e809c4	244	61.56
Editable Voxel Planet/Additional Planet Rock Scatter/Planet Large Rock 010	Rock8Bevel	Assets/Elemental/Content/Generated/MaterialPass/Rock8Bevel.asset	ef14977ab2683d44b98fcda4dafd027a	RumbleSandstone	Elemental/Graphics V5/Rumble Rock Lit	d0239ba4c83ca2a4e8f8ebeea7e809c4	128	78.42
Editable Voxel Planet/Additional Planet Rock Scatter/Planet Large Rock 011	Rock1Bevel	Assets/Elemental/Content/Generated/MaterialPass/Rock1Bevel.asset	e8d1409a537283c448ac51547cdb662b	RumbleSandstone	Elemental/Graphics V5/Rumble Rock Lit	d0239ba4c83ca2a4e8f8ebeea7e809c4	192	76.24
Editable Voxel Planet/Additional Planet Rock Scatter/Planet Large Rock 012	Rock7Bevel	Assets/Elemental/Content/Generated/MaterialPass/Rock7Bevel.asset	cf596f3aa8ce91a4395c5fbd9ed4c377	RumbleSandstone	Elemental/Graphics V5/Rumble Rock Lit	d0239ba4c83ca2a4e8f8ebeea7e809c4	163	75.13
Editable Voxel Planet/Additional Planet Rock Scatter/Planet Large Rock 013	Rock9Bevel	Assets/Elemental/Content/Generated/MaterialPass/Rock9Bevel.asset	2470a54dbbdf6fd4eb693fb042f01267	RumbleSandstone	Elemental/Graphics V5/Rumble Rock Lit	d0239ba4c83ca2a4e8f8ebeea7e809c4	264	89.83
Editable Voxel Planet/Additional Planet Rock Scatter/Planet Large Rock 014	Rock1Bevel	Assets/Elemental/Content/Generated/MaterialPass/Rock1Bevel.asset	e8d1409a537283c448ac51547cdb662b	RumbleSandstone	Elemental/Graphics V5/Rumble Rock Lit	d0239ba4c83ca2a4e8f8ebeea7e809c4	192	81.88
Editable Voxel Planet/Additional Planet Rock Scatter/Planet Large Rock 015	Rock8Bevel	Assets/Elemental/Content/Generated/MaterialPass/Rock8Bevel.asset	ef14977ab2683d44b98fcda4dafd027a	RumbleSandstone	Elemental/Graphics V5/Rumble Rock Lit	d0239ba4c83ca2a4e8f8ebeea7e809c4	128	91.66
Editable Voxel Planet/Additional Planet Rock Scatter/Planet Large Rock 016	Rock7Bevel	Assets/Elemental/Content/Generated/MaterialPass/Rock7Bevel.asset	cf596f3aa8ce91a4395c5fbd9ed4c377	RumbleSandstone	Elemental/Graphics V5/Rumble Rock Lit	d0239ba4c83ca2a4e8f8ebeea7e809c4	163	97.66
Editable Voxel Planet/Additional Planet Rock Scatter/Planet Large Rock 017	Rock7Bevel	Assets/Elemental/Content/Generated/MaterialPass/Rock7Bevel.asset	cf596f3aa8ce91a4395c5fbd9ed4c377	RumbleSandstone	Elemental/Graphics V5/Rumble Rock Lit	d0239ba4c83ca2a4e8f8ebeea7e809c4	163	93.18
Editable Voxel Planet/Additional Planet Rock Scatter/Planet Large Rock 018	Rock10Bevel	Assets/Elemental/Content/Generated/MaterialPass/Rock10Bevel.asset	7b863487c4a16b64e94fdc5b36d51682	RumbleSandstone	Elemental/Graphics V5/Rumble Rock Lit	d0239ba4c83ca2a4e8f8ebeea7e809c4	103	103.67
Editable Voxel Planet/Additional Planet Rock Scatter/Planet Large Rock 019	Rock10Bevel	Assets/Elemental/Content/Generated/MaterialPass/Rock10Bevel.asset	7b863487c4a16b64e94fdc5b36d51682	RumbleSandstone	Elemental/Graphics V5/Rumble Rock Lit	d0239ba4c83ca2a4e8f8ebeea7e809c4	103	100.86
Editable Voxel Planet/Additional Planet Rock Scatter/Planet Large Rock 020	Rock5Bevel	Assets/Elemental/Content/Generated/MaterialPass/Rock5Bevel.asset	49da5cc230974634a9209047c1dfbbc7	RumbleSandstone	Elemental/Graphics V5/Rumble Rock Lit	d0239ba4c83ca2a4e8f8ebeea7e809c4	113	104.65
Editable Voxel Planet/Additional Planet Rock Scatter/Planet Large Rock 021	Rock10Bevel	Assets/Elemental/Content/Generated/MaterialPass/Rock10Bevel.asset	7b863487c4a16b64e94fdc5b36d51682	RumbleSandstone	Elemental/Graphics V5/Rumble Rock Lit	d0239ba4c83ca2a4e8f8ebeea7e809c4	103	110.99
Editable Voxel Planet/Additional Planet Rock Scatter/Planet Large Rock 022	Rock7Bevel	Assets/Elemental/Content/Generated/MaterialPass/Rock7Bevel.asset	cf596f3aa8ce91a4395c5fbd9ed4c377	RumbleSandstone	Elemental/Graphics V5/Rumble Rock Lit	d0239ba4c83ca2a4e8f8ebeea7e809c4	163	86.61
Editable Voxel Planet/Additional Planet Rock Scatter/Planet Large Rock 023	Rock4Bevel	Assets/Elemental/Content/Generated/MaterialPass/Rock4Bevel.asset	55b2913c5805e1049886992049364dd2	RumbleSandstone	Elemental/Graphics V5/Rumble Rock Lit	d0239ba4c83ca2a4e8f8ebeea7e809c4	244	113.50
Editable Voxel Planet/Additional Planet Rock Scatter/Planet Large Rock 024	Rock4Bevel	Assets/Elemental/Content/Generated/MaterialPass/Rock4Bevel.asset	55b2913c5805e1049886992049364dd2	RumbleSandstone	Elemental/Graphics V5/Rumble Rock Lit	d0239ba4c83ca2a4e8f8ebeea7e809c4	244	114.77
Editable Voxel Planet/Additional Planet Rock Scatter/Planet Medium Rock 001	Rock6Bevel	Assets/Elemental/Content/Generated/MaterialPass/Rock6Bevel.asset	d6cdfdc902a1f3846abc14db6fd7cd28	RumbleSandstone	Elemental/Graphics V5/Rumble Rock Lit	d0239ba4c83ca2a4e8f8ebeea7e809c4	272	81.61
Editable Voxel Planet/Additional Planet Rock Scatter/Planet Medium Rock 002	Rock8Bevel	Assets/Elemental/Content/Generated/MaterialPass/Rock8Bevel.asset	ef14977ab2683d44b98fcda4dafd027a	RumbleSandstone	Elemental/Graphics V5/Rumble Rock Lit	d0239ba4c83ca2a4e8f8ebeea7e809c4	128	74.53
Editable Voxel Planet/Additional Planet Rock Scatter/Planet Medium Rock 003	Rock8Bevel	Assets/Elemental/Content/Generated/MaterialPass/Rock8Bevel.asset	ef14977ab2683d44b98fcda4dafd027a	RumbleSandstone	Elemental/Graphics V5/Rumble Rock Lit	d0239ba4c83ca2a4e8f8ebeea7e809c4	128	90.64
Editable Voxel Planet/Additional Planet Rock Scatter/Planet Medium Rock 004	Rock11Bevel	Assets/Elemental/Content/Generated/MaterialPass/Rock11Bevel.asset	46636d1b32002274db4471fe9ef1ccbc	RumbleSandstone	Elemental/Graphics V5/Rumble Rock Lit	d0239ba4c83ca2a4e8f8ebeea7e809c4	216	72.00
Editable Voxel Planet/Additional Planet Rock Scatter/Planet Medium Rock 005	Rock10Bevel	Assets/Elemental/Content/Generated/MaterialPass/Rock10Bevel.asset	7b863487c4a16b64e94fdc5b36d51682	RumbleSandstone	Elemental/Graphics V5/Rumble Rock Lit	d0239ba4c83ca2a4e8f8ebeea7e809c4	103	81.79
Editable Voxel Planet/Additional Planet Rock Scatter/Planet Medium Rock 006	Rock7Bevel	Assets/Elemental/Content/Generated/MaterialPass/Rock7Bevel.asset	cf596f3aa8ce91a4395c5fbd9ed4c377	RumbleSandstone	Elemental/Graphics V5/Rumble Rock Lit	d0239ba4c83ca2a4e8f8ebeea7e809c4	163	90.66
Editable Voxel Planet/Additional Planet Rock Scatter/Planet Medium Rock 007	Rock5Bevel	Assets/Elemental/Content/Generated/MaterialPass/Rock5Bevel.asset	49da5cc230974634a9209047c1dfbbc7	RumbleSandstone	Elemental/Graphics V5/Rumble Rock Lit	d0239ba4c83ca2a4e8f8ebeea7e809c4	113	62.67
Editable Voxel Planet/Additional Planet Rock Scatter/Planet Medium Rock 008	Rock2Bevel	Assets/Elemental/Content/Generated/MaterialPass/Rock2Bevel.asset	81347fcdee82ed743b759b72caae17ad	RumbleSandstone	Elemental/Graphics V5/Rumble Rock Lit	d0239ba4c83ca2a4e8f8ebeea7e809c4	159	94.22
Editable Voxel Planet/Additional Planet Rock Scatter/Planet Medium Rock 009	Rock9Bevel	Assets/Elemental/Content/Generated/MaterialPass/Rock9Bevel.asset	2470a54dbbdf6fd4eb693fb042f01267	RumbleSandstone	Elemental/Graphics V5/Rumble Rock Lit	d0239ba4c83ca2a4e8f8ebeea7e809c4	264	77.03
Editable Voxel Planet/Additional Planet Rock Scatter/Planet Medium Rock 010	Rock7Bevel	Assets/Elemental/Content/Generated/MaterialPass/Rock7Bevel.asset	cf596f3aa8ce91a4395c5fbd9ed4c377	RumbleSandstone	Elemental/Graphics V5/Rumble Rock Lit	d0239ba4c83ca2a4e8f8ebeea7e809c4	163	70.80
Editable Voxel Planet/Additional Planet Rock Scatter/Planet Medium Rock 011	Rock0Bevel	Assets/Elemental/Content/Generated/MaterialPass/Rock0Bevel.asset	5f6e602ff6da3c342b8a294f9d920f10	RumbleSandstone	Elemental/Graphics V5/Rumble Rock Lit	d0239ba4c83ca2a4e8f8ebeea7e809c4	188	98.92
Editable Voxel Planet/Additional Planet Rock Scatter/Planet Medium Rock 012	Rock10Bevel	Assets/Elemental/Content/Generated/MaterialPass/Rock10Bevel.asset	7b863487c4a16b64e94fdc5b36d51682	RumbleSandstone	Elemental/Graphics V5/Rumble Rock Lit	d0239ba4c83ca2a4e8f8ebeea7e809c4	103	59.00
Editable Voxel Planet/Additional Planet Rock Scatter/Planet Medium Rock 013	Rock8Bevel	Assets/Elemental/Content/Generated/MaterialPass/Rock8Bevel.asset	ef14977ab2683d44b98fcda4dafd027a	RumbleSandstone	Elemental/Graphics V5/Rumble Rock Lit	d0239ba4c83ca2a4e8f8ebeea7e809c4	128	89.12
Editable Voxel Planet/Additional Planet Rock Scatter/Planet Medium Rock 014	Rock4Bevel	Assets/Elemental/Content/Generated/MaterialPass/Rock4Bevel.asset	55b2913c5805e1049886992049364dd2	RumbleSandstone	Elemental/Graphics V5/Rumble Rock Lit	d0239ba4c83ca2a4e8f8ebeea7e809c4	244	88.71
Editable Voxel Planet/Additional Planet Rock Scatter/Planet Medium Rock 015	Rock10Bevel	Assets/Elemental/Content/Generated/MaterialPass/Rock10Bevel.asset	7b863487c4a16b64e94fdc5b36d51682	RumbleSandstone	Elemental/Graphics V5/Rumble Rock Lit	d0239ba4c83ca2a4e8f8ebeea7e809c4	103	56.00
Editable Voxel Planet/Additional Planet Rock Scatter/Planet Medium Rock 016	Rock7Bevel	Assets/Elemental/Content/Generated/MaterialPass/Rock7Bevel.asset	cf596f3aa8ce91a4395c5fbd9ed4c377	RumbleSandstone	Elemental/Graphics V5/Rumble Rock Lit	d0239ba4c83ca2a4e8f8ebeea7e809c4	163	102.16
Editable Voxel Planet/Additional Planet Rock Scatter/Planet Medium Rock 017	Rock0Bevel	Assets/Elemental/Content/Generated/MaterialPass/Rock0Bevel.asset	5f6e602ff6da3c342b8a294f9d920f10	RumbleSandstone	Elemental/Graphics V5/Rumble Rock Lit	d0239ba4c83ca2a4e8f8ebeea7e809c4	188	66.36
Editable Voxel Planet/Additional Planet Rock Scatter/Planet Medium Rock 018	Rock3Bevel	Assets/Elemental/Content/Generated/MaterialPass/Rock3Bevel.asset	a367a6d64d2a89c49b5f84e765aebd96	RumbleSandstone	Elemental/Graphics V5/Rumble Rock Lit	d0239ba4c83ca2a4e8f8ebeea7e809c4	168	76.84
Editable Voxel Planet/Additional Planet Rock Scatter/Planet Medium Rock 019	Rock10Bevel	Assets/Elemental/Content/Generated/MaterialPass/Rock10Bevel.asset	7b863487c4a16b64e94fdc5b36d51682	RumbleSandstone	Elemental/Graphics V5/Rumble Rock Lit	d0239ba4c83ca2a4e8f8ebeea7e809c4	103	99.89
Editable Voxel Planet/Additional Planet Rock Scatter/Planet Medium Rock 020	Rock2Bevel	Assets/Elemental/Content/Generated/MaterialPass/Rock2Bevel.asset	81347fcdee82ed743b759b72caae17ad	RumbleSandstone	Elemental/Graphics V5/Rumble Rock Lit	d0239ba4c83ca2a4e8f8ebeea7e809c4	159	47.12
Editable Voxel Planet/Additional Planet Rock Scatter/Planet Medium Rock 021	Rock6Bevel	Assets/Elemental/Content/Generated/MaterialPass/Rock6Bevel.asset	d6cdfdc902a1f3846abc14db6fd7cd28	RumbleSandstone	Elemental/Graphics V5/Rumble Rock Lit	d0239ba4c83ca2a4e8f8ebeea7e809c4	272	98.11
Editable Voxel Planet/Additional Planet Rock Scatter/Planet Medium Rock 022	Rock6Bevel	Assets/Elemental/Content/Generated/MaterialPass/Rock6Bevel.asset	d6cdfdc902a1f3846abc14db6fd7cd28	RumbleSandstone	Elemental/Graphics V5/Rumble Rock Lit	d0239ba4c83ca2a4e8f8ebeea7e809c4	272	81.23
Editable Voxel Planet/Additional Planet Rock Scatter/Planet Medium Rock 023	Rock9Bevel	Assets/Elemental/Content/Generated/MaterialPass/Rock9Bevel.asset	2470a54dbbdf6fd4eb693fb042f01267	RumbleSandstone	Elemental/Graphics V5/Rumble Rock Lit	d0239ba4c83ca2a4e8f8ebeea7e809c4	264	58.76
Editable Voxel Planet/Additional Planet Rock Scatter/Planet Medium Rock 024	Rock10Bevel	Assets/Elemental/Content/Generated/MaterialPass/Rock10Bevel.asset	7b863487c4a16b64e94fdc5b36d51682	RumbleSandstone	Elemental/Graphics V5/Rumble Rock Lit	d0239ba4c83ca2a4e8f8ebeea7e809c4	103	106.47
Editable Voxel Planet/Additional Planet Rock Scatter/Planet Medium Rock 025	Rock5Bevel	Assets/Elemental/Content/Generated/MaterialPass/Rock5Bevel.asset	49da5cc230974634a9209047c1dfbbc7	RumbleSandstone	Elemental/Graphics V5/Rumble Rock Lit	d0239ba4c83ca2a4e8f8ebeea7e809c4	113	52.39
Editable Voxel Planet/Additional Planet Rock Scatter/Planet Medium Rock 026	Rock4Bevel	Assets/Elemental/Content/Generated/MaterialPass/Rock4Bevel.asset	55b2913c5805e1049886992049364dd2	RumbleSandstone	Elemental/Graphics V5/Rumble Rock Lit	d0239ba4c83ca2a4e8f8ebeea7e809c4	244	86.29
Editable Voxel Planet/Additional Planet Rock Scatter/Planet Medium Rock 027	Rock2Bevel	Assets/Elemental/Content/Generated/MaterialPass/Rock2Bevel.asset	81347fcdee82ed743b759b72caae17ad	RumbleSandstone	Elemental/Graphics V5/Rumble Rock Lit	d0239ba4c83ca2a4e8f8ebeea7e809c4	159	96.43
Editable Voxel Planet/Additional Planet Rock Scatter/Planet Medium Rock 028	Rock4Bevel	Assets/Elemental/Content/Generated/MaterialPass/Rock4Bevel.asset	55b2913c5805e1049886992049364dd2	RumbleSandstone	Elemental/Graphics V5/Rumble Rock Lit	d0239ba4c83ca2a4e8f8ebeea7e809c4	244	41.64
Editable Voxel Planet/Additional Planet Rock Scatter/Planet Medium Rock 029	Rock8Bevel	Assets/Elemental/Content/Generated/MaterialPass/Rock8Bevel.asset	ef14977ab2683d44b98fcda4dafd027a	RumbleSandstone	Elemental/Graphics V5/Rumble Rock Lit	d0239ba4c83ca2a4e8f8ebeea7e809c4	128	105.61
Editable Voxel Planet/Additional Planet Rock Scatter/Planet Medium Rock 030	Rock0Bevel	Assets/Elemental/Content/Generated/MaterialPass/Rock0Bevel.asset	5f6e602ff6da3c342b8a294f9d920f10	RumbleSandstone	Elemental/Graphics V5/Rumble Rock Lit	d0239ba4c83ca2a4e8f8ebeea7e809c4	188	69.72
Editable Voxel Planet/Additional Planet Rock Scatter/Planet Medium Rock 031	Rock11Bevel	Assets/Elemental/Content/Generated/MaterialPass/Rock11Bevel.asset	46636d1b32002274db4471fe9ef1ccbc	RumbleSandstone	Elemental/Graphics V5/Rumble Rock Lit	d0239ba4c83ca2a4e8f8ebeea7e809c4	216	67.88
Editable Voxel Planet/Additional Planet Rock Scatter/Planet Medium Rock 032	Rock9Bevel	Assets/Elemental/Content/Generated/MaterialPass/Rock9Bevel.asset	2470a54dbbdf6fd4eb693fb042f01267	RumbleSandstone	Elemental/Graphics V5/Rumble Rock Lit	d0239ba4c83ca2a4e8f8ebeea7e809c4	264	107.00
Editable Voxel Planet/Additional Planet Rock Scatter/Planet Medium Rock 033	Rock6Bevel	Assets/Elemental/Content/Generated/MaterialPass/Rock6Bevel.asset	d6cdfdc902a1f3846abc14db6fd7cd28	RumbleSandstone	Elemental/Graphics V5/Rumble Rock Lit	d0239ba4c83ca2a4e8f8ebeea7e809c4	272	38.59
Editable Voxel Planet/Additional Planet Rock Scatter/Planet Medium Rock 034	Rock7Bevel	Assets/Elemental/Content/Generated/MaterialPass/Rock7Bevel.asset	cf596f3aa8ce91a4395c5fbd9ed4c377	RumbleSandstone	Elemental/Graphics V5/Rumble Rock Lit	d0239ba4c83ca2a4e8f8ebeea7e809c4	163	96.47
Editable Voxel Planet/Additional Planet Rock Scatter/Planet Medium Rock 035	Rock10Bevel	Assets/Elemental/Content/Generated/MaterialPass/Rock10Bevel.asset	7b863487c4a16b64e94fdc5b36d51682	RumbleSandstone	Elemental/Graphics V5/Rumble Rock Lit	d0239ba4c83ca2a4e8f8ebeea7e809c4	103	88.49
Editable Voxel Planet/Additional Planet Rock Scatter/Planet Medium Rock 036	Rock6Bevel	Assets/Elemental/Content/Generated/MaterialPass/Rock6Bevel.asset	d6cdfdc902a1f3846abc14db6fd7cd28	RumbleSandstone	Elemental/Graphics V5/Rumble Rock Lit	d0239ba4c83ca2a4e8f8ebeea7e809c4	272	45.53
Editable Voxel Planet/Additional Planet Rock Scatter/Planet Medium Rock 037	Rock0Bevel	Assets/Elemental/Content/Generated/MaterialPass/Rock0Bevel.asset	5f6e602ff6da3c342b8a294f9d920f10	RumbleSandstone	Elemental/Graphics V5/Rumble Rock Lit	d0239ba4c83ca2a4e8f8ebeea7e809c4	188	110.64
Editable Voxel Planet/Additional Planet Rock Scatter/Planet Medium Rock 038	Rock5Bevel	Assets/Elemental/Content/Generated/MaterialPass/Rock5Bevel.asset	49da5cc230974634a9209047c1dfbbc7	RumbleSandstone	Elemental/Graphics V5/Rumble Rock Lit	d0239ba4c83ca2a4e8f8ebeea7e809c4	113	54.78
Editable Voxel Planet/Additional Planet Rock Scatter/Planet Medium Rock 039	Rock0Bevel	Assets/Elemental/Content/Generated/MaterialPass/Rock0Bevel.asset	5f6e602ff6da3c342b8a294f9d920f10	RumbleSandstone	Elemental/Graphics V5/Rumble Rock Lit	d0239ba4c83ca2a4e8f8ebeea7e809c4	188	80.02
Editable Voxel Planet/Additional Planet Rock Scatter/Planet Medium Rock 040	Rock10Bevel	Assets/Elemental/Content/Generated/MaterialPass/Rock10Bevel.asset	7b863487c4a16b64e94fdc5b36d51682	RumbleSandstone	Elemental/Graphics V5/Rumble Rock Lit	d0239ba4c83ca2a4e8f8ebeea7e809c4	103	103.78
Editable Voxel Planet/Additional Planet Rock Scatter/Planet Medium Rock 041	Rock11Bevel	Assets/Elemental/Content/Generated/MaterialPass/Rock11Bevel.asset	46636d1b32002274db4471fe9ef1ccbc	RumbleSandstone	Elemental/Graphics V5/Rumble Rock Lit	d0239ba4c83ca2a4e8f8ebeea7e809c4	216	28.72
Editable Voxel Planet/Additional Planet Rock Scatter/Planet Medium Rock 042	Rock8Bevel	Assets/Elemental/Content/Generated/MaterialPass/Rock8Bevel.asset	ef14977ab2683d44b98fcda4dafd027a	RumbleSandstone	Elemental/Graphics V5/Rumble Rock Lit	d0239ba4c83ca2a4e8f8ebeea7e809c4	128	105.50
Editable Voxel Planet/Additional Planet Rock Scatter/Planet Medium Rock 043	Rock3Bevel	Assets/Elemental/Content/Generated/MaterialPass/Rock3Bevel.asset	a367a6d64d2a89c49b5f84e765aebd96	RumbleSandstone	Elemental/Graphics V5/Rumble Rock Lit	d0239ba4c83ca2a4e8f8ebeea7e809c4	168	76.38
Editable Voxel Planet/Additional Planet Rock Scatter/Planet Medium Rock 044	Rock11Bevel	Assets/Elemental/Content/Generated/MaterialPass/Rock11Bevel.asset	46636d1b32002274db4471fe9ef1ccbc	RumbleSandstone	Elemental/Graphics V5/Rumble Rock Lit	d0239ba4c83ca2a4e8f8ebeea7e809c4	216	56.93
Editable Voxel Planet/Additional Planet Rock Scatter/Planet Medium Rock 045	Rock6Bevel	Assets/Elemental/Content/Generated/MaterialPass/Rock6Bevel.asset	d6cdfdc902a1f3846abc14db6fd7cd28	RumbleSandstone	Elemental/Graphics V5/Rumble Rock Lit	d0239ba4c83ca2a4e8f8ebeea7e809c4	272	111.83
Editable Voxel Planet/Additional Planet Rock Scatter/Planet Medium Rock 046	Rock8Bevel	Assets/Elemental/Content/Generated/MaterialPass/Rock8Bevel.asset	ef14977ab2683d44b98fcda4dafd027a	RumbleSandstone	Elemental/Graphics V5/Rumble Rock Lit	d0239ba4c83ca2a4e8f8ebeea7e809c4	128	37.56
Editable Voxel Planet/Additional Planet Rock Scatter/Planet Medium Rock 047	Rock2Bevel	Assets/Elemental/Content/Generated/MaterialPass/Rock2Bevel.asset	81347fcdee82ed743b759b72caae17ad	RumbleSandstone	Elemental/Graphics V5/Rumble Rock Lit	d0239ba4c83ca2a4e8f8ebeea7e809c4	159	92.08
Editable Voxel Planet/Additional Planet Rock Scatter/Planet Medium Rock 048	Rock4Bevel	Assets/Elemental/Content/Generated/MaterialPass/Rock4Bevel.asset	55b2913c5805e1049886992049364dd2	RumbleSandstone	Elemental/Graphics V5/Rumble Rock Lit	d0239ba4c83ca2a4e8f8ebeea7e809c4	244	51.37
Editable Voxel Planet/Additional Planet Rock Scatter/Planet Medium Rock 049	Rock2Bevel	Assets/Elemental/Content/Generated/MaterialPass/Rock2Bevel.asset	81347fcdee82ed743b759b72caae17ad	RumbleSandstone	Elemental/Graphics V5/Rumble Rock Lit	d0239ba4c83ca2a4e8f8ebeea7e809c4	159	30.87
Editable Voxel Planet/Additional Planet Rock Scatter/Planet Medium Rock 050	Rock3Bevel	Assets/Elemental/Content/Generated/MaterialPass/Rock3Bevel.asset	a367a6d64d2a89c49b5f84e765aebd96	RumbleSandstone	Elemental/Graphics V5/Rumble Rock Lit	d0239ba4c83ca2a4e8f8ebeea7e809c4	168	111.72
Editable Voxel Planet/Additional Planet Rock Scatter/Planet Medium Rock 051	Rock3Bevel	Assets/Elemental/Content/Generated/MaterialPass/Rock3Bevel.asset	a367a6d64d2a89c49b5f84e765aebd96	RumbleSandstone	Elemental/Graphics V5/Rumble Rock Lit	d0239ba4c83ca2a4e8f8ebeea7e809c4	168	61.07
Editable Voxel Planet/Additional Planet Rock Scatter/Planet Medium Rock 052	Rock3Bevel	Assets/Elemental/Content/Generated/MaterialPass/Rock3Bevel.asset	a367a6d64d2a89c49b5f84e765aebd96	RumbleSandstone	Elemental/Graphics V5/Rumble Rock Lit	d0239ba4c83ca2a4e8f8ebeea7e809c4	168	70.64
Editable Voxel Planet/Additional Planet Rock Scatter/Planet Medium Rock 053	Rock2Bevel	Assets/Elemental/Content/Generated/MaterialPass/Rock2Bevel.asset	81347fcdee82ed743b759b72caae17ad	RumbleSandstone	Elemental/Graphics V5/Rumble Rock Lit	d0239ba4c83ca2a4e8f8ebeea7e809c4	159	109.79
Editable Voxel Planet/Additional Planet Rock Scatter/Planet Medium Rock 054	Rock10Bevel	Assets/Elemental/Content/Generated/MaterialPass/Rock10Bevel.asset	7b863487c4a16b64e94fdc5b36d51682	RumbleSandstone	Elemental/Graphics V5/Rumble Rock Lit	d0239ba4c83ca2a4e8f8ebeea7e809c4	103	21.49
Editable Voxel Planet/Additional Planet Rock Scatter/Planet Medium Rock 055	Rock8Bevel	Assets/Elemental/Content/Generated/MaterialPass/Rock8Bevel.asset	ef14977ab2683d44b98fcda4dafd027a	RumbleSandstone	Elemental/Graphics V5/Rumble Rock Lit	d0239ba4c83ca2a4e8f8ebeea7e809c4	128	102.63
Editable Voxel Planet/Additional Planet Rock Scatter/Planet Medium Rock 056	Rock6Bevel	Assets/Elemental/Content/Generated/MaterialPass/Rock6Bevel.asset	d6cdfdc902a1f3846abc14db6fd7cd28	RumbleSandstone	Elemental/Graphics V5/Rumble Rock Lit	d0239ba4c83ca2a4e8f8ebeea7e809c4	272	84.88
Editable Voxel Planet/Additional Planet Rock Scatter/Planet Medium Rock 057	Rock1Bevel	Assets/Elemental/Content/Generated/MaterialPass/Rock1Bevel.asset	e8d1409a537283c448ac51547cdb662b	RumbleSandstone	Elemental/Graphics V5/Rumble Rock Lit	d0239ba4c83ca2a4e8f8ebeea7e809c4	192	44.39
Editable Voxel Planet/Additional Planet Rock Scatter/Planet Medium Rock 058	Rock7Bevel	Assets/Elemental/Content/Generated/MaterialPass/Rock7Bevel.asset	cf596f3aa8ce91a4395c5fbd9ed4c377	RumbleSandstone	Elemental/Graphics V5/Rumble Rock Lit	d0239ba4c83ca2a4e8f8ebeea7e809c4	163	114.39
Editable Voxel Planet/Additional Planet Rock Scatter/Planet Medium Rock 059	Rock7Bevel	Assets/Elemental/Content/Generated/MaterialPass/Rock7Bevel.asset	cf596f3aa8ce91a4395c5fbd9ed4c377	RumbleSandstone	Elemental/Graphics V5/Rumble Rock Lit	d0239ba4c83ca2a4e8f8ebeea7e809c4	163	44.33
Editable Voxel Planet/Additional Planet Rock Scatter/Planet Medium Rock 060	Rock2Bevel	Assets/Elemental/Content/Generated/MaterialPass/Rock2Bevel.asset	81347fcdee82ed743b759b72caae17ad	RumbleSandstone	Elemental/Graphics V5/Rumble Rock Lit	d0239ba4c83ca2a4e8f8ebeea7e809c4	159	85.44
Editable Voxel Planet/Additional Planet Rock Scatter/Planet Medium Rock 061	Rock3Bevel	Assets/Elemental/Content/Generated/MaterialPass/Rock3Bevel.asset	a367a6d64d2a89c49b5f84e765aebd96	RumbleSandstone	Elemental/Graphics V5/Rumble Rock Lit	d0239ba4c83ca2a4e8f8ebeea7e809c4	168	102.79
Editable Voxel Planet/Additional Planet Rock Scatter/Planet Medium Rock 062	Rock7Bevel	Assets/Elemental/Content/Generated/MaterialPass/Rock7Bevel.asset	cf596f3aa8ce91a4395c5fbd9ed4c377	RumbleSandstone	Elemental/Graphics V5/Rumble Rock Lit	d0239ba4c83ca2a4e8f8ebeea7e809c4	163	17.00
Editable Voxel Planet/Additional Planet Rock Scatter/Planet Medium Rock 063	Rock1Bevel	Assets/Elemental/Content/Generated/MaterialPass/Rock1Bevel.asset	e8d1409a537283c448ac51547cdb662b	RumbleSandstone	Elemental/Graphics V5/Rumble Rock Lit	d0239ba4c83ca2a4e8f8ebeea7e809c4	192	110.49
Editable Voxel Planet/Additional Planet Rock Scatter/Planet Medium Rock 064	Rock4Bevel	Assets/Elemental/Content/Generated/MaterialPass/Rock4Bevel.asset	55b2913c5805e1049886992049364dd2	RumbleSandstone	Elemental/Graphics V5/Rumble Rock Lit	d0239ba4c83ca2a4e8f8ebeea7e809c4	244	70.48
Editable Voxel Planet/Additional Planet Rock Scatter/Planet Medium Rock 065	Rock10Bevel	Assets/Elemental/Content/Generated/MaterialPass/Rock10Bevel.asset	7b863487c4a16b64e94fdc5b36d51682	RumbleSandstone	Elemental/Graphics V5/Rumble Rock Lit	d0239ba4c83ca2a4e8f8ebeea7e809c4	103	61.63
Editable Voxel Planet/Additional Planet Rock Scatter/Planet Medium Rock 066	Rock5Bevel	Assets/Elemental/Content/Generated/MaterialPass/Rock5Bevel.asset	49da5cc230974634a9209047c1dfbbc7	RumbleSandstone	Elemental/Graphics V5/Rumble Rock Lit	d0239ba4c83ca2a4e8f8ebeea7e809c4	113	113.36
Editable Voxel Planet/Additional Planet Rock Scatter/Planet Medium Rock 067	Rock8Bevel	Assets/Elemental/Content/Generated/MaterialPass/Rock8Bevel.asset	ef14977ab2683d44b98fcda4dafd027a	RumbleSandstone	Elemental/Graphics V5/Rumble Rock Lit	d0239ba4c83ca2a4e8f8ebeea7e809c4	128	24.27
Editable Voxel Planet/Additional Planet Rock Scatter/Planet Medium Rock 068	Rock3Bevel	Assets/Elemental/Content/Generated/MaterialPass/Rock3Bevel.asset	a367a6d64d2a89c49b5f84e765aebd96	RumbleSandstone	Elemental/Graphics V5/Rumble Rock Lit	d0239ba4c83ca2a4e8f8ebeea7e809c4	168	97.75
Editable Voxel Planet/Additional Planet Rock Scatter/Planet Medium Rock 069	Rock3Bevel	Assets/Elemental/Content/Generated/MaterialPass/Rock3Bevel.asset	a367a6d64d2a89c49b5f84e765aebd96	RumbleSandstone	Elemental/Graphics V5/Rumble Rock Lit	d0239ba4c83ca2a4e8f8ebeea7e809c4	168	92.90
Editable Voxel Planet/Additional Planet Rock Scatter/Planet Medium Rock 070	Rock7Bevel	Assets/Elemental/Content/Generated/MaterialPass/Rock7Bevel.asset	cf596f3aa8ce91a4395c5fbd9ed4c377	RumbleSandstone	Elemental/Graphics V5/Rumble Rock Lit	d0239ba4c83ca2a4e8f8ebeea7e809c4	163	31.73
Editable Voxel Planet/Additional Planet Rock Scatter/Planet Medium Rock 071	Rock1Bevel	Assets/Elemental/Content/Generated/MaterialPass/Rock1Bevel.asset	e8d1409a537283c448ac51547cdb662b	RumbleSandstone	Elemental/Graphics V5/Rumble Rock Lit	d0239ba4c83ca2a4e8f8ebeea7e809c4	192	114.86
Editable Voxel Planet/Additional Planet Rock Scatter/Planet Medium Rock 072	Rock8Bevel	Assets/Elemental/Content/Generated/MaterialPass/Rock8Bevel.asset	ef14977ab2683d44b98fcda4dafd027a	RumbleSandstone	Elemental/Graphics V5/Rumble Rock Lit	d0239ba4c83ca2a4e8f8ebeea7e809c4	128	53.47
Editable Voxel Planet/Additional Planet Rock Scatter/Planet Medium Rock 073	Rock11Bevel	Assets/Elemental/Content/Generated/MaterialPass/Rock11Bevel.asset	46636d1b32002274db4471fe9ef1ccbc	RumbleSandstone	Elemental/Graphics V5/Rumble Rock Lit	d0239ba4c83ca2a4e8f8ebeea7e809c4	216	76.63
Editable Voxel Planet/Additional Planet Rock Scatter/Planet Medium Rock 074	Rock1Bevel	Assets/Elemental/Content/Generated/MaterialPass/Rock1Bevel.asset	e8d1409a537283c448ac51547cdb662b	RumbleSandstone	Elemental/Graphics V5/Rumble Rock Lit	d0239ba4c83ca2a4e8f8ebeea7e809c4	192	108.53
Editable Voxel Planet/Additional Planet Rock Scatter/Planet Medium Rock 075	Rock2Bevel	Assets/Elemental/Content/Generated/MaterialPass/Rock2Bevel.asset	81347fcdee82ed743b759b72caae17ad	RumbleSandstone	Elemental/Graphics V5/Rumble Rock Lit	d0239ba4c83ca2a4e8f8ebeea7e809c4	159	105.46
Editable Voxel Planet/Additional Planet Rock Scatter/Planet Medium Rock 076	Rock1Bevel	Assets/Elemental/Content/Generated/MaterialPass/Rock1Bevel.asset	e8d1409a537283c448ac51547cdb662b	RumbleSandstone	Elemental/Graphics V5/Rumble Rock Lit	d0239ba4c83ca2a4e8f8ebeea7e809c4	192	107.07
Editable Voxel Planet/Additional Planet Rock Scatter/Planet Medium Rock 077	Rock6Bevel	Assets/Elemental/Content/Generated/MaterialPass/Rock6Bevel.asset	d6cdfdc902a1f3846abc14db6fd7cd28	RumbleSandstone	Elemental/Graphics V5/Rumble Rock Lit	d0239ba4c83ca2a4e8f8ebeea7e809c4	272	79.89
Editable Voxel Planet/Additional Planet Rock Scatter/Planet Medium Rock 078	Rock1Bevel	Assets/Elemental/Content/Generated/MaterialPass/Rock1Bevel.asset	e8d1409a537283c448ac51547cdb662b	RumbleSandstone	Elemental/Graphics V5/Rumble Rock Lit	d0239ba4c83ca2a4e8f8ebeea7e809c4	192	49.49
Editable Voxel Planet/Additional Planet Rock Scatter/Planet Medium Rock 079	Rock4Bevel	Assets/Elemental/Content/Generated/MaterialPass/Rock4Bevel.asset	55b2913c5805e1049886992049364dd2	RumbleSandstone	Elemental/Graphics V5/Rumble Rock Lit	d0239ba4c83ca2a4e8f8ebeea7e809c4	244	115.52
Editable Voxel Planet/Additional Planet Rock Scatter/Planet Medium Rock 080	Rock10Bevel	Assets/Elemental/Content/Generated/MaterialPass/Rock10Bevel.asset	7b863487c4a16b64e94fdc5b36d51682	RumbleSandstone	Elemental/Graphics V5/Rumble Rock Lit	d0239ba4c83ca2a4e8f8ebeea7e809c4	103	35.03
Editable Voxel Planet/Additional Planet Rock Scatter/Planet Medium Rock 081	Rock3Bevel	Assets/Elemental/Content/Generated/MaterialPass/Rock3Bevel.asset	a367a6d64d2a89c49b5f84e765aebd96	RumbleSandstone	Elemental/Graphics V5/Rumble Rock Lit	d0239ba4c83ca2a4e8f8ebeea7e809c4	168	90.81
Editable Voxel Planet/Additional Planet Rock Scatter/Planet Medium Rock 082	Rock6Bevel	Assets/Elemental/Content/Generated/MaterialPass/Rock6Bevel.asset	d6cdfdc902a1f3846abc14db6fd7cd28	RumbleSandstone	Elemental/Graphics V5/Rumble Rock Lit	d0239ba4c83ca2a4e8f8ebeea7e809c4	272	100.26
Editable Voxel Planet/Additional Planet Rock Scatter/Planet Medium Rock 083	Rock9Bevel	Assets/Elemental/Content/Generated/MaterialPass/Rock9Bevel.asset	2470a54dbbdf6fd4eb693fb042f01267	RumbleSandstone	Elemental/Graphics V5/Rumble Rock Lit	d0239ba4c83ca2a4e8f8ebeea7e809c4	264	19.03
Editable Voxel Planet/Additional Planet Rock Scatter/Planet Medium Rock 084	Rock4Bevel	Assets/Elemental/Content/Generated/MaterialPass/Rock4Bevel.asset	55b2913c5805e1049886992049364dd2	RumbleSandstone	Elemental/Graphics V5/Rumble Rock Lit	d0239ba4c83ca2a4e8f8ebeea7e809c4	244	113.11
Editable Voxel Planet/Additional Planet Rock Scatter/Planet Medium Rock 085	Rock10Bevel	Assets/Elemental/Content/Generated/MaterialPass/Rock10Bevel.asset	7b863487c4a16b64e94fdc5b36d51682	RumbleSandstone	Elemental/Graphics V5/Rumble Rock Lit	d0239ba4c83ca2a4e8f8ebeea7e809c4	103	64.82
Editable Voxel Planet/Additional Planet Rock Scatter/Planet Medium Rock 086	Rock6Bevel	Assets/Elemental/Content/Generated/MaterialPass/Rock6Bevel.asset	d6cdfdc902a1f3846abc14db6fd7cd28	RumbleSandstone	Elemental/Graphics V5/Rumble Rock Lit	d0239ba4c83ca2a4e8f8ebeea7e809c4	272	67.09
Editable Voxel Planet/Additional Planet Rock Scatter/Planet Medium Rock 087	Rock0Bevel	Assets/Elemental/Content/Generated/MaterialPass/Rock0Bevel.asset	5f6e602ff6da3c342b8a294f9d920f10	RumbleSandstone	Elemental/Graphics V5/Rumble Rock Lit	d0239ba4c83ca2a4e8f8ebeea7e809c4	188	112.57
Editable Voxel Planet/Additional Planet Rock Scatter/Planet Medium Rock 088	Rock10Bevel	Assets/Elemental/Content/Generated/MaterialPass/Rock10Bevel.asset	7b863487c4a16b64e94fdc5b36d51682	RumbleSandstone	Elemental/Graphics V5/Rumble Rock Lit	d0239ba4c83ca2a4e8f8ebeea7e809c4	103	115.07
Editable Voxel Planet/Additional Planet Rock Scatter/Planet Medium Rock 089	Rock10Bevel	Assets/Elemental/Content/Generated/MaterialPass/Rock10Bevel.asset	7b863487c4a16b64e94fdc5b36d51682	RumbleSandstone	Elemental/Graphics V5/Rumble Rock Lit	d0239ba4c83ca2a4e8f8ebeea7e809c4	103	102.20
Editable Voxel Planet/Additional Planet Rock Scatter/Planet Medium Rock 090	Rock0Bevel	Assets/Elemental/Content/Generated/MaterialPass/Rock0Bevel.asset	5f6e602ff6da3c342b8a294f9d920f10	RumbleSandstone	Elemental/Graphics V5/Rumble Rock Lit	d0239ba4c83ca2a4e8f8ebeea7e809c4	188	88.63
Editable Voxel Planet/Additional Planet Rock Scatter/Planet Medium Rock 091	Rock5Bevel	Assets/Elemental/Content/Generated/MaterialPass/Rock5Bevel.asset	49da5cc230974634a9209047c1dfbbc7	RumbleSandstone	Elemental/Graphics V5/Rumble Rock Lit	d0239ba4c83ca2a4e8f8ebeea7e809c4	113	39.54
Editable Voxel Planet/Additional Planet Rock Scatter/Planet Medium Rock 092	Rock11Bevel	Assets/Elemental/Content/Generated/MaterialPass/Rock11Bevel.asset	46636d1b32002274db4471fe9ef1ccbc	RumbleSandstone	Elemental/Graphics V5/Rumble Rock Lit	d0239ba4c83ca2a4e8f8ebeea7e809c4	216	115.62
Editable Voxel Planet/Additional Planet Rock Scatter/Planet Medium Rock 093	Rock7Bevel	Assets/Elemental/Content/Generated/MaterialPass/Rock7Bevel.asset	cf596f3aa8ce91a4395c5fbd9ed4c377	RumbleSandstone	Elemental/Graphics V5/Rumble Rock Lit	d0239ba4c83ca2a4e8f8ebeea7e809c4	163	47.53
Editable Voxel Planet/Additional Planet Rock Scatter/Planet Medium Rock 094	Rock2Bevel	Assets/Elemental/Content/Generated/MaterialPass/Rock2Bevel.asset	81347fcdee82ed743b759b72caae17ad	RumbleSandstone	Elemental/Graphics V5/Rumble Rock Lit	d0239ba4c83ca2a4e8f8ebeea7e809c4	159	83.05
Editable Voxel Planet/Additional Planet Rock Scatter/Planet Medium Rock 095	Rock9Bevel	Assets/Elemental/Content/Generated/MaterialPass/Rock9Bevel.asset	2470a54dbbdf6fd4eb693fb042f01267	RumbleSandstone	Elemental/Graphics V5/Rumble Rock Lit	d0239ba4c83ca2a4e8f8ebeea7e809c4	264	105.61
Editable Voxel Planet/Additional Planet Rock Scatter/Planet Medium Rock 096	Rock11Bevel	Assets/Elemental/Content/Generated/MaterialPass/Rock11Bevel.asset	46636d1b32002274db4471fe9ef1ccbc	RumbleSandstone	Elemental/Graphics V5/Rumble Rock Lit	d0239ba4c83ca2a4e8f8ebeea7e809c4	216	14.83
Editable Voxel Planet/Additional Planet Rock Scatter/Planet Medium Rock 097	Rock0Bevel	Assets/Elemental/Content/Generated/MaterialPass/Rock0Bevel.asset	5f6e602ff6da3c342b8a294f9d920f10	RumbleSandstone	Elemental/Graphics V5/Rumble Rock Lit	d0239ba4c83ca2a4e8f8ebeea7e809c4	188	109.68
Editable Voxel Planet/Additional Planet Rock Scatter/Planet Medium Rock 098	Rock10Bevel	Assets/Elemental/Content/Generated/MaterialPass/Rock10Bevel.asset	7b863487c4a16b64e94fdc5b36d51682	RumbleSandstone	Elemental/Graphics V5/Rumble Rock Lit	d0239ba4c83ca2a4e8f8ebeea7e809c4	103	74.35
Editable Voxel Planet/Additional Planet Rock Scatter/Planet Medium Rock 099	Rock9Bevel	Assets/Elemental/Content/Generated/MaterialPass/Rock9Bevel.asset	2470a54dbbdf6fd4eb693fb042f01267	RumbleSandstone	Elemental/Graphics V5/Rumble Rock Lit	d0239ba4c83ca2a4e8f8ebeea7e809c4	264	57.54
Editable Voxel Planet/Additional Planet Rock Scatter/Planet Medium Rock 100	Rock4Bevel	Assets/Elemental/Content/Generated/MaterialPass/Rock4Bevel.asset	55b2913c5805e1049886992049364dd2	RumbleSandstone	Elemental/Graphics V5/Rumble Rock Lit	d0239ba4c83ca2a4e8f8ebeea7e809c4	244	114.03
Editable Voxel Planet/Additional Planet Rock Scatter/Planet Medium Rock 101	Rock7Bevel	Assets/Elemental/Content/Generated/MaterialPass/Rock7Bevel.asset	cf596f3aa8ce91a4395c5fbd9ed4c377	RumbleSandstone	Elemental/Graphics V5/Rumble Rock Lit	d0239ba4c83ca2a4e8f8ebeea7e809c4	163	31.35
Editable Voxel Planet/Additional Planet Rock Scatter/Planet Medium Rock 102	Rock8Bevel	Assets/Elemental/Content/Generated/MaterialPass/Rock8Bevel.asset	ef14977ab2683d44b98fcda4dafd027a	RumbleSandstone	Elemental/Graphics V5/Rumble Rock Lit	d0239ba4c83ca2a4e8f8ebeea7e809c4	128	94.99
Editable Voxel Planet/Additional Planet Rock Scatter/Planet Medium Rock 103	Rock3Bevel	Assets/Elemental/Content/Generated/MaterialPass/Rock3Bevel.asset	a367a6d64d2a89c49b5f84e765aebd96	RumbleSandstone	Elemental/Graphics V5/Rumble Rock Lit	d0239ba4c83ca2a4e8f8ebeea7e809c4	168	95.80
Editable Voxel Planet/Additional Planet Rock Scatter/Planet Medium Rock 104	Rock2Bevel	Assets/Elemental/Content/Generated/MaterialPass/Rock2Bevel.asset	81347fcdee82ed743b759b72caae17ad	RumbleSandstone	Elemental/Graphics V5/Rumble Rock Lit	d0239ba4c83ca2a4e8f8ebeea7e809c4	159	31.66
Editable Voxel Planet/Additional Planet Rock Scatter/Planet Medium Rock 105	Rock3Bevel	Assets/Elemental/Content/Generated/MaterialPass/Rock3Bevel.asset	a367a6d64d2a89c49b5f84e765aebd96	RumbleSandstone	Elemental/Graphics V5/Rumble Rock Lit	d0239ba4c83ca2a4e8f8ebeea7e809c4	168	113.49
Editable Voxel Planet/Additional Planet Rock Scatter/Planet Medium Rock 106	Rock7Bevel	Assets/Elemental/Content/Generated/MaterialPass/Rock7Bevel.asset	cf596f3aa8ce91a4395c5fbd9ed4c377	RumbleSandstone	Elemental/Graphics V5/Rumble Rock Lit	d0239ba4c83ca2a4e8f8ebeea7e809c4	163	60.12
Editable Voxel Planet/Additional Planet Rock Scatter/Planet Medium Rock 107	Rock9Bevel	Assets/Elemental/Content/Generated/MaterialPass/Rock9Bevel.asset	2470a54dbbdf6fd4eb693fb042f01267	RumbleSandstone	Elemental/Graphics V5/Rumble Rock Lit	d0239ba4c83ca2a4e8f8ebeea7e809c4	264	73.95
Editable Voxel Planet/Additional Planet Rock Scatter/Planet Medium Rock 108	Rock7Bevel	Assets/Elemental/Content/Generated/MaterialPass/Rock7Bevel.asset	cf596f3aa8ce91a4395c5fbd9ed4c377	RumbleSandstone	Elemental/Graphics V5/Rumble Rock Lit	d0239ba4c83ca2a4e8f8ebeea7e809c4	163	109.10
Editable Voxel Planet/Additional Planet Rock Scatter/Planet Medium Rock 109	Rock11Bevel	Assets/Elemental/Content/Generated/MaterialPass/Rock11Bevel.asset	46636d1b32002274db4471fe9ef1ccbc	RumbleSandstone	Elemental/Graphics V5/Rumble Rock Lit	d0239ba4c83ca2a4e8f8ebeea7e809c4	216	23.98
Editable Voxel Planet/Additional Planet Rock Scatter/Planet Medium Rock 110	Rock9Bevel	Assets/Elemental/Content/Generated/MaterialPass/Rock9Bevel.asset	2470a54dbbdf6fd4eb693fb042f01267	RumbleSandstone	Elemental/Graphics V5/Rumble Rock Lit	d0239ba4c83ca2a4e8f8ebeea7e809c4	264	65.35
Editable Voxel Planet/Additional Planet Rock Scatter/Planet Medium Rock 111	Rock3Bevel	Assets/Elemental/Content/Generated/MaterialPass/Rock3Bevel.asset	a367a6d64d2a89c49b5f84e765aebd96	RumbleSandstone	Elemental/Graphics V5/Rumble Rock Lit	d0239ba4c83ca2a4e8f8ebeea7e809c4	168	83.74
Editable Voxel Planet/Additional Planet Rock Scatter/Planet Medium Rock 112	Rock11Bevel	Assets/Elemental/Content/Generated/MaterialPass/Rock11Bevel.asset	46636d1b32002274db4471fe9ef1ccbc	RumbleSandstone	Elemental/Graphics V5/Rumble Rock Lit	d0239ba4c83ca2a4e8f8ebeea7e809c4	216	49.88
Editable Voxel Planet/Additional Planet Rock Scatter/Planet Medium Rock 113	Rock6Bevel	Assets/Elemental/Content/Generated/MaterialPass/Rock6Bevel.asset	d6cdfdc902a1f3846abc14db6fd7cd28	RumbleSandstone	Elemental/Graphics V5/Rumble Rock Lit	d0239ba4c83ca2a4e8f8ebeea7e809c4	272	113.60
Editable Voxel Planet/Additional Planet Rock Scatter/Planet Medium Rock 114	Rock7Bevel	Assets/Elemental/Content/Generated/MaterialPass/Rock7Bevel.asset	cf596f3aa8ce91a4395c5fbd9ed4c377	RumbleSandstone	Elemental/Graphics V5/Rumble Rock Lit	d0239ba4c83ca2a4e8f8ebeea7e809c4	163	45.98
Editable Voxel Planet/Additional Planet Rock Scatter/Planet Medium Rock 115	Rock7Bevel	Assets/Elemental/Content/Generated/MaterialPass/Rock7Bevel.asset	cf596f3aa8ce91a4395c5fbd9ed4c377	RumbleSandstone	Elemental/Graphics V5/Rumble Rock Lit	d0239ba4c83ca2a4e8f8ebeea7e809c4	163	87.55
Editable Voxel Planet/Additional Planet Rock Scatter/Planet Medium Rock 116	Rock2Bevel	Assets/Elemental/Content/Generated/MaterialPass/Rock2Bevel.asset	81347fcdee82ed743b759b72caae17ad	RumbleSandstone	Elemental/Graphics V5/Rumble Rock Lit	d0239ba4c83ca2a4e8f8ebeea7e809c4	159	110.96
Editable Voxel Planet/Additional Planet Rock Scatter/Planet Medium Rock 117	Rock8Bevel	Assets/Elemental/Content/Generated/MaterialPass/Rock8Bevel.asset	ef14977ab2683d44b98fcda4dafd027a	RumbleSandstone	Elemental/Graphics V5/Rumble Rock Lit	d0239ba4c83ca2a4e8f8ebeea7e809c4	128	106.06
Editable Voxel Planet/Additional Planet Rock Scatter/Planet Medium Rock 118	Rock0Bevel	Assets/Elemental/Content/Generated/MaterialPass/Rock0Bevel.asset	5f6e602ff6da3c342b8a294f9d920f10	RumbleSandstone	Elemental/Graphics V5/Rumble Rock Lit	d0239ba4c83ca2a4e8f8ebeea7e809c4	188	109.37
Editable Voxel Planet/Additional Planet Rock Scatter/Planet Medium Rock 119	Rock10Bevel	Assets/Elemental/Content/Generated/MaterialPass/Rock10Bevel.asset	7b863487c4a16b64e94fdc5b36d51682	RumbleSandstone	Elemental/Graphics V5/Rumble Rock Lit	d0239ba4c83ca2a4e8f8ebeea7e809c4	103	71.10
Editable Voxel Planet/Additional Planet Rock Scatter/Planet Medium Rock 120	Rock9Bevel	Assets/Elemental/Content/Generated/MaterialPass/Rock9Bevel.asset	2470a54dbbdf6fd4eb693fb042f01267	RumbleSandstone	Elemental/Graphics V5/Rumble Rock Lit	d0239ba4c83ca2a4e8f8ebeea7e809c4	264	66.38
Editable Voxel Planet/Additional Planet Rock Scatter/Planet Medium Rock 121	Rock2Bevel	Assets/Elemental/Content/Generated/MaterialPass/Rock2Bevel.asset	81347fcdee82ed743b759b72caae17ad	RumbleSandstone	Elemental/Graphics V5/Rumble Rock Lit	d0239ba4c83ca2a4e8f8ebeea7e809c4	159	110.21
Editable Voxel Planet/Additional Planet Rock Scatter/Planet Medium Rock 122	Rock9Bevel	Assets/Elemental/Content/Generated/MaterialPass/Rock9Bevel.asset	2470a54dbbdf6fd4eb693fb042f01267	RumbleSandstone	Elemental/Graphics V5/Rumble Rock Lit	d0239ba4c83ca2a4e8f8ebeea7e809c4	264	37.56
Editable Voxel Planet/Additional Planet Rock Scatter/Planet Medium Rock 123	Rock2Bevel	Assets/Elemental/Content/Generated/MaterialPass/Rock2Bevel.asset	81347fcdee82ed743b759b72caae17ad	RumbleSandstone	Elemental/Graphics V5/Rumble Rock Lit	d0239ba4c83ca2a4e8f8ebeea7e809c4	159	97.41
Editable Voxel Planet/Additional Planet Rock Scatter/Planet Medium Rock 124	Rock11Bevel	Assets/Elemental/Content/Generated/MaterialPass/Rock11Bevel.asset	46636d1b32002274db4471fe9ef1ccbc	RumbleSandstone	Elemental/Graphics V5/Rumble Rock Lit	d0239ba4c83ca2a4e8f8ebeea7e809c4	216	90.64
Editable Voxel Planet/Additional Planet Rock Scatter/Planet Medium Rock 125	Rock7Bevel	Assets/Elemental/Content/Generated/MaterialPass/Rock7Bevel.asset	cf596f3aa8ce91a4395c5fbd9ed4c377	RumbleSandstone	Elemental/Graphics V5/Rumble Rock Lit	d0239ba4c83ca2a4e8f8ebeea7e809c4	163	46.96
Editable Voxel Planet/Additional Planet Rock Scatter/Planet Medium Rock 126	Rock3Bevel	Assets/Elemental/Content/Generated/MaterialPass/Rock3Bevel.asset	a367a6d64d2a89c49b5f84e765aebd96	RumbleSandstone	Elemental/Graphics V5/Rumble Rock Lit	d0239ba4c83ca2a4e8f8ebeea7e809c4	168	110.60
Editable Voxel Planet/Additional Planet Rock Scatter/Planet Medium Rock 127	Rock11Bevel	Assets/Elemental/Content/Generated/MaterialPass/Rock11Bevel.asset	46636d1b32002274db4471fe9ef1ccbc	RumbleSandstone	Elemental/Graphics V5/Rumble Rock Lit	d0239ba4c83ca2a4e8f8ebeea7e809c4	216	58.79
Editable Voxel Planet/Additional Planet Rock Scatter/Planet Medium Rock 128	Rock0Bevel	Assets/Elemental/Content/Generated/MaterialPass/Rock0Bevel.asset	5f6e602ff6da3c342b8a294f9d920f10	RumbleSandstone	Elemental/Graphics V5/Rumble Rock Lit	d0239ba4c83ca2a4e8f8ebeea7e809c4	188	80.15
Editable Voxel Planet/Additional Planet Rock Scatter/Planet Medium Rock 129	Rock6Bevel	Assets/Elemental/Content/Generated/MaterialPass/Rock6Bevel.asset	d6cdfdc902a1f3846abc14db6fd7cd28	RumbleSandstone	Elemental/Graphics V5/Rumble Rock Lit	d0239ba4c83ca2a4e8f8ebeea7e809c4	272	103.42
Editable Voxel Planet/Additional Planet Rock Scatter/Planet Medium Rock 130	Rock3Bevel	Assets/Elemental/Content/Generated/MaterialPass/Rock3Bevel.asset	a367a6d64d2a89c49b5f84e765aebd96	RumbleSandstone	Elemental/Graphics V5/Rumble Rock Lit	d0239ba4c83ca2a4e8f8ebeea7e809c4	168	40.02
Editable Voxel Planet/Additional Planet Rock Scatter/Planet Medium Rock 131	Rock3Bevel	Assets/Elemental/Content/Generated/MaterialPass/Rock3Bevel.asset	a367a6d64d2a89c49b5f84e765aebd96	RumbleSandstone	Elemental/Graphics V5/Rumble Rock Lit	d0239ba4c83ca2a4e8f8ebeea7e809c4	168	103.36
Editable Voxel Planet/Additional Planet Rock Scatter/Planet Medium Rock 132	Rock9Bevel	Assets/Elemental/Content/Generated/MaterialPass/Rock9Bevel.asset	2470a54dbbdf6fd4eb693fb042f01267	RumbleSandstone	Elemental/Graphics V5/Rumble Rock Lit	d0239ba4c83ca2a4e8f8ebeea7e809c4	264	79.44
Editable Voxel Planet/Additional Planet Rock Scatter/Planet Medium Rock 133	Rock0Bevel	Assets/Elemental/Content/Generated/MaterialPass/Rock0Bevel.asset	5f6e602ff6da3c342b8a294f9d920f10	RumbleSandstone	Elemental/Graphics V5/Rumble Rock Lit	d0239ba4c83ca2a4e8f8ebeea7e809c4	188	61.78
Editable Voxel Planet/Additional Planet Rock Scatter/Planet Medium Rock 134	Rock11Bevel	Assets/Elemental/Content/Generated/MaterialPass/Rock11Bevel.asset	46636d1b32002274db4471fe9ef1ccbc	RumbleSandstone	Elemental/Graphics V5/Rumble Rock Lit	d0239ba4c83ca2a4e8f8ebeea7e809c4	216	108.29
Editable Voxel Planet/Additional Planet Rock Scatter/Planet Medium Rock 135	Rock5Bevel	Assets/Elemental/Content/Generated/MaterialPass/Rock5Bevel.asset	49da5cc230974634a9209047c1dfbbc7	RumbleSandstone	Elemental/Graphics V5/Rumble Rock Lit	d0239ba4c83ca2a4e8f8ebeea7e809c4	113	51.58
Editable Voxel Planet/Additional Planet Rock Scatter/Planet Medium Rock 136	Rock1Bevel	Assets/Elemental/Content/Generated/MaterialPass/Rock1Bevel.asset	e8d1409a537283c448ac51547cdb662b	RumbleSandstone	Elemental/Graphics V5/Rumble Rock Lit	d0239ba4c83ca2a4e8f8ebeea7e809c4	192	90.25
Editable Voxel Planet/Additional Planet Rock Scatter/Planet Medium Rock 137	Rock10Bevel	Assets/Elemental/Content/Generated/MaterialPass/Rock10Bevel.asset	7b863487c4a16b64e94fdc5b36d51682	RumbleSandstone	Elemental/Graphics V5/Rumble Rock Lit	d0239ba4c83ca2a4e8f8ebeea7e809c4	103	94.66
Editable Voxel Planet/Additional Planet Rock Scatter/Planet Medium Rock 138	Rock10Bevel	Assets/Elemental/Content/Generated/MaterialPass/Rock10Bevel.asset	7b863487c4a16b64e94fdc5b36d51682	RumbleSandstone	Elemental/Graphics V5/Rumble Rock Lit	d0239ba4c83ca2a4e8f8ebeea7e809c4	103	50.35
Editable Voxel Planet/Additional Planet Rock Scatter/Planet Medium Rock 139	Rock7Bevel	Assets/Elemental/Content/Generated/MaterialPass/Rock7Bevel.asset	cf596f3aa8ce91a4395c5fbd9ed4c377	RumbleSandstone	Elemental/Graphics V5/Rumble Rock Lit	d0239ba4c83ca2a4e8f8ebeea7e809c4	163	105.49
Editable Voxel Planet/Additional Planet Rock Scatter/Planet Medium Rock 140	Rock5Bevel	Assets/Elemental/Content/Generated/MaterialPass/Rock5Bevel.asset	49da5cc230974634a9209047c1dfbbc7	RumbleSandstone	Elemental/Graphics V5/Rumble Rock Lit	d0239ba4c83ca2a4e8f8ebeea7e809c4	113	69.50
Editable Voxel Planet/Additional Planet Rock Scatter/Planet Medium Rock 141	Rock11Bevel	Assets/Elemental/Content/Generated/MaterialPass/Rock11Bevel.asset	46636d1b32002274db4471fe9ef1ccbc	RumbleSandstone	Elemental/Graphics V5/Rumble Rock Lit	d0239ba4c83ca2a4e8f8ebeea7e809c4	216	74.81
Editable Voxel Planet/Additional Planet Rock Scatter/Planet Medium Rock 142	Rock10Bevel	Assets/Elemental/Content/Generated/MaterialPass/Rock10Bevel.asset	7b863487c4a16b64e94fdc5b36d51682	RumbleSandstone	Elemental/Graphics V5/Rumble Rock Lit	d0239ba4c83ca2a4e8f8ebeea7e809c4	103	103.05
Editable Voxel Planet/Additional Planet Rock Scatter/Planet Medium Rock 143	Rock8Bevel	Assets/Elemental/Content/Generated/MaterialPass/Rock8Bevel.asset	ef14977ab2683d44b98fcda4dafd027a	RumbleSandstone	Elemental/Graphics V5/Rumble Rock Lit	d0239ba4c83ca2a4e8f8ebeea7e809c4	128	52.55
Editable Voxel Planet/Additional Planet Rock Scatter/Planet Medium Rock 144	Rock6Bevel	Assets/Elemental/Content/Generated/MaterialPass/Rock6Bevel.asset	d6cdfdc902a1f3846abc14db6fd7cd28	RumbleSandstone	Elemental/Graphics V5/Rumble Rock Lit	d0239ba4c83ca2a4e8f8ebeea7e809c4	272	96.25
Editable Voxel Planet/Additional Planet Rock Scatter/Planet Medium Rock 145	Rock1Bevel	Assets/Elemental/Content/Generated/MaterialPass/Rock1Bevel.asset	e8d1409a537283c448ac51547cdb662b	RumbleSandstone	Elemental/Graphics V5/Rumble Rock Lit	d0239ba4c83ca2a4e8f8ebeea7e809c4	192	85.51
Editable Voxel Planet/Additional Planet Rock Scatter/Planet Medium Rock 146	Rock7Bevel	Assets/Elemental/Content/Generated/MaterialPass/Rock7Bevel.asset	cf596f3aa8ce91a4395c5fbd9ed4c377	RumbleSandstone	Elemental/Graphics V5/Rumble Rock Lit	d0239ba4c83ca2a4e8f8ebeea7e809c4	163	62.99
Editable Voxel Planet/Additional Planet Rock Scatter/Planet Medium Rock 147	Rock5Bevel	Assets/Elemental/Content/Generated/MaterialPass/Rock5Bevel.asset	49da5cc230974634a9209047c1dfbbc7	RumbleSandstone	Elemental/Graphics V5/Rumble Rock Lit	d0239ba4c83ca2a4e8f8ebeea7e809c4	113	102.93
Editable Voxel Planet/Additional Planet Rock Scatter/Planet Medium Rock 148	Rock2Bevel	Assets/Elemental/Content/Generated/MaterialPass/Rock2Bevel.asset	81347fcdee82ed743b759b72caae17ad	RumbleSandstone	Elemental/Graphics V5/Rumble Rock Lit	d0239ba4c83ca2a4e8f8ebeea7e809c4	159	65.55
Editable Voxel Planet/Additional Planet Rock Scatter/Planet Medium Rock 149	Rock3Bevel	Assets/Elemental/Content/Generated/MaterialPass/Rock3Bevel.asset	a367a6d64d2a89c49b5f84e765aebd96	RumbleSandstone	Elemental/Graphics V5/Rumble Rock Lit	d0239ba4c83ca2a4e8f8ebeea7e809c4	168	84.21
Editable Voxel Planet/Additional Planet Rock Scatter/Planet Medium Rock 150	Rock1Bevel	Assets/Elemental/Content/Generated/MaterialPass/Rock1Bevel.asset	e8d1409a537283c448ac51547cdb662b	RumbleSandstone	Elemental/Graphics V5/Rumble Rock Lit	d0239ba4c83ca2a4e8f8ebeea7e809c4	192	94.64
Editable Voxel Planet/Additional Planet Rock Scatter/Planet Medium Rock 151	Rock5Bevel	Assets/Elemental/Content/Generated/MaterialPass/Rock5Bevel.asset	49da5cc230974634a9209047c1dfbbc7	RumbleSandstone	Elemental/Graphics V5/Rumble Rock Lit	d0239ba4c83ca2a4e8f8ebeea7e809c4	113	61.44
Editable Voxel Planet/Additional Planet Rock Scatter/Planet Medium Rock 152	Rock0Bevel	Assets/Elemental/Content/Generated/MaterialPass/Rock0Bevel.asset	5f6e602ff6da3c342b8a294f9d920f10	RumbleSandstone	Elemental/Graphics V5/Rumble Rock Lit	d0239ba4c83ca2a4e8f8ebeea7e809c4	188	96.75
Editable Voxel Planet/Additional Planet Rock Scatter/Planet Medium Rock 153	Rock0Bevel	Assets/Elemental/Content/Generated/MaterialPass/Rock0Bevel.asset	5f6e602ff6da3c342b8a294f9d920f10	RumbleSandstone	Elemental/Graphics V5/Rumble Rock Lit	d0239ba4c83ca2a4e8f8ebeea7e809c4	188	78.97
Editable Voxel Planet/Additional Planet Rock Scatter/Planet Medium Rock 154	Rock10Bevel	Assets/Elemental/Content/Generated/MaterialPass/Rock10Bevel.asset	7b863487c4a16b64e94fdc5b36d51682	RumbleSandstone	Elemental/Graphics V5/Rumble Rock Lit	d0239ba4c83ca2a4e8f8ebeea7e809c4	103	74.99
Editable Voxel Planet/Additional Planet Rock Scatter/Planet Medium Rock 155	Rock9Bevel	Assets/Elemental/Content/Generated/MaterialPass/Rock9Bevel.asset	2470a54dbbdf6fd4eb693fb042f01267	RumbleSandstone	Elemental/Graphics V5/Rumble Rock Lit	d0239ba4c83ca2a4e8f8ebeea7e809c4	264	95.89
Editable Voxel Planet/Additional Planet Rock Scatter/Planet Medium Rock 156	Rock11Bevel	Assets/Elemental/Content/Generated/MaterialPass/Rock11Bevel.asset	46636d1b32002274db4471fe9ef1ccbc	RumbleSandstone	Elemental/Graphics V5/Rumble Rock Lit	d0239ba4c83ca2a4e8f8ebeea7e809c4	216	69.81
Editable Voxel Planet/Additional Planet Rock Scatter/Planet Medium Rock 157	Rock10Bevel	Assets/Elemental/Content/Generated/MaterialPass/Rock10Bevel.asset	7b863487c4a16b64e94fdc5b36d51682	RumbleSandstone	Elemental/Graphics V5/Rumble Rock Lit	d0239ba4c83ca2a4e8f8ebeea7e809c4	103	88.45
Editable Voxel Planet/Additional Planet Rock Scatter/Planet Medium Rock 158	Rock4Bevel	Assets/Elemental/Content/Generated/MaterialPass/Rock4Bevel.asset	55b2913c5805e1049886992049364dd2	RumbleSandstone	Elemental/Graphics V5/Rumble Rock Lit	d0239ba4c83ca2a4e8f8ebeea7e809c4	244	86.19
Editable Voxel Planet/Additional Planet Rock Scatter/Planet Medium Rock 159	Rock10Bevel	Assets/Elemental/Content/Generated/MaterialPass/Rock10Bevel.asset	7b863487c4a16b64e94fdc5b36d51682	RumbleSandstone	Elemental/Graphics V5/Rumble Rock Lit	d0239ba4c83ca2a4e8f8ebeea7e809c4	103	76.15
Editable Voxel Planet/Additional Planet Rock Scatter/Planet Medium Rock 160	Rock0Bevel	Assets/Elemental/Content/Generated/MaterialPass/Rock0Bevel.asset	5f6e602ff6da3c342b8a294f9d920f10	RumbleSandstone	Elemental/Graphics V5/Rumble Rock Lit	d0239ba4c83ca2a4e8f8ebeea7e809c4	188	87.42
Editable Voxel Planet/Additional Planet Rock Scatter/Planet Cosmetic Rock Cluster 001	Planet Cosmetic Rock Cluster 001			RumbleSandstone	Elemental/Graphics V5/Rumble Rock Lit	d0239ba4c83ca2a4e8f8ebeea7e809c4	1557	62.67
Editable Voxel Planet/Additional Planet Rock Scatter/Planet Cosmetic Rock Cluster 002	Planet Cosmetic Rock Cluster 002			RumbleSandstone	Elemental/Graphics V5/Rumble Rock Lit	d0239ba4c83ca2a4e8f8ebeea7e809c4	2831	50.98
Editable Voxel Planet/Additional Planet Rock Scatter/Planet Cosmetic Rock Cluster 003	Planet Cosmetic Rock Cluster 003			RumbleSandstone	Elemental/Graphics V5/Rumble Rock Lit	d0239ba4c83ca2a4e8f8ebeea7e809c4	2159	73.23
Editable Voxel Planet/Additional Planet Rock Scatter/Planet Cosmetic Rock Cluster 004	Planet Cosmetic Rock Cluster 004			RumbleSandstone	Elemental/Graphics V5/Rumble Rock Lit	d0239ba4c83ca2a4e8f8ebeea7e809c4	2036	72.76
Editable Voxel Planet/Additional Planet Rock Scatter/Planet Cosmetic Rock Cluster 005	Planet Cosmetic Rock Cluster 005			RumbleSandstone	Elemental/Graphics V5/Rumble Rock Lit	d0239ba4c83ca2a4e8f8ebeea7e809c4	2117	59.45
Editable Voxel Planet/Additional Planet Rock Scatter/Planet Cosmetic Rock Cluster 006	Planet Cosmetic Rock Cluster 006			RumbleSandstone	Elemental/Graphics V5/Rumble Rock Lit	d0239ba4c83ca2a4e8f8ebeea7e809c4	2265	76.01
Editable Voxel Planet/Additional Planet Rock Scatter/Planet Cosmetic Rock Cluster 007	Planet Cosmetic Rock Cluster 007			RumbleSandstone	Elemental/Graphics V5/Rumble Rock Lit	d0239ba4c83ca2a4e8f8ebeea7e809c4	2587	90.81
Editable Voxel Planet/Additional Planet Rock Scatter/Planet Cosmetic Rock Cluster 008	Planet Cosmetic Rock Cluster 008			RumbleSandstone	Elemental/Graphics V5/Rumble Rock Lit	d0239ba4c83ca2a4e8f8ebeea7e809c4	1929	77.14
Editable Voxel Planet/Additional Planet Rock Scatter/Planet Cosmetic Rock Cluster 009	Planet Cosmetic Rock Cluster 009			RumbleSandstone	Elemental/Graphics V5/Rumble Rock Lit	d0239ba4c83ca2a4e8f8ebeea7e809c4	2762	63.21
Editable Voxel Planet/Additional Planet Rock Scatter/Planet Cosmetic Rock Cluster 010	Planet Cosmetic Rock Cluster 010			RumbleSandstone	Elemental/Graphics V5/Rumble Rock Lit	d0239ba4c83ca2a4e8f8ebeea7e809c4	1827	45.48
Editable Voxel Planet/Additional Planet Rock Scatter/Planet Cosmetic Rock Cluster 011	Planet Cosmetic Rock Cluster 011			RumbleSandstone	Elemental/Graphics V5/Rumble Rock Lit	d0239ba4c83ca2a4e8f8ebeea7e809c4	1637	86.42
Editable Voxel Planet/Additional Planet Rock Scatter/Planet Cosmetic Rock Cluster 012	Planet Cosmetic Rock Cluster 012			RumbleSandstone	Elemental/Graphics V5/Rumble Rock Lit	d0239ba4c83ca2a4e8f8ebeea7e809c4	2036	109.07
Editable Voxel Planet/Additional Planet Rock Scatter/Planet Cosmetic Rock Cluster 013	Planet Cosmetic Rock Cluster 013			RumbleSandstone	Elemental/Graphics V5/Rumble Rock Lit	d0239ba4c83ca2a4e8f8ebeea7e809c4	2564	70.36
Editable Voxel Planet/Additional Planet Rock Scatter/Planet Cosmetic Rock Cluster 014	Planet Cosmetic Rock Cluster 014			RumbleSandstone	Elemental/Graphics V5/Rumble Rock Lit	d0239ba4c83ca2a4e8f8ebeea7e809c4	2512	78.88
Editable Voxel Planet/Additional Planet Rock Scatter/Planet Cosmetic Rock Cluster 015	Planet Cosmetic Rock Cluster 015			RumbleSandstone	Elemental/Graphics V5/Rumble Rock Lit	d0239ba4c83ca2a4e8f8ebeea7e809c4	1928	26.86
Editable Voxel Planet/Additional Planet Rock Scatter/Planet Cosmetic Rock Cluster 016	Planet Cosmetic Rock Cluster 016			RumbleSandstone	Elemental/Graphics V5/Rumble Rock Lit	d0239ba4c83ca2a4e8f8ebeea7e809c4	2487	88.72
Editable Voxel Planet/Additional Planet Rock Scatter/Planet Cosmetic Rock Cluster 017	Planet Cosmetic Rock Cluster 017			RumbleSandstone	Elemental/Graphics V5/Rumble Rock Lit	d0239ba4c83ca2a4e8f8ebeea7e809c4	2523	54.62
Editable Voxel Planet/Additional Planet Rock Scatter/Planet Cosmetic Rock Cluster 018	Planet Cosmetic Rock Cluster 018			RumbleSandstone	Elemental/Graphics V5/Rumble Rock Lit	d0239ba4c83ca2a4e8f8ebeea7e809c4	1701	54.48
Editable Voxel Planet/Additional Planet Rock Scatter/Planet Cosmetic Rock Cluster 019	Planet Cosmetic Rock Cluster 019			RumbleSandstone	Elemental/Graphics V5/Rumble Rock Lit	d0239ba4c83ca2a4e8f8ebeea7e809c4	1710	90.96
Editable Voxel Planet/Additional Planet Rock Scatter/Planet Cosmetic Rock Cluster 020	Planet Cosmetic Rock Cluster 020			RumbleSandstone	Elemental/Graphics V5/Rumble Rock Lit	d0239ba4c83ca2a4e8f8ebeea7e809c4	1838	21.90
Editable Voxel Planet/Additional Planet Rock Scatter/Planet Cosmetic Rock Cluster 021	Planet Cosmetic Rock Cluster 021			RumbleSandstone	Elemental/Graphics V5/Rumble Rock Lit	d0239ba4c83ca2a4e8f8ebeea7e809c4	3042	83.24
Editable Voxel Planet/Additional Planet Rock Scatter/Planet Cosmetic Rock Cluster 022	Planet Cosmetic Rock Cluster 022			RumbleSandstone	Elemental/Graphics V5/Rumble Rock Lit	d0239ba4c83ca2a4e8f8ebeea7e809c4	2060	74.26
Editable Voxel Planet/Additional Planet Rock Scatter/Planet Cosmetic Rock Cluster 023	Planet Cosmetic Rock Cluster 023			RumbleSandstone	Elemental/Graphics V5/Rumble Rock Lit	d0239ba4c83ca2a4e8f8ebeea7e809c4	2647	100.18
Editable Voxel Planet/Additional Planet Rock Scatter/Planet Cosmetic Rock Cluster 024	Planet Cosmetic Rock Cluster 024			RumbleSandstone	Elemental/Graphics V5/Rumble Rock Lit	d0239ba4c83ca2a4e8f8ebeea7e809c4	2378	96.27
Editable Voxel Planet/Additional Planet Rock Scatter/Planet Cosmetic Rock Cluster 025	Planet Cosmetic Rock Cluster 025			RumbleSandstone	Elemental/Graphics V5/Rumble Rock Lit	d0239ba4c83ca2a4e8f8ebeea7e809c4	1695	65.86
Editable Voxel Planet/Additional Planet Rock Scatter/Planet Cosmetic Rock Cluster 026	Planet Cosmetic Rock Cluster 026			RumbleSandstone	Elemental/Graphics V5/Rumble Rock Lit	d0239ba4c83ca2a4e8f8ebeea7e809c4	2173	69.24
Editable Voxel Planet/Additional Planet Rock Scatter/Planet Cosmetic Rock Cluster 027	Planet Cosmetic Rock Cluster 027			RumbleSandstone	Elemental/Graphics V5/Rumble Rock Lit	d0239ba4c83ca2a4e8f8ebeea7e809c4	2826	90.61
Editable Voxel Planet/Additional Planet Rock Scatter/Planet Cosmetic Rock Cluster 028	Planet Cosmetic Rock Cluster 028			RumbleSandstone	Elemental/Graphics V5/Rumble Rock Lit	d0239ba4c83ca2a4e8f8ebeea7e809c4	2172	113.26
Editable Voxel Planet/Additional Planet Rock Scatter/Planet Cosmetic Rock Cluster 029	Planet Cosmetic Rock Cluster 029			RumbleSandstone	Elemental/Graphics V5/Rumble Rock Lit	d0239ba4c83ca2a4e8f8ebeea7e809c4	1926	93.91
Editable Voxel Planet/Additional Planet Rock Scatter/Planet Cosmetic Rock Cluster 030	Planet Cosmetic Rock Cluster 030			RumbleSandstone	Elemental/Graphics V5/Rumble Rock Lit	d0239ba4c83ca2a4e8f8ebeea7e809c4	2333	65.46
Editable Voxel Planet/Additional Planet Rock Scatter/Planet Cosmetic Rock Cluster 031	Planet Cosmetic Rock Cluster 031			RumbleSandstone	Elemental/Graphics V5/Rumble Rock Lit	d0239ba4c83ca2a4e8f8ebeea7e809c4	2760	48.16
Editable Voxel Planet/Additional Planet Rock Scatter/Planet Cosmetic Rock Cluster 032	Planet Cosmetic Rock Cluster 032			RumbleSandstone	Elemental/Graphics V5/Rumble Rock Lit	d0239ba4c83ca2a4e8f8ebeea7e809c4	2903	100.69
Editable Voxel Planet/Additional Planet Rock Scatter/Planet Cosmetic Rock Cluster 033	Planet Cosmetic Rock Cluster 033			RumbleSandstone	Elemental/Graphics V5/Rumble Rock Lit	d0239ba4c83ca2a4e8f8ebeea7e809c4	1733	25.61
Editable Voxel Planet/Additional Planet Rock Scatter/Planet Cosmetic Rock Cluster 034	Planet Cosmetic Rock Cluster 034			RumbleSandstone	Elemental/Graphics V5/Rumble Rock Lit	d0239ba4c83ca2a4e8f8ebeea7e809c4	1989	83.34
Editable Voxel Planet/Additional Planet Rock Scatter/Planet Cosmetic Rock Cluster 035	Planet Cosmetic Rock Cluster 035			RumbleSandstone	Elemental/Graphics V5/Rumble Rock Lit	d0239ba4c83ca2a4e8f8ebeea7e809c4	2492	85.86
Editable Voxel Planet/Additional Planet Rock Scatter/Planet Cosmetic Rock Cluster 036	Planet Cosmetic Rock Cluster 036			RumbleSandstone	Elemental/Graphics V5/Rumble Rock Lit	d0239ba4c83ca2a4e8f8ebeea7e809c4	2737	114.24
Editable Voxel Planet/Additional Planet Rock Scatter/Planet Cosmetic Rock Cluster 037	Planet Cosmetic Rock Cluster 037			RumbleSandstone	Elemental/Graphics V5/Rumble Rock Lit	d0239ba4c83ca2a4e8f8ebeea7e809c4	2667	102.58
Editable Voxel Planet/Additional Planet Rock Scatter/Planet Cosmetic Rock Cluster 038	Planet Cosmetic Rock Cluster 038			RumbleSandstone	Elemental/Graphics V5/Rumble Rock Lit	d0239ba4c83ca2a4e8f8ebeea7e809c4	2983	53.09
Editable Voxel Planet/Additional Planet Rock Scatter/Planet Cosmetic Rock Cluster 039	Planet Cosmetic Rock Cluster 039			RumbleSandstone	Elemental/Graphics V5/Rumble Rock Lit	d0239ba4c83ca2a4e8f8ebeea7e809c4	1398	64.91
Editable Voxel Planet/Additional Planet Rock Scatter/Planet Cosmetic Rock Cluster 040	Planet Cosmetic Rock Cluster 040			RumbleSandstone	Elemental/Graphics V5/Rumble Rock Lit	d0239ba4c83ca2a4e8f8ebeea7e809c4	1987	100.51
Editable Voxel Planet/Additional Planet Rock Scatter/Planet Cosmetic Rock Cluster 041	Planet Cosmetic Rock Cluster 041			RumbleSandstone	Elemental/Graphics V5/Rumble Rock Lit	d0239ba4c83ca2a4e8f8ebeea7e809c4	2525	11.26
Editable Voxel Planet/Additional Planet Rock Scatter/Planet Cosmetic Rock Cluster 042	Planet Cosmetic Rock Cluster 042			RumbleSandstone	Elemental/Graphics V5/Rumble Rock Lit	d0239ba4c83ca2a4e8f8ebeea7e809c4	1871	95.46
Editable Voxel Planet/Additional Planet Rock Scatter/Planet Cosmetic Rock Cluster 043	Planet Cosmetic Rock Cluster 043			RumbleSandstone	Elemental/Graphics V5/Rumble Rock Lit	d0239ba4c83ca2a4e8f8ebeea7e809c4	2272	77.63
Editable Voxel Planet/Additional Planet Rock Scatter/Planet Cosmetic Rock Cluster 044	Planet Cosmetic Rock Cluster 044			RumbleSandstone	Elemental/Graphics V5/Rumble Rock Lit	d0239ba4c83ca2a4e8f8ebeea7e809c4	2512	94.81
Editable Voxel Planet/Additional Planet Rock Scatter/Planet Cosmetic Rock Cluster 045	Planet Cosmetic Rock Cluster 045			RumbleSandstone	Elemental/Graphics V5/Rumble Rock Lit	d0239ba4c83ca2a4e8f8ebeea7e809c4	1421	81.91
Editable Voxel Planet/Additional Planet Rock Scatter/Planet Cosmetic Rock Cluster 046	Planet Cosmetic Rock Cluster 046			RumbleSandstone	Elemental/Graphics V5/Rumble Rock Lit	d0239ba4c83ca2a4e8f8ebeea7e809c4	1716	39.36
Editable Voxel Planet/Additional Planet Rock Scatter/Planet Cosmetic Rock Cluster 047	Planet Cosmetic Rock Cluster 047			RumbleSandstone	Elemental/Graphics V5/Rumble Rock Lit	d0239ba4c83ca2a4e8f8ebeea7e809c4	1646	80.59
Editable Voxel Planet/Additional Planet Rock Scatter/Planet Cosmetic Rock Cluster 048	Planet Cosmetic Rock Cluster 048			RumbleSandstone	Elemental/Graphics V5/Rumble Rock Lit	d0239ba4c83ca2a4e8f8ebeea7e809c4	1715	96.33
Editable Voxel Planet/Additional Planet Rock Scatter/Planet Cosmetic Rock Cluster 049	Planet Cosmetic Rock Cluster 049			RumbleSandstone	Elemental/Graphics V5/Rumble Rock Lit	d0239ba4c83ca2a4e8f8ebeea7e809c4	1583	17.93
Editable Voxel Planet/Additional Planet Rock Scatter/Planet Cosmetic Rock Cluster 050	Planet Cosmetic Rock Cluster 050			RumbleSandstone	Elemental/Graphics V5/Rumble Rock Lit	d0239ba4c83ca2a4e8f8ebeea7e809c4	2114	104.91
Editable Voxel Planet/Additional Planet Rock Scatter/Planet Cosmetic Rock Cluster 051	Planet Cosmetic Rock Cluster 051			RumbleSandstone	Elemental/Graphics V5/Rumble Rock Lit	d0239ba4c83ca2a4e8f8ebeea7e809c4	2593	84.13
Editable Voxel Planet/Additional Planet Rock Scatter/Planet Cosmetic Rock Cluster 052	Planet Cosmetic Rock Cluster 052			RumbleSandstone	Elemental/Graphics V5/Rumble Rock Lit	d0239ba4c83ca2a4e8f8ebeea7e809c4	2558	59.90
Editable Voxel Planet/Additional Planet Rock Scatter/Planet Cosmetic Rock Cluster 053	Planet Cosmetic Rock Cluster 053			RumbleSandstone	Elemental/Graphics V5/Rumble Rock Lit	d0239ba4c83ca2a4e8f8ebeea7e809c4	2194	107.71
Editable Voxel Planet/Additional Planet Rock Scatter/Planet Cosmetic Rock Cluster 054	Planet Cosmetic Rock Cluster 054			RumbleSandstone	Elemental/Graphics V5/Rumble Rock Lit	d0239ba4c83ca2a4e8f8ebeea7e809c4	1880	26.75
Editable Voxel Planet/Additional Planet Rock Scatter/Planet Cosmetic Rock Cluster 055	Planet Cosmetic Rock Cluster 055			RumbleSandstone	Elemental/Graphics V5/Rumble Rock Lit	d0239ba4c83ca2a4e8f8ebeea7e809c4	1230	78.78
Editable Voxel Planet/Additional Planet Rock Scatter/Planet Cosmetic Rock Cluster 056	Planet Cosmetic Rock Cluster 056			RumbleSandstone	Elemental/Graphics V5/Rumble Rock Lit	d0239ba4c83ca2a4e8f8ebeea7e809c4	2571	16.19
Editable Voxel Planet/Additional Planet Rock Scatter/Planet Cosmetic Rock Cluster 057	Planet Cosmetic Rock Cluster 057			RumbleSandstone	Elemental/Graphics V5/Rumble Rock Lit	d0239ba4c83ca2a4e8f8ebeea7e809c4	2472	100.22
Editable Voxel Planet/Additional Planet Rock Scatter/Planet Cosmetic Rock Cluster 058	Planet Cosmetic Rock Cluster 058			RumbleSandstone	Elemental/Graphics V5/Rumble Rock Lit	d0239ba4c83ca2a4e8f8ebeea7e809c4	2233	110.42
Editable Voxel Planet/Additional Planet Rock Scatter/Planet Cosmetic Rock Cluster 059	Planet Cosmetic Rock Cluster 059			RumbleSandstone	Elemental/Graphics V5/Rumble Rock Lit	d0239ba4c83ca2a4e8f8ebeea7e809c4	3101	53.98
Editable Voxel Planet/Additional Planet Rock Scatter/Planet Cosmetic Rock Cluster 060	Planet Cosmetic Rock Cluster 060			RumbleSandstone	Elemental/Graphics V5/Rumble Rock Lit	d0239ba4c83ca2a4e8f8ebeea7e809c4	1801	47.78
Editable Voxel Planet/Additional Planet Rock Scatter/Planet Cosmetic Rock Cluster 061	Planet Cosmetic Rock Cluster 061			RumbleSandstone	Elemental/Graphics V5/Rumble Rock Lit	d0239ba4c83ca2a4e8f8ebeea7e809c4	1691	104.52
Editable Voxel Planet/Additional Planet Rock Scatter/Planet Cosmetic Rock Cluster 062	Planet Cosmetic Rock Cluster 062			RumbleSandstone	Elemental/Graphics V5/Rumble Rock Lit	d0239ba4c83ca2a4e8f8ebeea7e809c4	2562	25.56
Editable Voxel Planet/Additional Planet Rock Scatter/Planet Cosmetic Rock Cluster 063	Planet Cosmetic Rock Cluster 063			RumbleSandstone	Elemental/Graphics V5/Rumble Rock Lit	d0239ba4c83ca2a4e8f8ebeea7e809c4	1611	38.53
Editable Voxel Planet/Additional Planet Rock Scatter/Planet Cosmetic Rock Cluster 064	Planet Cosmetic Rock Cluster 064			RumbleSandstone	Elemental/Graphics V5/Rumble Rock Lit	d0239ba4c83ca2a4e8f8ebeea7e809c4	1682	79.41
Editable Voxel Planet/Additional Planet Rock Scatter/Planet Cosmetic Rock Cluster 065	Planet Cosmetic Rock Cluster 065			RumbleSandstone	Elemental/Graphics V5/Rumble Rock Lit	d0239ba4c83ca2a4e8f8ebeea7e809c4	3108	55.24
Editable Voxel Planet/Additional Planet Rock Scatter/Planet Cosmetic Rock Cluster 066	Planet Cosmetic Rock Cluster 066			RumbleSandstone	Elemental/Graphics V5/Rumble Rock Lit	d0239ba4c83ca2a4e8f8ebeea7e809c4	2032	112.44
Editable Voxel Planet/Additional Planet Rock Scatter/Planet Cosmetic Rock Cluster 067	Planet Cosmetic Rock Cluster 067			RumbleSandstone	Elemental/Graphics V5/Rumble Rock Lit	d0239ba4c83ca2a4e8f8ebeea7e809c4	1924	43.03
Editable Voxel Planet/Additional Planet Rock Scatter/Planet Cosmetic Rock Cluster 068	Planet Cosmetic Rock Cluster 068			RumbleSandstone	Elemental/Graphics V5/Rumble Rock Lit	d0239ba4c83ca2a4e8f8ebeea7e809c4	3085	91.42
Editable Voxel Planet/Additional Planet Rock Scatter/Planet Cosmetic Rock Cluster 069	Planet Cosmetic Rock Cluster 069			RumbleSandstone	Elemental/Graphics V5/Rumble Rock Lit	d0239ba4c83ca2a4e8f8ebeea7e809c4	2023	98.84
Editable Voxel Planet/Additional Planet Rock Scatter/Planet Cosmetic Rock Cluster 070	Planet Cosmetic Rock Cluster 070			RumbleSandstone	Elemental/Graphics V5/Rumble Rock Lit	d0239ba4c83ca2a4e8f8ebeea7e809c4	2018	37.05
Editable Voxel Planet/Additional Planet Rock Scatter/Planet Cosmetic Rock Cluster 071	Planet Cosmetic Rock Cluster 071			RumbleSandstone	Elemental/Graphics V5/Rumble Rock Lit	d0239ba4c83ca2a4e8f8ebeea7e809c4	2039	42.70
Editable Voxel Planet/Additional Planet Rock Scatter/Planet Cosmetic Rock Cluster 072	Planet Cosmetic Rock Cluster 072			RumbleSandstone	Elemental/Graphics V5/Rumble Rock Lit	d0239ba4c83ca2a4e8f8ebeea7e809c4	1432	67.90
Editable Voxel Planet/Additional Planet Rock Scatter/Planet Cosmetic Rock Cluster 073	Planet Cosmetic Rock Cluster 073			RumbleSandstone	Elemental/Graphics V5/Rumble Rock Lit	d0239ba4c83ca2a4e8f8ebeea7e809c4	1492	72.10
Editable Voxel Planet/Additional Planet Rock Scatter/Planet Cosmetic Rock Cluster 074	Planet Cosmetic Rock Cluster 074			RumbleSandstone	Elemental/Graphics V5/Rumble Rock Lit	d0239ba4c83ca2a4e8f8ebeea7e809c4	1521	110.74
Editable Voxel Planet/Additional Planet Rock Scatter/Planet Cosmetic Rock Cluster 075	Planet Cosmetic Rock Cluster 075			RumbleSandstone	Elemental/Graphics V5/Rumble Rock Lit	d0239ba4c83ca2a4e8f8ebeea7e809c4	2241	39.09
Editable Voxel Planet/Additional Planet Rock Scatter/Planet Cosmetic Rock Cluster 076	Planet Cosmetic Rock Cluster 076			RumbleSandstone	Elemental/Graphics V5/Rumble Rock Lit	d0239ba4c83ca2a4e8f8ebeea7e809c4	1907	102.70
Editable Voxel Planet/Additional Planet Rock Scatter/Planet Cosmetic Rock Cluster 077	Planet Cosmetic Rock Cluster 077			RumbleSandstone	Elemental/Graphics V5/Rumble Rock Lit	d0239ba4c83ca2a4e8f8ebeea7e809c4	2621	90.08
Editable Voxel Planet/Additional Planet Rock Scatter/Planet Cosmetic Rock Cluster 078	Planet Cosmetic Rock Cluster 078			RumbleSandstone	Elemental/Graphics V5/Rumble Rock Lit	d0239ba4c83ca2a4e8f8ebeea7e809c4	2294	53.08
Editable Voxel Planet/Additional Planet Rock Scatter/Planet Cosmetic Rock Cluster 079	Planet Cosmetic Rock Cluster 079			RumbleSandstone	Elemental/Graphics V5/Rumble Rock Lit	d0239ba4c83ca2a4e8f8ebeea7e809c4	1820	114.71
Editable Voxel Planet/Additional Planet Rock Scatter/Planet Cosmetic Rock Cluster 080	Planet Cosmetic Rock Cluster 080			RumbleSandstone	Elemental/Graphics V5/Rumble Rock Lit	d0239ba4c83ca2a4e8f8ebeea7e809c4	2692	58.48
Editable Voxel Planet/Additional Planet Rock Scatter/Planet Cosmetic Rock Cluster 081	Planet Cosmetic Rock Cluster 081			RumbleSandstone	Elemental/Graphics V5/Rumble Rock Lit	d0239ba4c83ca2a4e8f8ebeea7e809c4	2344	87.57
Editable Voxel Planet/Additional Planet Rock Scatter/Planet Cosmetic Rock Cluster 082	Planet Cosmetic Rock Cluster 082			RumbleSandstone	Elemental/Graphics V5/Rumble Rock Lit	d0239ba4c83ca2a4e8f8ebeea7e809c4	2405	106.29
Editable Voxel Planet/Additional Planet Rock Scatter/Planet Cosmetic Rock Cluster 083	Planet Cosmetic Rock Cluster 083			RumbleSandstone	Elemental/Graphics V5/Rumble Rock Lit	d0239ba4c83ca2a4e8f8ebeea7e809c4	1444	84.66
Editable Voxel Planet/Additional Planet Rock Scatter/Planet Cosmetic Rock Cluster 084	Planet Cosmetic Rock Cluster 084			RumbleSandstone	Elemental/Graphics V5/Rumble Rock Lit	d0239ba4c83ca2a4e8f8ebeea7e809c4	2282	110.69
Editable Voxel Planet/Additional Planet Rock Scatter/Planet Cosmetic Rock Cluster 085	Planet Cosmetic Rock Cluster 085			RumbleSandstone	Elemental/Graphics V5/Rumble Rock Lit	d0239ba4c83ca2a4e8f8ebeea7e809c4	1772	81.46
Editable Voxel Planet/Additional Planet Rock Scatter/Planet Cosmetic Rock Cluster 086	Planet Cosmetic Rock Cluster 086			RumbleSandstone	Elemental/Graphics V5/Rumble Rock Lit	d0239ba4c83ca2a4e8f8ebeea7e809c4	2320	69.77
Editable Voxel Planet/Additional Planet Rock Scatter/Planet Cosmetic Rock Cluster 087	Planet Cosmetic Rock Cluster 087			RumbleSandstone	Elemental/Graphics V5/Rumble Rock Lit	d0239ba4c83ca2a4e8f8ebeea7e809c4	3031	114.44
Editable Voxel Planet/Additional Planet Rock Scatter/Planet Cosmetic Rock Cluster 088	Planet Cosmetic Rock Cluster 088			RumbleSandstone	Elemental/Graphics V5/Rumble Rock Lit	d0239ba4c83ca2a4e8f8ebeea7e809c4	2283	53.70
Editable Voxel Planet/Additional Planet Rock Scatter/Planet Cosmetic Rock Cluster 089	Planet Cosmetic Rock Cluster 089			RumbleSandstone	Elemental/Graphics V5/Rumble Rock Lit	d0239ba4c83ca2a4e8f8ebeea7e809c4	1914	99.44
Editable Voxel Planet/Additional Planet Rock Scatter/Planet Cosmetic Rock Cluster 090	Planet Cosmetic Rock Cluster 090			RumbleSandstone	Elemental/Graphics V5/Rumble Rock Lit	d0239ba4c83ca2a4e8f8ebeea7e809c4	2265	99.14
Editable Voxel Planet/Additional Planet Rock Scatter/Planet Cosmetic Rock Cluster 091	Planet Cosmetic Rock Cluster 091			RumbleSandstone	Elemental/Graphics V5/Rumble Rock Lit	d0239ba4c83ca2a4e8f8ebeea7e809c4	2600	56.26
Editable Voxel Planet/Additional Planet Rock Scatter/Planet Cosmetic Rock Cluster 092	Planet Cosmetic Rock Cluster 092			RumbleSandstone	Elemental/Graphics V5/Rumble Rock Lit	d0239ba4c83ca2a4e8f8ebeea7e809c4	2323	114.86
Editable Voxel Planet/Additional Planet Rock Scatter/Planet Cosmetic Rock Cluster 093	Planet Cosmetic Rock Cluster 093			RumbleSandstone	Elemental/Graphics V5/Rumble Rock Lit	d0239ba4c83ca2a4e8f8ebeea7e809c4	1689	72.51
Editable Voxel Planet/Additional Planet Rock Scatter/Planet Cosmetic Rock Cluster 094	Planet Cosmetic Rock Cluster 094			RumbleSandstone	Elemental/Graphics V5/Rumble Rock Lit	d0239ba4c83ca2a4e8f8ebeea7e809c4	2524	84.37
Editable Voxel Planet/Additional Planet Rock Scatter/Planet Cosmetic Rock Cluster 095	Planet Cosmetic Rock Cluster 095			RumbleSandstone	Elemental/Graphics V5/Rumble Rock Lit	d0239ba4c83ca2a4e8f8ebeea7e809c4	3022	111.12
Editable Voxel Planet/Additional Planet Rock Scatter/Planet Cosmetic Rock Cluster 096	Planet Cosmetic Rock Cluster 096			RumbleSandstone	Elemental/Graphics V5/Rumble Rock Lit	d0239ba4c83ca2a4e8f8ebeea7e809c4	1807	55.80
Editable Voxel Planet/Additional Planet Rock Scatter/Planet Cosmetic Rock Cluster 097	Planet Cosmetic Rock Cluster 097			RumbleSandstone	Elemental/Graphics V5/Rumble Rock Lit	d0239ba4c83ca2a4e8f8ebeea7e809c4	1394	107.94
Editable Voxel Planet/Additional Planet Rock Scatter/Planet Cosmetic Rock Cluster 098	Planet Cosmetic Rock Cluster 098			RumbleSandstone	Elemental/Graphics V5/Rumble Rock Lit	d0239ba4c83ca2a4e8f8ebeea7e809c4	1389	91.44
Editable Voxel Planet/Additional Planet Rock Scatter/Planet Cosmetic Rock Cluster 099	Planet Cosmetic Rock Cluster 099			RumbleSandstone	Elemental/Graphics V5/Rumble Rock Lit	d0239ba4c83ca2a4e8f8ebeea7e809c4	2527	70.34
Editable Voxel Planet/Additional Planet Rock Scatter/Planet Cosmetic Rock Cluster 100	Planet Cosmetic Rock Cluster 100			RumbleSandstone	Elemental/Graphics V5/Rumble Rock Lit	d0239ba4c83ca2a4e8f8ebeea7e809c4	2032	115.45
Editable Voxel Planet/Additional Planet Rock Scatter/Planet Cosmetic Rock Cluster 101	Planet Cosmetic Rock Cluster 101			RumbleSandstone	Elemental/Graphics V5/Rumble Rock Lit	d0239ba4c83ca2a4e8f8ebeea7e809c4	2586	68.02
Editable Voxel Planet/Additional Planet Rock Scatter/Planet Cosmetic Rock Cluster 102	Planet Cosmetic Rock Cluster 102			RumbleSandstone	Elemental/Graphics V5/Rumble Rock Lit	d0239ba4c83ca2a4e8f8ebeea7e809c4	2973	96.41
Editable Voxel Planet/Additional Planet Rock Scatter/Planet Cosmetic Rock Cluster 103	Planet Cosmetic Rock Cluster 103			RumbleSandstone	Elemental/Graphics V5/Rumble Rock Lit	d0239ba4c83ca2a4e8f8ebeea7e809c4	2457	105.62
Editable Voxel Planet/Additional Planet Rock Scatter/Planet Cosmetic Rock Cluster 104	Planet Cosmetic Rock Cluster 104			RumbleSandstone	Elemental/Graphics V5/Rumble Rock Lit	d0239ba4c83ca2a4e8f8ebeea7e809c4	2397	63.87
Editable Voxel Planet/Additional Planet Rock Scatter/Planet Cosmetic Rock Cluster 105	Planet Cosmetic Rock Cluster 105			RumbleSandstone	Elemental/Graphics V5/Rumble Rock Lit	d0239ba4c83ca2a4e8f8ebeea7e809c4	1697	112.78
Editable Voxel Planet/Additional Planet Rock Scatter/Planet Cosmetic Rock Cluster 106	Planet Cosmetic Rock Cluster 106			RumbleSandstone	Elemental/Graphics V5/Rumble Rock Lit	d0239ba4c83ca2a4e8f8ebeea7e809c4	3176	96.20
Editable Voxel Planet/Additional Planet Rock Scatter/Planet Cosmetic Rock Cluster 107	Planet Cosmetic Rock Cluster 107			RumbleSandstone	Elemental/Graphics V5/Rumble Rock Lit	d0239ba4c83ca2a4e8f8ebeea7e809c4	1686	83.98
Editable Voxel Planet/Additional Planet Rock Scatter/Planet Cosmetic Rock Cluster 108	Planet Cosmetic Rock Cluster 108			RumbleSandstone	Elemental/Graphics V5/Rumble Rock Lit	d0239ba4c83ca2a4e8f8ebeea7e809c4	1864	77.54
Editable Voxel Planet/Additional Planet Rock Scatter/Planet Cosmetic Rock Cluster 109	Planet Cosmetic Rock Cluster 109			RumbleSandstone	Elemental/Graphics V5/Rumble Rock Lit	d0239ba4c83ca2a4e8f8ebeea7e809c4	1554	69.03
Editable Voxel Planet/Additional Planet Rock Scatter/Planet Cosmetic Rock Cluster 110	Planet Cosmetic Rock Cluster 110			RumbleSandstone	Elemental/Graphics V5/Rumble Rock Lit	d0239ba4c83ca2a4e8f8ebeea7e809c4	2510	104.67
Editable Voxel Planet/Additional Planet Rock Scatter/Planet Cosmetic Rock Cluster 111	Planet Cosmetic Rock Cluster 111			RumbleSandstone	Elemental/Graphics V5/Rumble Rock Lit	d0239ba4c83ca2a4e8f8ebeea7e809c4	2491	99.08
Editable Voxel Planet/Additional Planet Rock Scatter/Planet Cosmetic Rock Cluster 112	Planet Cosmetic Rock Cluster 112			RumbleSandstone	Elemental/Graphics V5/Rumble Rock Lit	d0239ba4c83ca2a4e8f8ebeea7e809c4	2233	108.98
Editable Voxel Planet/Additional Planet Rock Scatter/Planet Cosmetic Rock Cluster 113	Planet Cosmetic Rock Cluster 113			RumbleSandstone	Elemental/Graphics V5/Rumble Rock Lit	d0239ba4c83ca2a4e8f8ebeea7e809c4	2651	113.41
Editable Voxel Planet/Additional Planet Rock Scatter/Planet Cosmetic Rock Cluster 114	Planet Cosmetic Rock Cluster 114			RumbleSandstone	Elemental/Graphics V5/Rumble Rock Lit	d0239ba4c83ca2a4e8f8ebeea7e809c4	1457	96.09
Editable Voxel Planet/Additional Planet Rock Scatter/Planet Cosmetic Rock Cluster 115	Planet Cosmetic Rock Cluster 115			RumbleSandstone	Elemental/Graphics V5/Rumble Rock Lit	d0239ba4c83ca2a4e8f8ebeea7e809c4	2847	94.21
Editable Voxel Planet/Additional Planet Rock Scatter/Planet Cosmetic Rock Cluster 116	Planet Cosmetic Rock Cluster 116			RumbleSandstone	Elemental/Graphics V5/Rumble Rock Lit	d0239ba4c83ca2a4e8f8ebeea7e809c4	1290	108.07
Editable Voxel Planet/Additional Planet Rock Scatter/Planet Cosmetic Rock Cluster 117	Planet Cosmetic Rock Cluster 117			RumbleSandstone	Elemental/Graphics V5/Rumble Rock Lit	d0239ba4c83ca2a4e8f8ebeea7e809c4	1974	75.96
Editable Voxel Planet/Additional Planet Rock Scatter/Planet Cosmetic Rock Cluster 118	Planet Cosmetic Rock Cluster 118			RumbleSandstone	Elemental/Graphics V5/Rumble Rock Lit	d0239ba4c83ca2a4e8f8ebeea7e809c4	1656	108.47
Editable Voxel Planet/Additional Planet Rock Scatter/Planet Cosmetic Rock Cluster 119	Planet Cosmetic Rock Cluster 119			RumbleSandstone	Elemental/Graphics V5/Rumble Rock Lit	d0239ba4c83ca2a4e8f8ebeea7e809c4	2889	94.31
Editable Voxel Planet/Additional Planet Rock Scatter/Planet Cosmetic Rock Cluster 120	Planet Cosmetic Rock Cluster 120			RumbleSandstone	Elemental/Graphics V5/Rumble Rock Lit	d0239ba4c83ca2a4e8f8ebeea7e809c4	1723	87.45
Editable Voxel Planet/Additional Planet Rock Scatter/Planet Cosmetic Rock Cluster 121	Planet Cosmetic Rock Cluster 121			RumbleSandstone	Elemental/Graphics V5/Rumble Rock Lit	d0239ba4c83ca2a4e8f8ebeea7e809c4	2551	110.13
Editable Voxel Planet/Additional Planet Rock Scatter/Planet Cosmetic Rock Cluster 122	Planet Cosmetic Rock Cluster 122			RumbleSandstone	Elemental/Graphics V5/Rumble Rock Lit	d0239ba4c83ca2a4e8f8ebeea7e809c4	2264	84.73
Editable Voxel Planet/Additional Planet Rock Scatter/Planet Cosmetic Rock Cluster 123	Planet Cosmetic Rock Cluster 123			RumbleSandstone	Elemental/Graphics V5/Rumble Rock Lit	d0239ba4c83ca2a4e8f8ebeea7e809c4	2537	100.99
Editable Voxel Planet/Additional Planet Rock Scatter/Planet Cosmetic Rock Cluster 124	Planet Cosmetic Rock Cluster 124			RumbleSandstone	Elemental/Graphics V5/Rumble Rock Lit	d0239ba4c83ca2a4e8f8ebeea7e809c4	2343	102.44
Editable Voxel Planet/Additional Planet Rock Scatter/Planet Cosmetic Rock Cluster 125	Planet Cosmetic Rock Cluster 125			RumbleSandstone	Elemental/Graphics V5/Rumble Rock Lit	d0239ba4c83ca2a4e8f8ebeea7e809c4	3033	88.39
Editable Voxel Planet/Additional Planet Rock Scatter/Planet Cosmetic Rock Cluster 126	Planet Cosmetic Rock Cluster 126			RumbleSandstone	Elemental/Graphics V5/Rumble Rock Lit	d0239ba4c83ca2a4e8f8ebeea7e809c4	3502	105.76
Editable Voxel Planet/Additional Planet Rock Scatter/Planet Cosmetic Rock Cluster 127	Planet Cosmetic Rock Cluster 127			RumbleSandstone	Elemental/Graphics V5/Rumble Rock Lit	d0239ba4c83ca2a4e8f8ebeea7e809c4	1988	95.23
Editable Voxel Planet/Additional Planet Rock Scatter/Planet Cosmetic Rock Cluster 128	Planet Cosmetic Rock Cluster 128			RumbleSandstone	Elemental/Graphics V5/Rumble Rock Lit	d0239ba4c83ca2a4e8f8ebeea7e809c4	2746	97.70
Earth Magic Runtime/Earth Platform 01	Runtime Earth Platform			RumbleSandstone	Elemental/Graphics V5/Rumble Rock Lit	d0239ba4c83ca2a4e8f8ebeea7e809c4	32	60.14
Earth Magic Runtime/Earth Platform 01/Platform Piece 01	V5_Physics_Boulder_00_CenteredUnit	Assets/Elemental/Content/GraphicsV5/Physics/V5_Physics_Boulder_00_CenteredUnit.asset	23ad7314d6415c2489a6043042c898cb	RumbleSandstone	Elemental/Graphics V5/Rumble Rock Lit	d0239ba4c83ca2a4e8f8ebeea7e809c4	164	60.57
Earth Magic Runtime/Earth Platform 01/Platform Piece 02	V5_Physics_Boulder_01_CenteredUnit	Assets/Elemental/Content/GraphicsV5/Physics/V5_Physics_Boulder_01_CenteredUnit.asset	e46e2e752a92f4445b9dff28264cc4ba	RumbleSandstone	Elemental/Graphics V5/Rumble Rock Lit	d0239ba4c83ca2a4e8f8ebeea7e809c4	140	60.57
Earth Magic Runtime/Earth Platform 01/Platform Piece 03	V5_Physics_Boulder_02_CenteredUnit	Assets/Elemental/Content/GraphicsV5/Physics/V5_Physics_Boulder_02_CenteredUnit.asset	8865e400055100a48b08f0300d227217	RumbleSandstone	Elemental/Graphics V5/Rumble Rock Lit	d0239ba4c83ca2a4e8f8ebeea7e809c4	128	60.57
Earth Magic Runtime/Earth Platform 01/Platform Piece 04	V5_Physics_Boulder_03_CenteredUnit	Assets/Elemental/Content/GraphicsV5/Physics/V5_Physics_Boulder_03_CenteredUnit.asset	4586f8f90eb8d9142b7b13004a95328e	RumbleSandstone	Elemental/Graphics V5/Rumble Rock Lit	d0239ba4c83ca2a4e8f8ebeea7e809c4	140	60.57
Earth Magic Runtime/Earth Platform 01/Platform Piece 05	V5_Physics_Boulder_04_CenteredUnit	Assets/Elemental/Content/GraphicsV5/Physics/V5_Physics_Boulder_04_CenteredUnit.asset	77b3da2cd22d6c64fb9a0a3d68769e71	RumbleSandstone	Elemental/Graphics V5/Rumble Rock Lit	d0239ba4c83ca2a4e8f8ebeea7e809c4	152	60.57
Earth Magic Runtime/Earth Platform 01/Platform Piece 06	V5_Physics_Boulder_05_CenteredUnit	Assets/Elemental/Content/GraphicsV5/Physics/V5_Physics_Boulder_05_CenteredUnit.asset	9458e42ababc9504f8929a3480df0061	RumbleSandstone	Elemental/Graphics V5/Rumble Rock Lit	d0239ba4c83ca2a4e8f8ebeea7e809c4	152	60.57
Earth Magic Runtime/Earth Platform 01/Platform Piece 07	V5_Physics_Boulder_06_CenteredUnit	Assets/Elemental/Content/GraphicsV5/Physics/V5_Physics_Boulder_06_CenteredUnit.asset	479fb44e71569d745848cc9b592b1d5e	RumbleSandstone	Elemental/Graphics V5/Rumble Rock Lit	d0239ba4c83ca2a4e8f8ebeea7e809c4	128	60.57
Earth Magic Runtime/Earth Platform 01/Platform Piece 08	V5_Physics_Boulder_07_CenteredUnit	Assets/Elemental/Content/GraphicsV5/Physics/V5_Physics_Boulder_07_CenteredUnit.asset	2d7c67f31bd7dce4bb75eb0e68552e86	RumbleSandstone	Elemental/Graphics V5/Rumble Rock Lit	d0239ba4c83ca2a4e8f8ebeea7e809c4	128	60.57
Earth Magic Runtime/Earth Platform 01/Platform Piece 09	V5_Physics_Boulder_00_CenteredUnit	Assets/Elemental/Content/GraphicsV5/Physics/V5_Physics_Boulder_00_CenteredUnit.asset	23ad7314d6415c2489a6043042c898cb	RumbleSandstone	Elemental/Graphics V5/Rumble Rock Lit	d0239ba4c83ca2a4e8f8ebeea7e809c4	164	60.57
Earth Magic Runtime/Earth Platform 01/Platform Piece 10	V5_Physics_Boulder_01_CenteredUnit	Assets/Elemental/Content/GraphicsV5/Physics/V5_Physics_Boulder_01_CenteredUnit.asset	e46e2e752a92f4445b9dff28264cc4ba	RumbleSandstone	Elemental/Graphics V5/Rumble Rock Lit	d0239ba4c83ca2a4e8f8ebeea7e809c4	140	60.57
Earth Magic Runtime/Earth Platform 01/Platform Piece 11	V5_Physics_Boulder_02_CenteredUnit	Assets/Elemental/Content/GraphicsV5/Physics/V5_Physics_Boulder_02_CenteredUnit.asset	8865e400055100a48b08f0300d227217	RumbleSandstone	Elemental/Graphics V5/Rumble Rock Lit	d0239ba4c83ca2a4e8f8ebeea7e809c4	128	60.57
Earth Magic Runtime/Earth Platform 01/Platform Piece 12	V5_Physics_Boulder_03_CenteredUnit	Assets/Elemental/Content/GraphicsV5/Physics/V5_Physics_Boulder_03_CenteredUnit.asset	4586f8f90eb8d9142b7b13004a95328e	RumbleSandstone	Elemental/Graphics V5/Rumble Rock Lit	d0239ba4c83ca2a4e8f8ebeea7e809c4	140	60.57
Earth Magic Runtime/Earth Platform 01/Platform Piece 13	V5_Physics_Boulder_04_CenteredUnit	Assets/Elemental/Content/GraphicsV5/Physics/V5_Physics_Boulder_04_CenteredUnit.asset	77b3da2cd22d6c64fb9a0a3d68769e71	RumbleSandstone	Elemental/Graphics V5/Rumble Rock Lit	d0239ba4c83ca2a4e8f8ebeea7e809c4	152	60.57
Earth Magic Runtime/Earth Platform 01/Platform Piece 14	V5_Physics_Boulder_05_CenteredUnit	Assets/Elemental/Content/GraphicsV5/Physics/V5_Physics_Boulder_05_CenteredUnit.asset	9458e42ababc9504f8929a3480df0061	RumbleSandstone	Elemental/Graphics V5/Rumble Rock Lit	d0239ba4c83ca2a4e8f8ebeea7e809c4	152	60.57
Earth Magic Runtime/Earth Platform 01/Platform Piece 15	V5_Physics_Boulder_06_CenteredUnit	Assets/Elemental/Content/GraphicsV5/Physics/V5_Physics_Boulder_06_CenteredUnit.asset	479fb44e71569d745848cc9b592b1d5e	RumbleSandstone	Elemental/Graphics V5/Rumble Rock Lit	d0239ba4c83ca2a4e8f8ebeea7e809c4	128	60.57
Earth Magic Runtime/Earth Platform 01/Platform Piece 16	V5_Physics_Boulder_07_CenteredUnit	Assets/Elemental/Content/GraphicsV5/Physics/V5_Physics_Boulder_07_CenteredUnit.asset	2d7c67f31bd7dce4bb75eb0e68552e86	RumbleSandstone	Elemental/Graphics V5/Rumble Rock Lit	d0239ba4c83ca2a4e8f8ebeea7e809c4	128	60.57
Earth Magic Runtime/Earth Platform 01/Platform Piece 17	V5_Physics_Boulder_00_CenteredUnit	Assets/Elemental/Content/GraphicsV5/Physics/V5_Physics_Boulder_00_CenteredUnit.asset	23ad7314d6415c2489a6043042c898cb	RumbleSandstone	Elemental/Graphics V5/Rumble Rock Lit	d0239ba4c83ca2a4e8f8ebeea7e809c4	164	60.57
Earth Magic Runtime/Earth Platform 01/Platform Piece 18	V5_Physics_Boulder_01_CenteredUnit	Assets/Elemental/Content/GraphicsV5/Physics/V5_Physics_Boulder_01_CenteredUnit.asset	e46e2e752a92f4445b9dff28264cc4ba	RumbleSandstone	Elemental/Graphics V5/Rumble Rock Lit	d0239ba4c83ca2a4e8f8ebeea7e809c4	140	60.57
Earth Magic Runtime/Earth Platform 01/Platform Piece 19	V5_Physics_Boulder_02_CenteredUnit	Assets/Elemental/Content/GraphicsV5/Physics/V5_Physics_Boulder_02_CenteredUnit.asset	8865e400055100a48b08f0300d227217	RumbleSandstone	Elemental/Graphics V5/Rumble Rock Lit	d0239ba4c83ca2a4e8f8ebeea7e809c4	128	60.57
Earth Magic Runtime/Earth Platform 01/Platform Piece 20	V5_Physics_Boulder_03_CenteredUnit	Assets/Elemental/Content/GraphicsV5/Physics/V5_Physics_Boulder_03_CenteredUnit.asset	4586f8f90eb8d9142b7b13004a95328e	RumbleSandstone	Elemental/Graphics V5/Rumble Rock Lit	d0239ba4c83ca2a4e8f8ebeea7e809c4	140	60.57
Earth Magic Runtime/Earth Platform 01/Platform Piece 21	V5_Physics_Boulder_04_CenteredUnit	Assets/Elemental/Content/GraphicsV5/Physics/V5_Physics_Boulder_04_CenteredUnit.asset	77b3da2cd22d6c64fb9a0a3d68769e71	RumbleSandstone	Elemental/Graphics V5/Rumble Rock Lit	d0239ba4c83ca2a4e8f8ebeea7e809c4	152	60.57
Earth Magic Runtime/Earth Platform 01/Platform Piece 22	V5_Physics_Boulder_05_CenteredUnit	Assets/Elemental/Content/GraphicsV5/Physics/V5_Physics_Boulder_05_CenteredUnit.asset	9458e42ababc9504f8929a3480df0061	RumbleSandstone	Elemental/Graphics V5/Rumble Rock Lit	d0239ba4c83ca2a4e8f8ebeea7e809c4	152	60.57
Earth Magic Runtime/Earth Platform 01/Platform Piece 23	V5_Physics_Boulder_06_CenteredUnit	Assets/Elemental/Content/GraphicsV5/Physics/V5_Physics_Boulder_06_CenteredUnit.asset	479fb44e71569d745848cc9b592b1d5e	RumbleSandstone	Elemental/Graphics V5/Rumble Rock Lit	d0239ba4c83ca2a4e8f8ebeea7e809c4	128	60.57
Earth Magic Runtime/Earth Platform 01/Platform Piece 24	V5_Physics_Boulder_07_CenteredUnit	Assets/Elemental/Content/GraphicsV5/Physics/V5_Physics_Boulder_07_CenteredUnit.asset	2d7c67f31bd7dce4bb75eb0e68552e86	RumbleSandstone	Elemental/Graphics V5/Rumble Rock Lit	d0239ba4c83ca2a4e8f8ebeea7e809c4	128	60.57
Earth Magic Runtime/Earth Platform 01/Platform Piece 25	V5_Physics_Boulder_00_CenteredUnit	Assets/Elemental/Content/GraphicsV5/Physics/V5_Physics_Boulder_00_CenteredUnit.asset	23ad7314d6415c2489a6043042c898cb	RumbleSandstone	Elemental/Graphics V5/Rumble Rock Lit	d0239ba4c83ca2a4e8f8ebeea7e809c4	164	60.57
Earth Magic Runtime/Earth Platform 01/Platform Piece 26	V5_Physics_Boulder_01_CenteredUnit	Assets/Elemental/Content/GraphicsV5/Physics/V5_Physics_Boulder_01_CenteredUnit.asset	e46e2e752a92f4445b9dff28264cc4ba	RumbleSandstone	Elemental/Graphics V5/Rumble Rock Lit	d0239ba4c83ca2a4e8f8ebeea7e809c4	140	60.57
Earth Magic Runtime/Earth Platform 01/Platform Piece 27	V5_Physics_Boulder_02_CenteredUnit	Assets/Elemental/Content/GraphicsV5/Physics/V5_Physics_Boulder_02_CenteredUnit.asset	8865e400055100a48b08f0300d227217	RumbleSandstone	Elemental/Graphics V5/Rumble Rock Lit	d0239ba4c83ca2a4e8f8ebeea7e809c4	128	60.57
Earth Magic Runtime/Earth Platform 01/Platform Piece 28	V5_Physics_Boulder_03_CenteredUnit	Assets/Elemental/Content/GraphicsV5/Physics/V5_Physics_Boulder_03_CenteredUnit.asset	4586f8f90eb8d9142b7b13004a95328e	RumbleSandstone	Elemental/Graphics V5/Rumble Rock Lit	d0239ba4c83ca2a4e8f8ebeea7e809c4	140	60.57
Earth Magic Runtime/Earth Platform 01/Platform Piece 29	V5_Physics_Boulder_04_CenteredUnit	Assets/Elemental/Content/GraphicsV5/Physics/V5_Physics_Boulder_04_CenteredUnit.asset	77b3da2cd22d6c64fb9a0a3d68769e71	RumbleSandstone	Elemental/Graphics V5/Rumble Rock Lit	d0239ba4c83ca2a4e8f8ebeea7e809c4	152	60.57
Earth Magic Runtime/Earth Platform 01/Platform Piece 30	V5_Physics_Boulder_05_CenteredUnit	Assets/Elemental/Content/GraphicsV5/Physics/V5_Physics_Boulder_05_CenteredUnit.asset	9458e42ababc9504f8929a3480df0061	RumbleSandstone	Elemental/Graphics V5/Rumble Rock Lit	d0239ba4c83ca2a4e8f8ebeea7e809c4	152	60.57
Earth Magic Runtime/Earth Platform 01/Platform Piece 31	V5_Physics_Boulder_06_CenteredUnit	Assets/Elemental/Content/GraphicsV5/Physics/V5_Physics_Boulder_06_CenteredUnit.asset	479fb44e71569d745848cc9b592b1d5e	RumbleSandstone	Elemental/Graphics V5/Rumble Rock Lit	d0239ba4c83ca2a4e8f8ebeea7e809c4	128	60.57
Earth Magic Runtime/Earth Platform 01/Platform Piece 32	V5_Physics_Boulder_07_CenteredUnit	Assets/Elemental/Content/GraphicsV5/Physics/V5_Physics_Boulder_07_CenteredUnit.asset	2d7c67f31bd7dce4bb75eb0e68552e86	RumbleSandstone	Elemental/Graphics V5/Rumble Rock Lit	d0239ba4c83ca2a4e8f8ebeea7e809c4	128	60.57
Earth Magic Runtime/Earth Platform 01/Platform Piece 33	V5_Physics_Boulder_00_CenteredUnit	Assets/Elemental/Content/GraphicsV5/Physics/V5_Physics_Boulder_00_CenteredUnit.asset	23ad7314d6415c2489a6043042c898cb	RumbleSandstone	Elemental/Graphics V5/Rumble Rock Lit	d0239ba4c83ca2a4e8f8ebeea7e809c4	164	60.57
Earth Magic Runtime/Earth Platform 01/Platform Piece 34	V5_Physics_Boulder_01_CenteredUnit	Assets/Elemental/Content/GraphicsV5/Physics/V5_Physics_Boulder_01_CenteredUnit.asset	e46e2e752a92f4445b9dff28264cc4ba	RumbleSandstone	Elemental/Graphics V5/Rumble Rock Lit	d0239ba4c83ca2a4e8f8ebeea7e809c4	140	60.57
Earth Magic Runtime/Earth Platform 01/Platform Piece 35	V5_Physics_Boulder_02_CenteredUnit	Assets/Elemental/Content/GraphicsV5/Physics/V5_Physics_Boulder_02_CenteredUnit.asset	8865e400055100a48b08f0300d227217	RumbleSandstone	Elemental/Graphics V5/Rumble Rock Lit	d0239ba4c83ca2a4e8f8ebeea7e809c4	128	60.57
Earth Magic Runtime/Earth Platform 01/Platform Piece 36	V5_Physics_Boulder_03_CenteredUnit	Assets/Elemental/Content/GraphicsV5/Physics/V5_Physics_Boulder_03_CenteredUnit.asset	4586f8f90eb8d9142b7b13004a95328e	RumbleSandstone	Elemental/Graphics V5/Rumble Rock Lit	d0239ba4c83ca2a4e8f8ebeea7e809c4	140	60.57
Earth Magic Runtime/Earth Platform 01/Platform Piece 37	V5_Physics_Boulder_04_CenteredUnit	Assets/Elemental/Content/GraphicsV5/Physics/V5_Physics_Boulder_04_CenteredUnit.asset	77b3da2cd22d6c64fb9a0a3d68769e71	RumbleSandstone	Elemental/Graphics V5/Rumble Rock Lit	d0239ba4c83ca2a4e8f8ebeea7e809c4	152	60.57
Earth Magic Runtime/Earth Platform 01/Platform Piece 38	V5_Physics_Boulder_05_CenteredUnit	Assets/Elemental/Content/GraphicsV5/Physics/V5_Physics_Boulder_05_CenteredUnit.asset	9458e42ababc9504f8929a3480df0061	RumbleSandstone	Elemental/Graphics V5/Rumble Rock Lit	d0239ba4c83ca2a4e8f8ebeea7e809c4	152	60.57
Earth Magic Runtime/Earth Platform 01/Platform Piece 39	V5_Physics_Boulder_06_CenteredUnit	Assets/Elemental/Content/GraphicsV5/Physics/V5_Physics_Boulder_06_CenteredUnit.asset	479fb44e71569d745848cc9b592b1d5e	RumbleSandstone	Elemental/Graphics V5/Rumble Rock Lit	d0239ba4c83ca2a4e8f8ebeea7e809c4	128	60.57
Earth Magic Runtime/Earth Platform 01/Platform Piece 40	V5_Physics_Boulder_07_CenteredUnit	Assets/Elemental/Content/GraphicsV5/Physics/V5_Physics_Boulder_07_CenteredUnit.asset	2d7c67f31bd7dce4bb75eb0e68552e86	RumbleSandstone	Elemental/Graphics V5/Rumble Rock Lit	d0239ba4c83ca2a4e8f8ebeea7e809c4	128	60.57
Earth Magic Runtime/Earth Platform 01/Platform Piece 41	V5_Physics_Boulder_00_CenteredUnit	Assets/Elemental/Content/GraphicsV5/Physics/V5_Physics_Boulder_00_CenteredUnit.asset	23ad7314d6415c2489a6043042c898cb	RumbleSandstone	Elemental/Graphics V5/Rumble Rock Lit	d0239ba4c83ca2a4e8f8ebeea7e809c4	164	60.57
Earth Magic Runtime/Earth Platform 01/Platform Piece 42	V5_Physics_Boulder_01_CenteredUnit	Assets/Elemental/Content/GraphicsV5/Physics/V5_Physics_Boulder_01_CenteredUnit.asset	e46e2e752a92f4445b9dff28264cc4ba	RumbleSandstone	Elemental/Graphics V5/Rumble Rock Lit	d0239ba4c83ca2a4e8f8ebeea7e809c4	140	60.57
Earth Magic Runtime/Earth Platform 01/Platform Piece 43	V5_Physics_Boulder_02_CenteredUnit	Assets/Elemental/Content/GraphicsV5/Physics/V5_Physics_Boulder_02_CenteredUnit.asset	8865e400055100a48b08f0300d227217	RumbleSandstone	Elemental/Graphics V5/Rumble Rock Lit	d0239ba4c83ca2a4e8f8ebeea7e809c4	128	60.57
Earth Magic Runtime/Earth Platform 01/Platform Piece 44	V5_Physics_Boulder_03_CenteredUnit	Assets/Elemental/Content/GraphicsV5/Physics/V5_Physics_Boulder_03_CenteredUnit.asset	4586f8f90eb8d9142b7b13004a95328e	RumbleSandstone	Elemental/Graphics V5/Rumble Rock Lit	d0239ba4c83ca2a4e8f8ebeea7e809c4	140	60.57
Earth Magic Runtime/Earth Platform 01/Platform Piece 45	V5_Physics_Boulder_04_CenteredUnit	Assets/Elemental/Content/GraphicsV5/Physics/V5_Physics_Boulder_04_CenteredUnit.asset	77b3da2cd22d6c64fb9a0a3d68769e71	RumbleSandstone	Elemental/Graphics V5/Rumble Rock Lit	d0239ba4c83ca2a4e8f8ebeea7e809c4	152	60.57
Earth Magic Runtime/Earth Platform 01/Platform Piece 46	V5_Physics_Boulder_05_CenteredUnit	Assets/Elemental/Content/GraphicsV5/Physics/V5_Physics_Boulder_05_CenteredUnit.asset	9458e42ababc9504f8929a3480df0061	RumbleSandstone	Elemental/Graphics V5/Rumble Rock Lit	d0239ba4c83ca2a4e8f8ebeea7e809c4	152	60.57
Earth Magic Runtime/Earth Platform 01/Platform Piece 47	V5_Physics_Boulder_06_CenteredUnit	Assets/Elemental/Content/GraphicsV5/Physics/V5_Physics_Boulder_06_CenteredUnit.asset	479fb44e71569d745848cc9b592b1d5e	RumbleSandstone	Elemental/Graphics V5/Rumble Rock Lit	d0239ba4c83ca2a4e8f8ebeea7e809c4	128	60.57
Earth Magic Runtime/Earth Platform 01/Platform Piece 48	V5_Physics_Boulder_07_CenteredUnit	Assets/Elemental/Content/GraphicsV5/Physics/V5_Physics_Boulder_07_CenteredUnit.asset	2d7c67f31bd7dce4bb75eb0e68552e86	RumbleSandstone	Elemental/Graphics V5/Rumble Rock Lit	d0239ba4c83ca2a4e8f8ebeea7e809c4	128	60.57
Earth Magic Runtime/Earth Platform 02	Runtime Earth Platform			RumbleSandstone	Elemental/Graphics V5/Rumble Rock Lit	d0239ba4c83ca2a4e8f8ebeea7e809c4	32	60.14
Earth Magic Runtime/Earth Platform 02/Platform Piece 01	V5_Physics_Boulder_00_CenteredUnit	Assets/Elemental/Content/GraphicsV5/Physics/V5_Physics_Boulder_00_CenteredUnit.asset	23ad7314d6415c2489a6043042c898cb	RumbleSandstone	Elemental/Graphics V5/Rumble Rock Lit	d0239ba4c83ca2a4e8f8ebeea7e809c4	164	60.57
Earth Magic Runtime/Earth Platform 02/Platform Piece 02	V5_Physics_Boulder_01_CenteredUnit	Assets/Elemental/Content/GraphicsV5/Physics/V5_Physics_Boulder_01_CenteredUnit.asset	e46e2e752a92f4445b9dff28264cc4ba	RumbleSandstone	Elemental/Graphics V5/Rumble Rock Lit	d0239ba4c83ca2a4e8f8ebeea7e809c4	140	60.57
Earth Magic Runtime/Earth Platform 02/Platform Piece 03	V5_Physics_Boulder_02_CenteredUnit	Assets/Elemental/Content/GraphicsV5/Physics/V5_Physics_Boulder_02_CenteredUnit.asset	8865e400055100a48b08f0300d227217	RumbleSandstone	Elemental/Graphics V5/Rumble Rock Lit	d0239ba4c83ca2a4e8f8ebeea7e809c4	128	60.57
Earth Magic Runtime/Earth Platform 02/Platform Piece 04	V5_Physics_Boulder_03_CenteredUnit	Assets/Elemental/Content/GraphicsV5/Physics/V5_Physics_Boulder_03_CenteredUnit.asset	4586f8f90eb8d9142b7b13004a95328e	RumbleSandstone	Elemental/Graphics V5/Rumble Rock Lit	d0239ba4c83ca2a4e8f8ebeea7e809c4	140	60.57
Earth Magic Runtime/Earth Platform 02/Platform Piece 05	V5_Physics_Boulder_04_CenteredUnit	Assets/Elemental/Content/GraphicsV5/Physics/V5_Physics_Boulder_04_CenteredUnit.asset	77b3da2cd22d6c64fb9a0a3d68769e71	RumbleSandstone	Elemental/Graphics V5/Rumble Rock Lit	d0239ba4c83ca2a4e8f8ebeea7e809c4	152	60.57
Earth Magic Runtime/Earth Platform 02/Platform Piece 06	V5_Physics_Boulder_05_CenteredUnit	Assets/Elemental/Content/GraphicsV5/Physics/V5_Physics_Boulder_05_CenteredUnit.asset	9458e42ababc9504f8929a3480df0061	RumbleSandstone	Elemental/Graphics V5/Rumble Rock Lit	d0239ba4c83ca2a4e8f8ebeea7e809c4	152	60.57
Earth Magic Runtime/Earth Platform 02/Platform Piece 07	V5_Physics_Boulder_06_CenteredUnit	Assets/Elemental/Content/GraphicsV5/Physics/V5_Physics_Boulder_06_CenteredUnit.asset	479fb44e71569d745848cc9b592b1d5e	RumbleSandstone	Elemental/Graphics V5/Rumble Rock Lit	d0239ba4c83ca2a4e8f8ebeea7e809c4	128	60.57
Earth Magic Runtime/Earth Platform 02/Platform Piece 08	V5_Physics_Boulder_07_CenteredUnit	Assets/Elemental/Content/GraphicsV5/Physics/V5_Physics_Boulder_07_CenteredUnit.asset	2d7c67f31bd7dce4bb75eb0e68552e86	RumbleSandstone	Elemental/Graphics V5/Rumble Rock Lit	d0239ba4c83ca2a4e8f8ebeea7e809c4	128	60.57
Earth Magic Runtime/Earth Platform 02/Platform Piece 09	V5_Physics_Boulder_00_CenteredUnit	Assets/Elemental/Content/GraphicsV5/Physics/V5_Physics_Boulder_00_CenteredUnit.asset	23ad7314d6415c2489a6043042c898cb	RumbleSandstone	Elemental/Graphics V5/Rumble Rock Lit	d0239ba4c83ca2a4e8f8ebeea7e809c4	164	60.57
Earth Magic Runtime/Earth Platform 02/Platform Piece 10	V5_Physics_Boulder_01_CenteredUnit	Assets/Elemental/Content/GraphicsV5/Physics/V5_Physics_Boulder_01_CenteredUnit.asset	e46e2e752a92f4445b9dff28264cc4ba	RumbleSandstone	Elemental/Graphics V5/Rumble Rock Lit	d0239ba4c83ca2a4e8f8ebeea7e809c4	140	60.57
Earth Magic Runtime/Earth Platform 02/Platform Piece 11	V5_Physics_Boulder_02_CenteredUnit	Assets/Elemental/Content/GraphicsV5/Physics/V5_Physics_Boulder_02_CenteredUnit.asset	8865e400055100a48b08f0300d227217	RumbleSandstone	Elemental/Graphics V5/Rumble Rock Lit	d0239ba4c83ca2a4e8f8ebeea7e809c4	128	60.57
Earth Magic Runtime/Earth Platform 02/Platform Piece 12	V5_Physics_Boulder_03_CenteredUnit	Assets/Elemental/Content/GraphicsV5/Physics/V5_Physics_Boulder_03_CenteredUnit.asset	4586f8f90eb8d9142b7b13004a95328e	RumbleSandstone	Elemental/Graphics V5/Rumble Rock Lit	d0239ba4c83ca2a4e8f8ebeea7e809c4	140	60.57
Earth Magic Runtime/Earth Platform 02/Platform Piece 13	V5_Physics_Boulder_04_CenteredUnit	Assets/Elemental/Content/GraphicsV5/Physics/V5_Physics_Boulder_04_CenteredUnit.asset	77b3da2cd22d6c64fb9a0a3d68769e71	RumbleSandstone	Elemental/Graphics V5/Rumble Rock Lit	d0239ba4c83ca2a4e8f8ebeea7e809c4	152	60.57
Earth Magic Runtime/Earth Platform 02/Platform Piece 14	V5_Physics_Boulder_05_CenteredUnit	Assets/Elemental/Content/GraphicsV5/Physics/V5_Physics_Boulder_05_CenteredUnit.asset	9458e42ababc9504f8929a3480df0061	RumbleSandstone	Elemental/Graphics V5/Rumble Rock Lit	d0239ba4c83ca2a4e8f8ebeea7e809c4	152	60.57
Earth Magic Runtime/Earth Platform 02/Platform Piece 15	V5_Physics_Boulder_06_CenteredUnit	Assets/Elemental/Content/GraphicsV5/Physics/V5_Physics_Boulder_06_CenteredUnit.asset	479fb44e71569d745848cc9b592b1d5e	RumbleSandstone	Elemental/Graphics V5/Rumble Rock Lit	d0239ba4c83ca2a4e8f8ebeea7e809c4	128	60.57
Earth Magic Runtime/Earth Platform 02/Platform Piece 16	V5_Physics_Boulder_07_CenteredUnit	Assets/Elemental/Content/GraphicsV5/Physics/V5_Physics_Boulder_07_CenteredUnit.asset	2d7c67f31bd7dce4bb75eb0e68552e86	RumbleSandstone	Elemental/Graphics V5/Rumble Rock Lit	d0239ba4c83ca2a4e8f8ebeea7e809c4	128	60.57
Earth Magic Runtime/Earth Platform 02/Platform Piece 17	V5_Physics_Boulder_00_CenteredUnit	Assets/Elemental/Content/GraphicsV5/Physics/V5_Physics_Boulder_00_CenteredUnit.asset	23ad7314d6415c2489a6043042c898cb	RumbleSandstone	Elemental/Graphics V5/Rumble Rock Lit	d0239ba4c83ca2a4e8f8ebeea7e809c4	164	60.57
Earth Magic Runtime/Earth Platform 02/Platform Piece 18	V5_Physics_Boulder_01_CenteredUnit	Assets/Elemental/Content/GraphicsV5/Physics/V5_Physics_Boulder_01_CenteredUnit.asset	e46e2e752a92f4445b9dff28264cc4ba	RumbleSandstone	Elemental/Graphics V5/Rumble Rock Lit	d0239ba4c83ca2a4e8f8ebeea7e809c4	140	60.57
Earth Magic Runtime/Earth Platform 02/Platform Piece 19	V5_Physics_Boulder_02_CenteredUnit	Assets/Elemental/Content/GraphicsV5/Physics/V5_Physics_Boulder_02_CenteredUnit.asset	8865e400055100a48b08f0300d227217	RumbleSandstone	Elemental/Graphics V5/Rumble Rock Lit	d0239ba4c83ca2a4e8f8ebeea7e809c4	128	60.57
Earth Magic Runtime/Earth Platform 02/Platform Piece 20	V5_Physics_Boulder_03_CenteredUnit	Assets/Elemental/Content/GraphicsV5/Physics/V5_Physics_Boulder_03_CenteredUnit.asset	4586f8f90eb8d9142b7b13004a95328e	RumbleSandstone	Elemental/Graphics V5/Rumble Rock Lit	d0239ba4c83ca2a4e8f8ebeea7e809c4	140	60.57
Earth Magic Runtime/Earth Platform 02/Platform Piece 21	V5_Physics_Boulder_04_CenteredUnit	Assets/Elemental/Content/GraphicsV5/Physics/V5_Physics_Boulder_04_CenteredUnit.asset	77b3da2cd22d6c64fb9a0a3d68769e71	RumbleSandstone	Elemental/Graphics V5/Rumble Rock Lit	d0239ba4c83ca2a4e8f8ebeea7e809c4	152	60.57
Earth Magic Runtime/Earth Platform 02/Platform Piece 22	V5_Physics_Boulder_05_CenteredUnit	Assets/Elemental/Content/GraphicsV5/Physics/V5_Physics_Boulder_05_CenteredUnit.asset	9458e42ababc9504f8929a3480df0061	RumbleSandstone	Elemental/Graphics V5/Rumble Rock Lit	d0239ba4c83ca2a4e8f8ebeea7e809c4	152	60.57
Earth Magic Runtime/Earth Platform 02/Platform Piece 23	V5_Physics_Boulder_06_CenteredUnit	Assets/Elemental/Content/GraphicsV5/Physics/V5_Physics_Boulder_06_CenteredUnit.asset	479fb44e71569d745848cc9b592b1d5e	RumbleSandstone	Elemental/Graphics V5/Rumble Rock Lit	d0239ba4c83ca2a4e8f8ebeea7e809c4	128	60.57
Earth Magic Runtime/Earth Platform 02/Platform Piece 24	V5_Physics_Boulder_07_CenteredUnit	Assets/Elemental/Content/GraphicsV5/Physics/V5_Physics_Boulder_07_CenteredUnit.asset	2d7c67f31bd7dce4bb75eb0e68552e86	RumbleSandstone	Elemental/Graphics V5/Rumble Rock Lit	d0239ba4c83ca2a4e8f8ebeea7e809c4	128	60.57
Earth Magic Runtime/Earth Platform 02/Platform Piece 25	V5_Physics_Boulder_00_CenteredUnit	Assets/Elemental/Content/GraphicsV5/Physics/V5_Physics_Boulder_00_CenteredUnit.asset	23ad7314d6415c2489a6043042c898cb	RumbleSandstone	Elemental/Graphics V5/Rumble Rock Lit	d0239ba4c83ca2a4e8f8ebeea7e809c4	164	60.57
Earth Magic Runtime/Earth Platform 02/Platform Piece 26	V5_Physics_Boulder_01_CenteredUnit	Assets/Elemental/Content/GraphicsV5/Physics/V5_Physics_Boulder_01_CenteredUnit.asset	e46e2e752a92f4445b9dff28264cc4ba	RumbleSandstone	Elemental/Graphics V5/Rumble Rock Lit	d0239ba4c83ca2a4e8f8ebeea7e809c4	140	60.57
Earth Magic Runtime/Earth Platform 02/Platform Piece 27	V5_Physics_Boulder_02_CenteredUnit	Assets/Elemental/Content/GraphicsV5/Physics/V5_Physics_Boulder_02_CenteredUnit.asset	8865e400055100a48b08f0300d227217	RumbleSandstone	Elemental/Graphics V5/Rumble Rock Lit	d0239ba4c83ca2a4e8f8ebeea7e809c4	128	60.57
Earth Magic Runtime/Earth Platform 02/Platform Piece 28	V5_Physics_Boulder_03_CenteredUnit	Assets/Elemental/Content/GraphicsV5/Physics/V5_Physics_Boulder_03_CenteredUnit.asset	4586f8f90eb8d9142b7b13004a95328e	RumbleSandstone	Elemental/Graphics V5/Rumble Rock Lit	d0239ba4c83ca2a4e8f8ebeea7e809c4	140	60.57
Earth Magic Runtime/Earth Platform 02/Platform Piece 29	V5_Physics_Boulder_04_CenteredUnit	Assets/Elemental/Content/GraphicsV5/Physics/V5_Physics_Boulder_04_CenteredUnit.asset	77b3da2cd22d6c64fb9a0a3d68769e71	RumbleSandstone	Elemental/Graphics V5/Rumble Rock Lit	d0239ba4c83ca2a4e8f8ebeea7e809c4	152	60.57
Earth Magic Runtime/Earth Platform 02/Platform Piece 30	V5_Physics_Boulder_05_CenteredUnit	Assets/Elemental/Content/GraphicsV5/Physics/V5_Physics_Boulder_05_CenteredUnit.asset	9458e42ababc9504f8929a3480df0061	RumbleSandstone	Elemental/Graphics V5/Rumble Rock Lit	d0239ba4c83ca2a4e8f8ebeea7e809c4	152	60.57
Earth Magic Runtime/Earth Platform 02/Platform Piece 31	V5_Physics_Boulder_06_CenteredUnit	Assets/Elemental/Content/GraphicsV5/Physics/V5_Physics_Boulder_06_CenteredUnit.asset	479fb44e71569d745848cc9b592b1d5e	RumbleSandstone	Elemental/Graphics V5/Rumble Rock Lit	d0239ba4c83ca2a4e8f8ebeea7e809c4	128	60.57
Earth Magic Runtime/Earth Platform 02/Platform Piece 32	V5_Physics_Boulder_07_CenteredUnit	Assets/Elemental/Content/GraphicsV5/Physics/V5_Physics_Boulder_07_CenteredUnit.asset	2d7c67f31bd7dce4bb75eb0e68552e86	RumbleSandstone	Elemental/Graphics V5/Rumble Rock Lit	d0239ba4c83ca2a4e8f8ebeea7e809c4	128	60.57
Earth Magic Runtime/Earth Platform 02/Platform Piece 33	V5_Physics_Boulder_00_CenteredUnit	Assets/Elemental/Content/GraphicsV5/Physics/V5_Physics_Boulder_00_CenteredUnit.asset	23ad7314d6415c2489a6043042c898cb	RumbleSandstone	Elemental/Graphics V5/Rumble Rock Lit	d0239ba4c83ca2a4e8f8ebeea7e809c4	164	60.57
Earth Magic Runtime/Earth Platform 02/Platform Piece 34	V5_Physics_Boulder_01_CenteredUnit	Assets/Elemental/Content/GraphicsV5/Physics/V5_Physics_Boulder_01_CenteredUnit.asset	e46e2e752a92f4445b9dff28264cc4ba	RumbleSandstone	Elemental/Graphics V5/Rumble Rock Lit	d0239ba4c83ca2a4e8f8ebeea7e809c4	140	60.57
Earth Magic Runtime/Earth Platform 02/Platform Piece 35	V5_Physics_Boulder_02_CenteredUnit	Assets/Elemental/Content/GraphicsV5/Physics/V5_Physics_Boulder_02_CenteredUnit.asset	8865e400055100a48b08f0300d227217	RumbleSandstone	Elemental/Graphics V5/Rumble Rock Lit	d0239ba4c83ca2a4e8f8ebeea7e809c4	128	60.57
Earth Magic Runtime/Earth Platform 02/Platform Piece 36	V5_Physics_Boulder_03_CenteredUnit	Assets/Elemental/Content/GraphicsV5/Physics/V5_Physics_Boulder_03_CenteredUnit.asset	4586f8f90eb8d9142b7b13004a95328e	RumbleSandstone	Elemental/Graphics V5/Rumble Rock Lit	d0239ba4c83ca2a4e8f8ebeea7e809c4	140	60.57
Earth Magic Runtime/Earth Platform 02/Platform Piece 37	V5_Physics_Boulder_04_CenteredUnit	Assets/Elemental/Content/GraphicsV5/Physics/V5_Physics_Boulder_04_CenteredUnit.asset	77b3da2cd22d6c64fb9a0a3d68769e71	RumbleSandstone	Elemental/Graphics V5/Rumble Rock Lit	d0239ba4c83ca2a4e8f8ebeea7e809c4	152	60.57
Earth Magic Runtime/Earth Platform 02/Platform Piece 38	V5_Physics_Boulder_05_CenteredUnit	Assets/Elemental/Content/GraphicsV5/Physics/V5_Physics_Boulder_05_CenteredUnit.asset	9458e42ababc9504f8929a3480df0061	RumbleSandstone	Elemental/Graphics V5/Rumble Rock Lit	d0239ba4c83ca2a4e8f8ebeea7e809c4	152	60.57
Earth Magic Runtime/Earth Platform 02/Platform Piece 39	V5_Physics_Boulder_06_CenteredUnit	Assets/Elemental/Content/GraphicsV5/Physics/V5_Physics_Boulder_06_CenteredUnit.asset	479fb44e71569d745848cc9b592b1d5e	RumbleSandstone	Elemental/Graphics V5/Rumble Rock Lit	d0239ba4c83ca2a4e8f8ebeea7e809c4	128	60.57
Earth Magic Runtime/Earth Platform 02/Platform Piece 40	V5_Physics_Boulder_07_CenteredUnit	Assets/Elemental/Content/GraphicsV5/Physics/V5_Physics_Boulder_07_CenteredUnit.asset	2d7c67f31bd7dce4bb75eb0e68552e86	RumbleSandstone	Elemental/Graphics V5/Rumble Rock Lit	d0239ba4c83ca2a4e8f8ebeea7e809c4	128	60.57
Earth Magic Runtime/Earth Platform 02/Platform Piece 41	V5_Physics_Boulder_00_CenteredUnit	Assets/Elemental/Content/GraphicsV5/Physics/V5_Physics_Boulder_00_CenteredUnit.asset	23ad7314d6415c2489a6043042c898cb	RumbleSandstone	Elemental/Graphics V5/Rumble Rock Lit	d0239ba4c83ca2a4e8f8ebeea7e809c4	164	60.57
Earth Magic Runtime/Earth Platform 02/Platform Piece 42	V5_Physics_Boulder_01_CenteredUnit	Assets/Elemental/Content/GraphicsV5/Physics/V5_Physics_Boulder_01_CenteredUnit.asset	e46e2e752a92f4445b9dff28264cc4ba	RumbleSandstone	Elemental/Graphics V5/Rumble Rock Lit	d0239ba4c83ca2a4e8f8ebeea7e809c4	140	60.57
Earth Magic Runtime/Earth Platform 02/Platform Piece 43	V5_Physics_Boulder_02_CenteredUnit	Assets/Elemental/Content/GraphicsV5/Physics/V5_Physics_Boulder_02_CenteredUnit.asset	8865e400055100a48b08f0300d227217	RumbleSandstone	Elemental/Graphics V5/Rumble Rock Lit	d0239ba4c83ca2a4e8f8ebeea7e809c4	128	60.57
Earth Magic Runtime/Earth Platform 02/Platform Piece 44	V5_Physics_Boulder_03_CenteredUnit	Assets/Elemental/Content/GraphicsV5/Physics/V5_Physics_Boulder_03_CenteredUnit.asset	4586f8f90eb8d9142b7b13004a95328e	RumbleSandstone	Elemental/Graphics V5/Rumble Rock Lit	d0239ba4c83ca2a4e8f8ebeea7e809c4	140	60.57
Earth Magic Runtime/Earth Platform 02/Platform Piece 45	V5_Physics_Boulder_04_CenteredUnit	Assets/Elemental/Content/GraphicsV5/Physics/V5_Physics_Boulder_04_CenteredUnit.asset	77b3da2cd22d6c64fb9a0a3d68769e71	RumbleSandstone	Elemental/Graphics V5/Rumble Rock Lit	d0239ba4c83ca2a4e8f8ebeea7e809c4	152	60.57
Earth Magic Runtime/Earth Platform 02/Platform Piece 46	V5_Physics_Boulder_05_CenteredUnit	Assets/Elemental/Content/GraphicsV5/Physics/V5_Physics_Boulder_05_CenteredUnit.asset	9458e42ababc9504f8929a3480df0061	RumbleSandstone	Elemental/Graphics V5/Rumble Rock Lit	d0239ba4c83ca2a4e8f8ebeea7e809c4	152	60.57
Earth Magic Runtime/Earth Platform 02/Platform Piece 47	V5_Physics_Boulder_06_CenteredUnit	Assets/Elemental/Content/GraphicsV5/Physics/V5_Physics_Boulder_06_CenteredUnit.asset	479fb44e71569d745848cc9b592b1d5e	RumbleSandstone	Elemental/Graphics V5/Rumble Rock Lit	d0239ba4c83ca2a4e8f8ebeea7e809c4	128	60.57
Earth Magic Runtime/Earth Platform 02/Platform Piece 48	V5_Physics_Boulder_07_CenteredUnit	Assets/Elemental/Content/GraphicsV5/Physics/V5_Physics_Boulder_07_CenteredUnit.asset	2d7c67f31bd7dce4bb75eb0e68552e86	RumbleSandstone	Elemental/Graphics V5/Rumble Rock Lit	d0239ba4c83ca2a4e8f8ebeea7e809c4	128	60.57
Earth Magic Runtime/Earth Platform 03	Runtime Earth Platform			RumbleSandstone	Elemental/Graphics V5/Rumble Rock Lit	d0239ba4c83ca2a4e8f8ebeea7e809c4	32	60.14
Earth Magic Runtime/Earth Platform 03/Platform Piece 01	V5_Physics_Boulder_00_CenteredUnit	Assets/Elemental/Content/GraphicsV5/Physics/V5_Physics_Boulder_00_CenteredUnit.asset	23ad7314d6415c2489a6043042c898cb	RumbleSandstone	Elemental/Graphics V5/Rumble Rock Lit	d0239ba4c83ca2a4e8f8ebeea7e809c4	164	60.57
Earth Magic Runtime/Earth Platform 03/Platform Piece 02	V5_Physics_Boulder_01_CenteredUnit	Assets/Elemental/Content/GraphicsV5/Physics/V5_Physics_Boulder_01_CenteredUnit.asset	e46e2e752a92f4445b9dff28264cc4ba	RumbleSandstone	Elemental/Graphics V5/Rumble Rock Lit	d0239ba4c83ca2a4e8f8ebeea7e809c4	140	60.57
Earth Magic Runtime/Earth Platform 03/Platform Piece 03	V5_Physics_Boulder_02_CenteredUnit	Assets/Elemental/Content/GraphicsV5/Physics/V5_Physics_Boulder_02_CenteredUnit.asset	8865e400055100a48b08f0300d227217	RumbleSandstone	Elemental/Graphics V5/Rumble Rock Lit	d0239ba4c83ca2a4e8f8ebeea7e809c4	128	60.57
Earth Magic Runtime/Earth Platform 03/Platform Piece 04	V5_Physics_Boulder_03_CenteredUnit	Assets/Elemental/Content/GraphicsV5/Physics/V5_Physics_Boulder_03_CenteredUnit.asset	4586f8f90eb8d9142b7b13004a95328e	RumbleSandstone	Elemental/Graphics V5/Rumble Rock Lit	d0239ba4c83ca2a4e8f8ebeea7e809c4	140	60.57
Earth Magic Runtime/Earth Platform 03/Platform Piece 05	V5_Physics_Boulder_04_CenteredUnit	Assets/Elemental/Content/GraphicsV5/Physics/V5_Physics_Boulder_04_CenteredUnit.asset	77b3da2cd22d6c64fb9a0a3d68769e71	RumbleSandstone	Elemental/Graphics V5/Rumble Rock Lit	d0239ba4c83ca2a4e8f8ebeea7e809c4	152	60.57
Earth Magic Runtime/Earth Platform 03/Platform Piece 06	V5_Physics_Boulder_05_CenteredUnit	Assets/Elemental/Content/GraphicsV5/Physics/V5_Physics_Boulder_05_CenteredUnit.asset	9458e42ababc9504f8929a3480df0061	RumbleSandstone	Elemental/Graphics V5/Rumble Rock Lit	d0239ba4c83ca2a4e8f8ebeea7e809c4	152	60.57
Earth Magic Runtime/Earth Platform 03/Platform Piece 07	V5_Physics_Boulder_06_CenteredUnit	Assets/Elemental/Content/GraphicsV5/Physics/V5_Physics_Boulder_06_CenteredUnit.asset	479fb44e71569d745848cc9b592b1d5e	RumbleSandstone	Elemental/Graphics V5/Rumble Rock Lit	d0239ba4c83ca2a4e8f8ebeea7e809c4	128	60.57
Earth Magic Runtime/Earth Platform 03/Platform Piece 08	V5_Physics_Boulder_07_CenteredUnit	Assets/Elemental/Content/GraphicsV5/Physics/V5_Physics_Boulder_07_CenteredUnit.asset	2d7c67f31bd7dce4bb75eb0e68552e86	RumbleSandstone	Elemental/Graphics V5/Rumble Rock Lit	d0239ba4c83ca2a4e8f8ebeea7e809c4	128	60.57
Earth Magic Runtime/Earth Platform 03/Platform Piece 09	V5_Physics_Boulder_00_CenteredUnit	Assets/Elemental/Content/GraphicsV5/Physics/V5_Physics_Boulder_00_CenteredUnit.asset	23ad7314d6415c2489a6043042c898cb	RumbleSandstone	Elemental/Graphics V5/Rumble Rock Lit	d0239ba4c83ca2a4e8f8ebeea7e809c4	164	60.57
Earth Magic Runtime/Earth Platform 03/Platform Piece 10	V5_Physics_Boulder_01_CenteredUnit	Assets/Elemental/Content/GraphicsV5/Physics/V5_Physics_Boulder_01_CenteredUnit.asset	e46e2e752a92f4445b9dff28264cc4ba	RumbleSandstone	Elemental/Graphics V5/Rumble Rock Lit	d0239ba4c83ca2a4e8f8ebeea7e809c4	140	60.57
Earth Magic Runtime/Earth Platform 03/Platform Piece 11	V5_Physics_Boulder_02_CenteredUnit	Assets/Elemental/Content/GraphicsV5/Physics/V5_Physics_Boulder_02_CenteredUnit.asset	8865e400055100a48b08f0300d227217	RumbleSandstone	Elemental/Graphics V5/Rumble Rock Lit	d0239ba4c83ca2a4e8f8ebeea7e809c4	128	60.57
Earth Magic Runtime/Earth Platform 03/Platform Piece 12	V5_Physics_Boulder_03_CenteredUnit	Assets/Elemental/Content/GraphicsV5/Physics/V5_Physics_Boulder_03_CenteredUnit.asset	4586f8f90eb8d9142b7b13004a95328e	RumbleSandstone	Elemental/Graphics V5/Rumble Rock Lit	d0239ba4c83ca2a4e8f8ebeea7e809c4	140	60.57
Earth Magic Runtime/Earth Platform 03/Platform Piece 13	V5_Physics_Boulder_04_CenteredUnit	Assets/Elemental/Content/GraphicsV5/Physics/V5_Physics_Boulder_04_CenteredUnit.asset	77b3da2cd22d6c64fb9a0a3d68769e71	RumbleSandstone	Elemental/Graphics V5/Rumble Rock Lit	d0239ba4c83ca2a4e8f8ebeea7e809c4	152	60.57
Earth Magic Runtime/Earth Platform 03/Platform Piece 14	V5_Physics_Boulder_05_CenteredUnit	Assets/Elemental/Content/GraphicsV5/Physics/V5_Physics_Boulder_05_CenteredUnit.asset	9458e42ababc9504f8929a3480df0061	RumbleSandstone	Elemental/Graphics V5/Rumble Rock Lit	d0239ba4c83ca2a4e8f8ebeea7e809c4	152	60.57
Earth Magic Runtime/Earth Platform 03/Platform Piece 15	V5_Physics_Boulder_06_CenteredUnit	Assets/Elemental/Content/GraphicsV5/Physics/V5_Physics_Boulder_06_CenteredUnit.asset	479fb44e71569d745848cc9b592b1d5e	RumbleSandstone	Elemental/Graphics V5/Rumble Rock Lit	d0239ba4c83ca2a4e8f8ebeea7e809c4	128	60.57
Earth Magic Runtime/Earth Platform 03/Platform Piece 16	V5_Physics_Boulder_07_CenteredUnit	Assets/Elemental/Content/GraphicsV5/Physics/V5_Physics_Boulder_07_CenteredUnit.asset	2d7c67f31bd7dce4bb75eb0e68552e86	RumbleSandstone	Elemental/Graphics V5/Rumble Rock Lit	d0239ba4c83ca2a4e8f8ebeea7e809c4	128	60.57
Earth Magic Runtime/Earth Platform 03/Platform Piece 17	V5_Physics_Boulder_00_CenteredUnit	Assets/Elemental/Content/GraphicsV5/Physics/V5_Physics_Boulder_00_CenteredUnit.asset	23ad7314d6415c2489a6043042c898cb	RumbleSandstone	Elemental/Graphics V5/Rumble Rock Lit	d0239ba4c83ca2a4e8f8ebeea7e809c4	164	60.57
Earth Magic Runtime/Earth Platform 03/Platform Piece 18	V5_Physics_Boulder_01_CenteredUnit	Assets/Elemental/Content/GraphicsV5/Physics/V5_Physics_Boulder_01_CenteredUnit.asset	e46e2e752a92f4445b9dff28264cc4ba	RumbleSandstone	Elemental/Graphics V5/Rumble Rock Lit	d0239ba4c83ca2a4e8f8ebeea7e809c4	140	60.57
Earth Magic Runtime/Earth Platform 03/Platform Piece 19	V5_Physics_Boulder_02_CenteredUnit	Assets/Elemental/Content/GraphicsV5/Physics/V5_Physics_Boulder_02_CenteredUnit.asset	8865e400055100a48b08f0300d227217	RumbleSandstone	Elemental/Graphics V5/Rumble Rock Lit	d0239ba4c83ca2a4e8f8ebeea7e809c4	128	60.57
Earth Magic Runtime/Earth Platform 03/Platform Piece 20	V5_Physics_Boulder_03_CenteredUnit	Assets/Elemental/Content/GraphicsV5/Physics/V5_Physics_Boulder_03_CenteredUnit.asset	4586f8f90eb8d9142b7b13004a95328e	RumbleSandstone	Elemental/Graphics V5/Rumble Rock Lit	d0239ba4c83ca2a4e8f8ebeea7e809c4	140	60.57
Earth Magic Runtime/Earth Platform 03/Platform Piece 21	V5_Physics_Boulder_04_CenteredUnit	Assets/Elemental/Content/GraphicsV5/Physics/V5_Physics_Boulder_04_CenteredUnit.asset	77b3da2cd22d6c64fb9a0a3d68769e71	RumbleSandstone	Elemental/Graphics V5/Rumble Rock Lit	d0239ba4c83ca2a4e8f8ebeea7e809c4	152	60.57
Earth Magic Runtime/Earth Platform 03/Platform Piece 22	V5_Physics_Boulder_05_CenteredUnit	Assets/Elemental/Content/GraphicsV5/Physics/V5_Physics_Boulder_05_CenteredUnit.asset	9458e42ababc9504f8929a3480df0061	RumbleSandstone	Elemental/Graphics V5/Rumble Rock Lit	d0239ba4c83ca2a4e8f8ebeea7e809c4	152	60.57
Earth Magic Runtime/Earth Platform 03/Platform Piece 23	V5_Physics_Boulder_06_CenteredUnit	Assets/Elemental/Content/GraphicsV5/Physics/V5_Physics_Boulder_06_CenteredUnit.asset	479fb44e71569d745848cc9b592b1d5e	RumbleSandstone	Elemental/Graphics V5/Rumble Rock Lit	d0239ba4c83ca2a4e8f8ebeea7e809c4	128	60.57
Earth Magic Runtime/Earth Platform 03/Platform Piece 24	V5_Physics_Boulder_07_CenteredUnit	Assets/Elemental/Content/GraphicsV5/Physics/V5_Physics_Boulder_07_CenteredUnit.asset	2d7c67f31bd7dce4bb75eb0e68552e86	RumbleSandstone	Elemental/Graphics V5/Rumble Rock Lit	d0239ba4c83ca2a4e8f8ebeea7e809c4	128	60.57
Earth Magic Runtime/Earth Platform 03/Platform Piece 25	V5_Physics_Boulder_00_CenteredUnit	Assets/Elemental/Content/GraphicsV5/Physics/V5_Physics_Boulder_00_CenteredUnit.asset	23ad7314d6415c2489a6043042c898cb	RumbleSandstone	Elemental/Graphics V5/Rumble Rock Lit	d0239ba4c83ca2a4e8f8ebeea7e809c4	164	60.57
Earth Magic Runtime/Earth Platform 03/Platform Piece 26	V5_Physics_Boulder_01_CenteredUnit	Assets/Elemental/Content/GraphicsV5/Physics/V5_Physics_Boulder_01_CenteredUnit.asset	e46e2e752a92f4445b9dff28264cc4ba	RumbleSandstone	Elemental/Graphics V5/Rumble Rock Lit	d0239ba4c83ca2a4e8f8ebeea7e809c4	140	60.57
Earth Magic Runtime/Earth Platform 03/Platform Piece 27	V5_Physics_Boulder_02_CenteredUnit	Assets/Elemental/Content/GraphicsV5/Physics/V5_Physics_Boulder_02_CenteredUnit.asset	8865e400055100a48b08f0300d227217	RumbleSandstone	Elemental/Graphics V5/Rumble Rock Lit	d0239ba4c83ca2a4e8f8ebeea7e809c4	128	60.57
Earth Magic Runtime/Earth Platform 03/Platform Piece 28	V5_Physics_Boulder_03_CenteredUnit	Assets/Elemental/Content/GraphicsV5/Physics/V5_Physics_Boulder_03_CenteredUnit.asset	4586f8f90eb8d9142b7b13004a95328e	RumbleSandstone	Elemental/Graphics V5/Rumble Rock Lit	d0239ba4c83ca2a4e8f8ebeea7e809c4	140	60.57
Earth Magic Runtime/Earth Platform 03/Platform Piece 29	V5_Physics_Boulder_04_CenteredUnit	Assets/Elemental/Content/GraphicsV5/Physics/V5_Physics_Boulder_04_CenteredUnit.asset	77b3da2cd22d6c64fb9a0a3d68769e71	RumbleSandstone	Elemental/Graphics V5/Rumble Rock Lit	d0239ba4c83ca2a4e8f8ebeea7e809c4	152	60.57
Earth Magic Runtime/Earth Platform 03/Platform Piece 30	V5_Physics_Boulder_05_CenteredUnit	Assets/Elemental/Content/GraphicsV5/Physics/V5_Physics_Boulder_05_CenteredUnit.asset	9458e42ababc9504f8929a3480df0061	RumbleSandstone	Elemental/Graphics V5/Rumble Rock Lit	d0239ba4c83ca2a4e8f8ebeea7e809c4	152	60.57
Earth Magic Runtime/Earth Platform 03/Platform Piece 31	V5_Physics_Boulder_06_CenteredUnit	Assets/Elemental/Content/GraphicsV5/Physics/V5_Physics_Boulder_06_CenteredUnit.asset	479fb44e71569d745848cc9b592b1d5e	RumbleSandstone	Elemental/Graphics V5/Rumble Rock Lit	d0239ba4c83ca2a4e8f8ebeea7e809c4	128	60.57
Earth Magic Runtime/Earth Platform 03/Platform Piece 32	V5_Physics_Boulder_07_CenteredUnit	Assets/Elemental/Content/GraphicsV5/Physics/V5_Physics_Boulder_07_CenteredUnit.asset	2d7c67f31bd7dce4bb75eb0e68552e86	RumbleSandstone	Elemental/Graphics V5/Rumble Rock Lit	d0239ba4c83ca2a4e8f8ebeea7e809c4	128	60.57
Earth Magic Runtime/Earth Platform 03/Platform Piece 33	V5_Physics_Boulder_00_CenteredUnit	Assets/Elemental/Content/GraphicsV5/Physics/V5_Physics_Boulder_00_CenteredUnit.asset	23ad7314d6415c2489a6043042c898cb	RumbleSandstone	Elemental/Graphics V5/Rumble Rock Lit	d0239ba4c83ca2a4e8f8ebeea7e809c4	164	60.57
Earth Magic Runtime/Earth Platform 03/Platform Piece 34	V5_Physics_Boulder_01_CenteredUnit	Assets/Elemental/Content/GraphicsV5/Physics/V5_Physics_Boulder_01_CenteredUnit.asset	e46e2e752a92f4445b9dff28264cc4ba	RumbleSandstone	Elemental/Graphics V5/Rumble Rock Lit	d0239ba4c83ca2a4e8f8ebeea7e809c4	140	60.57
Earth Magic Runtime/Earth Platform 03/Platform Piece 35	V5_Physics_Boulder_02_CenteredUnit	Assets/Elemental/Content/GraphicsV5/Physics/V5_Physics_Boulder_02_CenteredUnit.asset	8865e400055100a48b08f0300d227217	RumbleSandstone	Elemental/Graphics V5/Rumble Rock Lit	d0239ba4c83ca2a4e8f8ebeea7e809c4	128	60.57
Earth Magic Runtime/Earth Platform 03/Platform Piece 36	V5_Physics_Boulder_03_CenteredUnit	Assets/Elemental/Content/GraphicsV5/Physics/V5_Physics_Boulder_03_CenteredUnit.asset	4586f8f90eb8d9142b7b13004a95328e	RumbleSandstone	Elemental/Graphics V5/Rumble Rock Lit	d0239ba4c83ca2a4e8f8ebeea7e809c4	140	60.57
Earth Magic Runtime/Earth Platform 03/Platform Piece 37	V5_Physics_Boulder_04_CenteredUnit	Assets/Elemental/Content/GraphicsV5/Physics/V5_Physics_Boulder_04_CenteredUnit.asset	77b3da2cd22d6c64fb9a0a3d68769e71	RumbleSandstone	Elemental/Graphics V5/Rumble Rock Lit	d0239ba4c83ca2a4e8f8ebeea7e809c4	152	60.57
Earth Magic Runtime/Earth Platform 03/Platform Piece 38	V5_Physics_Boulder_05_CenteredUnit	Assets/Elemental/Content/GraphicsV5/Physics/V5_Physics_Boulder_05_CenteredUnit.asset	9458e42ababc9504f8929a3480df0061	RumbleSandstone	Elemental/Graphics V5/Rumble Rock Lit	d0239ba4c83ca2a4e8f8ebeea7e809c4	152	60.57
Earth Magic Runtime/Earth Platform 03/Platform Piece 39	V5_Physics_Boulder_06_CenteredUnit	Assets/Elemental/Content/GraphicsV5/Physics/V5_Physics_Boulder_06_CenteredUnit.asset	479fb44e71569d745848cc9b592b1d5e	RumbleSandstone	Elemental/Graphics V5/Rumble Rock Lit	d0239ba4c83ca2a4e8f8ebeea7e809c4	128	60.57
Earth Magic Runtime/Earth Platform 03/Platform Piece 40	V5_Physics_Boulder_07_CenteredUnit	Assets/Elemental/Content/GraphicsV5/Physics/V5_Physics_Boulder_07_CenteredUnit.asset	2d7c67f31bd7dce4bb75eb0e68552e86	RumbleSandstone	Elemental/Graphics V5/Rumble Rock Lit	d0239ba4c83ca2a4e8f8ebeea7e809c4	128	60.57
Earth Magic Runtime/Earth Platform 03/Platform Piece 41	V5_Physics_Boulder_00_CenteredUnit	Assets/Elemental/Content/GraphicsV5/Physics/V5_Physics_Boulder_00_CenteredUnit.asset	23ad7314d6415c2489a6043042c898cb	RumbleSandstone	Elemental/Graphics V5/Rumble Rock Lit	d0239ba4c83ca2a4e8f8ebeea7e809c4	164	60.57
Earth Magic Runtime/Earth Platform 03/Platform Piece 42	V5_Physics_Boulder_01_CenteredUnit	Assets/Elemental/Content/GraphicsV5/Physics/V5_Physics_Boulder_01_CenteredUnit.asset	e46e2e752a92f4445b9dff28264cc4ba	RumbleSandstone	Elemental/Graphics V5/Rumble Rock Lit	d0239ba4c83ca2a4e8f8ebeea7e809c4	140	60.57
Earth Magic Runtime/Earth Platform 03/Platform Piece 43	V5_Physics_Boulder_02_CenteredUnit	Assets/Elemental/Content/GraphicsV5/Physics/V5_Physics_Boulder_02_CenteredUnit.asset	8865e400055100a48b08f0300d227217	RumbleSandstone	Elemental/Graphics V5/Rumble Rock Lit	d0239ba4c83ca2a4e8f8ebeea7e809c4	128	60.57
Earth Magic Runtime/Earth Platform 03/Platform Piece 44	V5_Physics_Boulder_03_CenteredUnit	Assets/Elemental/Content/GraphicsV5/Physics/V5_Physics_Boulder_03_CenteredUnit.asset	4586f8f90eb8d9142b7b13004a95328e	RumbleSandstone	Elemental/Graphics V5/Rumble Rock Lit	d0239ba4c83ca2a4e8f8ebeea7e809c4	140	60.57
Earth Magic Runtime/Earth Platform 03/Platform Piece 45	V5_Physics_Boulder_04_CenteredUnit	Assets/Elemental/Content/GraphicsV5/Physics/V5_Physics_Boulder_04_CenteredUnit.asset	77b3da2cd22d6c64fb9a0a3d68769e71	RumbleSandstone	Elemental/Graphics V5/Rumble Rock Lit	d0239ba4c83ca2a4e8f8ebeea7e809c4	152	60.57
Earth Magic Runtime/Earth Platform 03/Platform Piece 46	V5_Physics_Boulder_05_CenteredUnit	Assets/Elemental/Content/GraphicsV5/Physics/V5_Physics_Boulder_05_CenteredUnit.asset	9458e42ababc9504f8929a3480df0061	RumbleSandstone	Elemental/Graphics V5/Rumble Rock Lit	d0239ba4c83ca2a4e8f8ebeea7e809c4	152	60.57
Earth Magic Runtime/Earth Platform 03/Platform Piece 47	V5_Physics_Boulder_06_CenteredUnit	Assets/Elemental/Content/GraphicsV5/Physics/V5_Physics_Boulder_06_CenteredUnit.asset	479fb44e71569d745848cc9b592b1d5e	RumbleSandstone	Elemental/Graphics V5/Rumble Rock Lit	d0239ba4c83ca2a4e8f8ebeea7e809c4	128	60.57
Earth Magic Runtime/Earth Platform 03/Platform Piece 48	V5_Physics_Boulder_07_CenteredUnit	Assets/Elemental/Content/GraphicsV5/Physics/V5_Physics_Boulder_07_CenteredUnit.asset	2d7c67f31bd7dce4bb75eb0e68552e86	RumbleSandstone	Elemental/Graphics V5/Rumble Rock Lit	d0239ba4c83ca2a4e8f8ebeea7e809c4	128	60.57
Earth Magic Runtime/Earth Platform 05	Runtime Earth Platform			RumbleSandstone	Elemental/Graphics V5/Rumble Rock Lit	d0239ba4c83ca2a4e8f8ebeea7e809c4	32	60.14
Earth Magic Runtime/Earth Platform 05/Platform Piece 01	V5_Physics_Boulder_00_CenteredUnit	Assets/Elemental/Content/GraphicsV5/Physics/V5_Physics_Boulder_00_CenteredUnit.asset	23ad7314d6415c2489a6043042c898cb	RumbleSandstone	Elemental/Graphics V5/Rumble Rock Lit	d0239ba4c83ca2a4e8f8ebeea7e809c4	164	60.57
Earth Magic Runtime/Earth Platform 05/Platform Piece 02	V5_Physics_Boulder_01_CenteredUnit	Assets/Elemental/Content/GraphicsV5/Physics/V5_Physics_Boulder_01_CenteredUnit.asset	e46e2e752a92f4445b9dff28264cc4ba	RumbleSandstone	Elemental/Graphics V5/Rumble Rock Lit	d0239ba4c83ca2a4e8f8ebeea7e809c4	140	60.57
Earth Magic Runtime/Earth Platform 05/Platform Piece 03	V5_Physics_Boulder_02_CenteredUnit	Assets/Elemental/Content/GraphicsV5/Physics/V5_Physics_Boulder_02_CenteredUnit.asset	8865e400055100a48b08f0300d227217	RumbleSandstone	Elemental/Graphics V5/Rumble Rock Lit	d0239ba4c83ca2a4e8f8ebeea7e809c4	128	60.57
Earth Magic Runtime/Earth Platform 05/Platform Piece 04	V5_Physics_Boulder_03_CenteredUnit	Assets/Elemental/Content/GraphicsV5/Physics/V5_Physics_Boulder_03_CenteredUnit.asset	4586f8f90eb8d9142b7b13004a95328e	RumbleSandstone	Elemental/Graphics V5/Rumble Rock Lit	d0239ba4c83ca2a4e8f8ebeea7e809c4	140	60.57
Earth Magic Runtime/Earth Platform 05/Platform Piece 05	V5_Physics_Boulder_04_CenteredUnit	Assets/Elemental/Content/GraphicsV5/Physics/V5_Physics_Boulder_04_CenteredUnit.asset	77b3da2cd22d6c64fb9a0a3d68769e71	RumbleSandstone	Elemental/Graphics V5/Rumble Rock Lit	d0239ba4c83ca2a4e8f8ebeea7e809c4	152	60.57
Earth Magic Runtime/Earth Platform 05/Platform Piece 06	V5_Physics_Boulder_05_CenteredUnit	Assets/Elemental/Content/GraphicsV5/Physics/V5_Physics_Boulder_05_CenteredUnit.asset	9458e42ababc9504f8929a3480df0061	RumbleSandstone	Elemental/Graphics V5/Rumble Rock Lit	d0239ba4c83ca2a4e8f8ebeea7e809c4	152	60.57
Earth Magic Runtime/Earth Platform 05/Platform Piece 07	V5_Physics_Boulder_06_CenteredUnit	Assets/Elemental/Content/GraphicsV5/Physics/V5_Physics_Boulder_06_CenteredUnit.asset	479fb44e71569d745848cc9b592b1d5e	RumbleSandstone	Elemental/Graphics V5/Rumble Rock Lit	d0239ba4c83ca2a4e8f8ebeea7e809c4	128	60.57
Earth Magic Runtime/Earth Platform 05/Platform Piece 08	V5_Physics_Boulder_07_CenteredUnit	Assets/Elemental/Content/GraphicsV5/Physics/V5_Physics_Boulder_07_CenteredUnit.asset	2d7c67f31bd7dce4bb75eb0e68552e86	RumbleSandstone	Elemental/Graphics V5/Rumble Rock Lit	d0239ba4c83ca2a4e8f8ebeea7e809c4	128	60.57
Earth Magic Runtime/Earth Platform 05/Platform Piece 09	V5_Physics_Boulder_00_CenteredUnit	Assets/Elemental/Content/GraphicsV5/Physics/V5_Physics_Boulder_00_CenteredUnit.asset	23ad7314d6415c2489a6043042c898cb	RumbleSandstone	Elemental/Graphics V5/Rumble Rock Lit	d0239ba4c83ca2a4e8f8ebeea7e809c4	164	60.57
Earth Magic Runtime/Earth Platform 05/Platform Piece 10	V5_Physics_Boulder_01_CenteredUnit	Assets/Elemental/Content/GraphicsV5/Physics/V5_Physics_Boulder_01_CenteredUnit.asset	e46e2e752a92f4445b9dff28264cc4ba	RumbleSandstone	Elemental/Graphics V5/Rumble Rock Lit	d0239ba4c83ca2a4e8f8ebeea7e809c4	140	60.57
Earth Magic Runtime/Earth Platform 05/Platform Piece 11	V5_Physics_Boulder_02_CenteredUnit	Assets/Elemental/Content/GraphicsV5/Physics/V5_Physics_Boulder_02_CenteredUnit.asset	8865e400055100a48b08f0300d227217	RumbleSandstone	Elemental/Graphics V5/Rumble Rock Lit	d0239ba4c83ca2a4e8f8ebeea7e809c4	128	60.57
Earth Magic Runtime/Earth Platform 05/Platform Piece 12	V5_Physics_Boulder_03_CenteredUnit	Assets/Elemental/Content/GraphicsV5/Physics/V5_Physics_Boulder_03_CenteredUnit.asset	4586f8f90eb8d9142b7b13004a95328e	RumbleSandstone	Elemental/Graphics V5/Rumble Rock Lit	d0239ba4c83ca2a4e8f8ebeea7e809c4	140	60.57
Earth Magic Runtime/Earth Platform 05/Platform Piece 13	V5_Physics_Boulder_04_CenteredUnit	Assets/Elemental/Content/GraphicsV5/Physics/V5_Physics_Boulder_04_CenteredUnit.asset	77b3da2cd22d6c64fb9a0a3d68769e71	RumbleSandstone	Elemental/Graphics V5/Rumble Rock Lit	d0239ba4c83ca2a4e8f8ebeea7e809c4	152	60.57
Earth Magic Runtime/Earth Platform 05/Platform Piece 14	V5_Physics_Boulder_05_CenteredUnit	Assets/Elemental/Content/GraphicsV5/Physics/V5_Physics_Boulder_05_CenteredUnit.asset	9458e42ababc9504f8929a3480df0061	RumbleSandstone	Elemental/Graphics V5/Rumble Rock Lit	d0239ba4c83ca2a4e8f8ebeea7e809c4	152	60.57
Earth Magic Runtime/Earth Platform 05/Platform Piece 15	V5_Physics_Boulder_06_CenteredUnit	Assets/Elemental/Content/GraphicsV5/Physics/V5_Physics_Boulder_06_CenteredUnit.asset	479fb44e71569d745848cc9b592b1d5e	RumbleSandstone	Elemental/Graphics V5/Rumble Rock Lit	d0239ba4c83ca2a4e8f8ebeea7e809c4	128	60.57
Earth Magic Runtime/Earth Platform 05/Platform Piece 16	V5_Physics_Boulder_07_CenteredUnit	Assets/Elemental/Content/GraphicsV5/Physics/V5_Physics_Boulder_07_CenteredUnit.asset	2d7c67f31bd7dce4bb75eb0e68552e86	RumbleSandstone	Elemental/Graphics V5/Rumble Rock Lit	d0239ba4c83ca2a4e8f8ebeea7e809c4	128	60.57
Earth Magic Runtime/Earth Platform 05/Platform Piece 17	V5_Physics_Boulder_00_CenteredUnit	Assets/Elemental/Content/GraphicsV5/Physics/V5_Physics_Boulder_00_CenteredUnit.asset	23ad7314d6415c2489a6043042c898cb	RumbleSandstone	Elemental/Graphics V5/Rumble Rock Lit	d0239ba4c83ca2a4e8f8ebeea7e809c4	164	60.57
Earth Magic Runtime/Earth Platform 05/Platform Piece 18	V5_Physics_Boulder_01_CenteredUnit	Assets/Elemental/Content/GraphicsV5/Physics/V5_Physics_Boulder_01_CenteredUnit.asset	e46e2e752a92f4445b9dff28264cc4ba	RumbleSandstone	Elemental/Graphics V5/Rumble Rock Lit	d0239ba4c83ca2a4e8f8ebeea7e809c4	140	60.57
Earth Magic Runtime/Earth Platform 05/Platform Piece 19	V5_Physics_Boulder_02_CenteredUnit	Assets/Elemental/Content/GraphicsV5/Physics/V5_Physics_Boulder_02_CenteredUnit.asset	8865e400055100a48b08f0300d227217	RumbleSandstone	Elemental/Graphics V5/Rumble Rock Lit	d0239ba4c83ca2a4e8f8ebeea7e809c4	128	60.57
Earth Magic Runtime/Earth Platform 05/Platform Piece 20	V5_Physics_Boulder_03_CenteredUnit	Assets/Elemental/Content/GraphicsV5/Physics/V5_Physics_Boulder_03_CenteredUnit.asset	4586f8f90eb8d9142b7b13004a95328e	RumbleSandstone	Elemental/Graphics V5/Rumble Rock Lit	d0239ba4c83ca2a4e8f8ebeea7e809c4	140	60.57
Earth Magic Runtime/Earth Platform 05/Platform Piece 21	V5_Physics_Boulder_04_CenteredUnit	Assets/Elemental/Content/GraphicsV5/Physics/V5_Physics_Boulder_04_CenteredUnit.asset	77b3da2cd22d6c64fb9a0a3d68769e71	RumbleSandstone	Elemental/Graphics V5/Rumble Rock Lit	d0239ba4c83ca2a4e8f8ebeea7e809c4	152	60.57
Earth Magic Runtime/Earth Platform 05/Platform Piece 22	V5_Physics_Boulder_05_CenteredUnit	Assets/Elemental/Content/GraphicsV5/Physics/V5_Physics_Boulder_05_CenteredUnit.asset	9458e42ababc9504f8929a3480df0061	RumbleSandstone	Elemental/Graphics V5/Rumble Rock Lit	d0239ba4c83ca2a4e8f8ebeea7e809c4	152	60.57
Earth Magic Runtime/Earth Platform 05/Platform Piece 23	V5_Physics_Boulder_06_CenteredUnit	Assets/Elemental/Content/GraphicsV5/Physics/V5_Physics_Boulder_06_CenteredUnit.asset	479fb44e71569d745848cc9b592b1d5e	RumbleSandstone	Elemental/Graphics V5/Rumble Rock Lit	d0239ba4c83ca2a4e8f8ebeea7e809c4	128	60.57
Earth Magic Runtime/Earth Platform 05/Platform Piece 24	V5_Physics_Boulder_07_CenteredUnit	Assets/Elemental/Content/GraphicsV5/Physics/V5_Physics_Boulder_07_CenteredUnit.asset	2d7c67f31bd7dce4bb75eb0e68552e86	RumbleSandstone	Elemental/Graphics V5/Rumble Rock Lit	d0239ba4c83ca2a4e8f8ebeea7e809c4	128	60.57
Earth Magic Runtime/Earth Platform 05/Platform Piece 25	V5_Physics_Boulder_00_CenteredUnit	Assets/Elemental/Content/GraphicsV5/Physics/V5_Physics_Boulder_00_CenteredUnit.asset	23ad7314d6415c2489a6043042c898cb	RumbleSandstone	Elemental/Graphics V5/Rumble Rock Lit	d0239ba4c83ca2a4e8f8ebeea7e809c4	164	60.57
Earth Magic Runtime/Earth Platform 05/Platform Piece 26	V5_Physics_Boulder_01_CenteredUnit	Assets/Elemental/Content/GraphicsV5/Physics/V5_Physics_Boulder_01_CenteredUnit.asset	e46e2e752a92f4445b9dff28264cc4ba	RumbleSandstone	Elemental/Graphics V5/Rumble Rock Lit	d0239ba4c83ca2a4e8f8ebeea7e809c4	140	60.57
Earth Magic Runtime/Earth Platform 05/Platform Piece 27	V5_Physics_Boulder_02_CenteredUnit	Assets/Elemental/Content/GraphicsV5/Physics/V5_Physics_Boulder_02_CenteredUnit.asset	8865e400055100a48b08f0300d227217	RumbleSandstone	Elemental/Graphics V5/Rumble Rock Lit	d0239ba4c83ca2a4e8f8ebeea7e809c4	128	60.57
Earth Magic Runtime/Earth Platform 05/Platform Piece 28	V5_Physics_Boulder_03_CenteredUnit	Assets/Elemental/Content/GraphicsV5/Physics/V5_Physics_Boulder_03_CenteredUnit.asset	4586f8f90eb8d9142b7b13004a95328e	RumbleSandstone	Elemental/Graphics V5/Rumble Rock Lit	d0239ba4c83ca2a4e8f8ebeea7e809c4	140	60.57
Earth Magic Runtime/Earth Platform 05/Platform Piece 29	V5_Physics_Boulder_04_CenteredUnit	Assets/Elemental/Content/GraphicsV5/Physics/V5_Physics_Boulder_04_CenteredUnit.asset	77b3da2cd22d6c64fb9a0a3d68769e71	RumbleSandstone	Elemental/Graphics V5/Rumble Rock Lit	d0239ba4c83ca2a4e8f8ebeea7e809c4	152	60.57
Earth Magic Runtime/Earth Platform 05/Platform Piece 30	V5_Physics_Boulder_05_CenteredUnit	Assets/Elemental/Content/GraphicsV5/Physics/V5_Physics_Boulder_05_CenteredUnit.asset	9458e42ababc9504f8929a3480df0061	RumbleSandstone	Elemental/Graphics V5/Rumble Rock Lit	d0239ba4c83ca2a4e8f8ebeea7e809c4	152	60.57
Earth Magic Runtime/Earth Platform 05/Platform Piece 31	V5_Physics_Boulder_06_CenteredUnit	Assets/Elemental/Content/GraphicsV5/Physics/V5_Physics_Boulder_06_CenteredUnit.asset	479fb44e71569d745848cc9b592b1d5e	RumbleSandstone	Elemental/Graphics V5/Rumble Rock Lit	d0239ba4c83ca2a4e8f8ebeea7e809c4	128	60.57
Earth Magic Runtime/Earth Platform 05/Platform Piece 32	V5_Physics_Boulder_07_CenteredUnit	Assets/Elemental/Content/GraphicsV5/Physics/V5_Physics_Boulder_07_CenteredUnit.asset	2d7c67f31bd7dce4bb75eb0e68552e86	RumbleSandstone	Elemental/Graphics V5/Rumble Rock Lit	d0239ba4c83ca2a4e8f8ebeea7e809c4	128	60.57
Earth Magic Runtime/Earth Platform 05/Platform Piece 33	V5_Physics_Boulder_00_CenteredUnit	Assets/Elemental/Content/GraphicsV5/Physics/V5_Physics_Boulder_00_CenteredUnit.asset	23ad7314d6415c2489a6043042c898cb	RumbleSandstone	Elemental/Graphics V5/Rumble Rock Lit	d0239ba4c83ca2a4e8f8ebeea7e809c4	164	60.57
Earth Magic Runtime/Earth Platform 05/Platform Piece 34	V5_Physics_Boulder_01_CenteredUnit	Assets/Elemental/Content/GraphicsV5/Physics/V5_Physics_Boulder_01_CenteredUnit.asset	e46e2e752a92f4445b9dff28264cc4ba	RumbleSandstone	Elemental/Graphics V5/Rumble Rock Lit	d0239ba4c83ca2a4e8f8ebeea7e809c4	140	60.57
Earth Magic Runtime/Earth Platform 05/Platform Piece 35	V5_Physics_Boulder_02_CenteredUnit	Assets/Elemental/Content/GraphicsV5/Physics/V5_Physics_Boulder_02_CenteredUnit.asset	8865e400055100a48b08f0300d227217	RumbleSandstone	Elemental/Graphics V5/Rumble Rock Lit	d0239ba4c83ca2a4e8f8ebeea7e809c4	128	60.57
Earth Magic Runtime/Earth Platform 05/Platform Piece 36	V5_Physics_Boulder_03_CenteredUnit	Assets/Elemental/Content/GraphicsV5/Physics/V5_Physics_Boulder_03_CenteredUnit.asset	4586f8f90eb8d9142b7b13004a95328e	RumbleSandstone	Elemental/Graphics V5/Rumble Rock Lit	d0239ba4c83ca2a4e8f8ebeea7e809c4	140	60.57
Earth Magic Runtime/Earth Platform 05/Platform Piece 37	V5_Physics_Boulder_04_CenteredUnit	Assets/Elemental/Content/GraphicsV5/Physics/V5_Physics_Boulder_04_CenteredUnit.asset	77b3da2cd22d6c64fb9a0a3d68769e71	RumbleSandstone	Elemental/Graphics V5/Rumble Rock Lit	d0239ba4c83ca2a4e8f8ebeea7e809c4	152	60.57
Earth Magic Runtime/Earth Platform 05/Platform Piece 38	V5_Physics_Boulder_05_CenteredUnit	Assets/Elemental/Content/GraphicsV5/Physics/V5_Physics_Boulder_05_CenteredUnit.asset	9458e42ababc9504f8929a3480df0061	RumbleSandstone	Elemental/Graphics V5/Rumble Rock Lit	d0239ba4c83ca2a4e8f8ebeea7e809c4	152	60.57
Earth Magic Runtime/Earth Platform 05/Platform Piece 39	V5_Physics_Boulder_06_CenteredUnit	Assets/Elemental/Content/GraphicsV5/Physics/V5_Physics_Boulder_06_CenteredUnit.asset	479fb44e71569d745848cc9b592b1d5e	RumbleSandstone	Elemental/Graphics V5/Rumble Rock Lit	d0239ba4c83ca2a4e8f8ebeea7e809c4	128	60.57
Earth Magic Runtime/Earth Platform 05/Platform Piece 40	V5_Physics_Boulder_07_CenteredUnit	Assets/Elemental/Content/GraphicsV5/Physics/V5_Physics_Boulder_07_CenteredUnit.asset	2d7c67f31bd7dce4bb75eb0e68552e86	RumbleSandstone	Elemental/Graphics V5/Rumble Rock Lit	d0239ba4c83ca2a4e8f8ebeea7e809c4	128	60.57
Earth Magic Runtime/Earth Platform 05/Platform Piece 41	V5_Physics_Boulder_00_CenteredUnit	Assets/Elemental/Content/GraphicsV5/Physics/V5_Physics_Boulder_00_CenteredUnit.asset	23ad7314d6415c2489a6043042c898cb	RumbleSandstone	Elemental/Graphics V5/Rumble Rock Lit	d0239ba4c83ca2a4e8f8ebeea7e809c4	164	60.57
Earth Magic Runtime/Earth Platform 05/Platform Piece 42	V5_Physics_Boulder_01_CenteredUnit	Assets/Elemental/Content/GraphicsV5/Physics/V5_Physics_Boulder_01_CenteredUnit.asset	e46e2e752a92f4445b9dff28264cc4ba	RumbleSandstone	Elemental/Graphics V5/Rumble Rock Lit	d0239ba4c83ca2a4e8f8ebeea7e809c4	140	60.57
Earth Magic Runtime/Earth Platform 05/Platform Piece 43	V5_Physics_Boulder_02_CenteredUnit	Assets/Elemental/Content/GraphicsV5/Physics/V5_Physics_Boulder_02_CenteredUnit.asset	8865e400055100a48b08f0300d227217	RumbleSandstone	Elemental/Graphics V5/Rumble Rock Lit	d0239ba4c83ca2a4e8f8ebeea7e809c4	128	60.57
Earth Magic Runtime/Earth Platform 05/Platform Piece 44	V5_Physics_Boulder_03_CenteredUnit	Assets/Elemental/Content/GraphicsV5/Physics/V5_Physics_Boulder_03_CenteredUnit.asset	4586f8f90eb8d9142b7b13004a95328e	RumbleSandstone	Elemental/Graphics V5/Rumble Rock Lit	d0239ba4c83ca2a4e8f8ebeea7e809c4	140	60.57
Earth Magic Runtime/Earth Platform 05/Platform Piece 45	V5_Physics_Boulder_04_CenteredUnit	Assets/Elemental/Content/GraphicsV5/Physics/V5_Physics_Boulder_04_CenteredUnit.asset	77b3da2cd22d6c64fb9a0a3d68769e71	RumbleSandstone	Elemental/Graphics V5/Rumble Rock Lit	d0239ba4c83ca2a4e8f8ebeea7e809c4	152	60.57
Earth Magic Runtime/Earth Platform 05/Platform Piece 46	V5_Physics_Boulder_05_CenteredUnit	Assets/Elemental/Content/GraphicsV5/Physics/V5_Physics_Boulder_05_CenteredUnit.asset	9458e42ababc9504f8929a3480df0061	RumbleSandstone	Elemental/Graphics V5/Rumble Rock Lit	d0239ba4c83ca2a4e8f8ebeea7e809c4	152	60.57
Earth Magic Runtime/Earth Platform 05/Platform Piece 47	V5_Physics_Boulder_06_CenteredUnit	Assets/Elemental/Content/GraphicsV5/Physics/V5_Physics_Boulder_06_CenteredUnit.asset	479fb44e71569d745848cc9b592b1d5e	RumbleSandstone	Elemental/Graphics V5/Rumble Rock Lit	d0239ba4c83ca2a4e8f8ebeea7e809c4	128	60.57
Earth Magic Runtime/Earth Platform 05/Platform Piece 48	V5_Physics_Boulder_07_CenteredUnit	Assets/Elemental/Content/GraphicsV5/Physics/V5_Physics_Boulder_07_CenteredUnit.asset	2d7c67f31bd7dce4bb75eb0e68552e86	RumbleSandstone	Elemental/Graphics V5/Rumble Rock Lit	d0239ba4c83ca2a4e8f8ebeea7e809c4	128	60.57
Earth Magic Runtime/Earth Platform 06	Runtime Earth Platform			RumbleSandstone	Elemental/Graphics V5/Rumble Rock Lit	d0239ba4c83ca2a4e8f8ebeea7e809c4	32	60.14
Earth Magic Runtime/Earth Platform 06/Platform Piece 01	V5_Physics_Boulder_00_CenteredUnit	Assets/Elemental/Content/GraphicsV5/Physics/V5_Physics_Boulder_00_CenteredUnit.asset	23ad7314d6415c2489a6043042c898cb	RumbleSandstone	Elemental/Graphics V5/Rumble Rock Lit	d0239ba4c83ca2a4e8f8ebeea7e809c4	164	60.57
Earth Magic Runtime/Earth Platform 06/Platform Piece 02	V5_Physics_Boulder_01_CenteredUnit	Assets/Elemental/Content/GraphicsV5/Physics/V5_Physics_Boulder_01_CenteredUnit.asset	e46e2e752a92f4445b9dff28264cc4ba	RumbleSandstone	Elemental/Graphics V5/Rumble Rock Lit	d0239ba4c83ca2a4e8f8ebeea7e809c4	140	60.57
Earth Magic Runtime/Earth Platform 06/Platform Piece 03	V5_Physics_Boulder_02_CenteredUnit	Assets/Elemental/Content/GraphicsV5/Physics/V5_Physics_Boulder_02_CenteredUnit.asset	8865e400055100a48b08f0300d227217	RumbleSandstone	Elemental/Graphics V5/Rumble Rock Lit	d0239ba4c83ca2a4e8f8ebeea7e809c4	128	60.57
Earth Magic Runtime/Earth Platform 06/Platform Piece 04	V5_Physics_Boulder_03_CenteredUnit	Assets/Elemental/Content/GraphicsV5/Physics/V5_Physics_Boulder_03_CenteredUnit.asset	4586f8f90eb8d9142b7b13004a95328e	RumbleSandstone	Elemental/Graphics V5/Rumble Rock Lit	d0239ba4c83ca2a4e8f8ebeea7e809c4	140	60.57
Earth Magic Runtime/Earth Platform 06/Platform Piece 05	V5_Physics_Boulder_04_CenteredUnit	Assets/Elemental/Content/GraphicsV5/Physics/V5_Physics_Boulder_04_CenteredUnit.asset	77b3da2cd22d6c64fb9a0a3d68769e71	RumbleSandstone	Elemental/Graphics V5/Rumble Rock Lit	d0239ba4c83ca2a4e8f8ebeea7e809c4	152	60.57
Earth Magic Runtime/Earth Platform 06/Platform Piece 06	V5_Physics_Boulder_05_CenteredUnit	Assets/Elemental/Content/GraphicsV5/Physics/V5_Physics_Boulder_05_CenteredUnit.asset	9458e42ababc9504f8929a3480df0061	RumbleSandstone	Elemental/Graphics V5/Rumble Rock Lit	d0239ba4c83ca2a4e8f8ebeea7e809c4	152	60.57
Earth Magic Runtime/Earth Platform 06/Platform Piece 07	V5_Physics_Boulder_06_CenteredUnit	Assets/Elemental/Content/GraphicsV5/Physics/V5_Physics_Boulder_06_CenteredUnit.asset	479fb44e71569d745848cc9b592b1d5e	RumbleSandstone	Elemental/Graphics V5/Rumble Rock Lit	d0239ba4c83ca2a4e8f8ebeea7e809c4	128	60.57
Earth Magic Runtime/Earth Platform 06/Platform Piece 08	V5_Physics_Boulder_07_CenteredUnit	Assets/Elemental/Content/GraphicsV5/Physics/V5_Physics_Boulder_07_CenteredUnit.asset	2d7c67f31bd7dce4bb75eb0e68552e86	RumbleSandstone	Elemental/Graphics V5/Rumble Rock Lit	d0239ba4c83ca2a4e8f8ebeea7e809c4	128	60.57
Earth Magic Runtime/Earth Platform 06/Platform Piece 09	V5_Physics_Boulder_00_CenteredUnit	Assets/Elemental/Content/GraphicsV5/Physics/V5_Physics_Boulder_00_CenteredUnit.asset	23ad7314d6415c2489a6043042c898cb	RumbleSandstone	Elemental/Graphics V5/Rumble Rock Lit	d0239ba4c83ca2a4e8f8ebeea7e809c4	164	60.57
Earth Magic Runtime/Earth Platform 06/Platform Piece 10	V5_Physics_Boulder_01_CenteredUnit	Assets/Elemental/Content/GraphicsV5/Physics/V5_Physics_Boulder_01_CenteredUnit.asset	e46e2e752a92f4445b9dff28264cc4ba	RumbleSandstone	Elemental/Graphics V5/Rumble Rock Lit	d0239ba4c83ca2a4e8f8ebeea7e809c4	140	60.57
Earth Magic Runtime/Earth Platform 06/Platform Piece 11	V5_Physics_Boulder_02_CenteredUnit	Assets/Elemental/Content/GraphicsV5/Physics/V5_Physics_Boulder_02_CenteredUnit.asset	8865e400055100a48b08f0300d227217	RumbleSandstone	Elemental/Graphics V5/Rumble Rock Lit	d0239ba4c83ca2a4e8f8ebeea7e809c4	128	60.57
Earth Magic Runtime/Earth Platform 06/Platform Piece 12	V5_Physics_Boulder_03_CenteredUnit	Assets/Elemental/Content/GraphicsV5/Physics/V5_Physics_Boulder_03_CenteredUnit.asset	4586f8f90eb8d9142b7b13004a95328e	RumbleSandstone	Elemental/Graphics V5/Rumble Rock Lit	d0239ba4c83ca2a4e8f8ebeea7e809c4	140	60.57
Earth Magic Runtime/Earth Platform 06/Platform Piece 13	V5_Physics_Boulder_04_CenteredUnit	Assets/Elemental/Content/GraphicsV5/Physics/V5_Physics_Boulder_04_CenteredUnit.asset	77b3da2cd22d6c64fb9a0a3d68769e71	RumbleSandstone	Elemental/Graphics V5/Rumble Rock Lit	d0239ba4c83ca2a4e8f8ebeea7e809c4	152	60.57
Earth Magic Runtime/Earth Platform 06/Platform Piece 14	V5_Physics_Boulder_05_CenteredUnit	Assets/Elemental/Content/GraphicsV5/Physics/V5_Physics_Boulder_05_CenteredUnit.asset	9458e42ababc9504f8929a3480df0061	RumbleSandstone	Elemental/Graphics V5/Rumble Rock Lit	d0239ba4c83ca2a4e8f8ebeea7e809c4	152	60.57
Earth Magic Runtime/Earth Platform 06/Platform Piece 15	V5_Physics_Boulder_06_CenteredUnit	Assets/Elemental/Content/GraphicsV5/Physics/V5_Physics_Boulder_06_CenteredUnit.asset	479fb44e71569d745848cc9b592b1d5e	RumbleSandstone	Elemental/Graphics V5/Rumble Rock Lit	d0239ba4c83ca2a4e8f8ebeea7e809c4	128	60.57
Earth Magic Runtime/Earth Platform 06/Platform Piece 16	V5_Physics_Boulder_07_CenteredUnit	Assets/Elemental/Content/GraphicsV5/Physics/V5_Physics_Boulder_07_CenteredUnit.asset	2d7c67f31bd7dce4bb75eb0e68552e86	RumbleSandstone	Elemental/Graphics V5/Rumble Rock Lit	d0239ba4c83ca2a4e8f8ebeea7e809c4	128	60.57
Earth Magic Runtime/Earth Platform 06/Platform Piece 17	V5_Physics_Boulder_00_CenteredUnit	Assets/Elemental/Content/GraphicsV5/Physics/V5_Physics_Boulder_00_CenteredUnit.asset	23ad7314d6415c2489a6043042c898cb	RumbleSandstone	Elemental/Graphics V5/Rumble Rock Lit	d0239ba4c83ca2a4e8f8ebeea7e809c4	164	60.57
Earth Magic Runtime/Earth Platform 06/Platform Piece 18	V5_Physics_Boulder_01_CenteredUnit	Assets/Elemental/Content/GraphicsV5/Physics/V5_Physics_Boulder_01_CenteredUnit.asset	e46e2e752a92f4445b9dff28264cc4ba	RumbleSandstone	Elemental/Graphics V5/Rumble Rock Lit	d0239ba4c83ca2a4e8f8ebeea7e809c4	140	60.57
Earth Magic Runtime/Earth Platform 06/Platform Piece 19	V5_Physics_Boulder_02_CenteredUnit	Assets/Elemental/Content/GraphicsV5/Physics/V5_Physics_Boulder_02_CenteredUnit.asset	8865e400055100a48b08f0300d227217	RumbleSandstone	Elemental/Graphics V5/Rumble Rock Lit	d0239ba4c83ca2a4e8f8ebeea7e809c4	128	60.57
Earth Magic Runtime/Earth Platform 06/Platform Piece 20	V5_Physics_Boulder_03_CenteredUnit	Assets/Elemental/Content/GraphicsV5/Physics/V5_Physics_Boulder_03_CenteredUnit.asset	4586f8f90eb8d9142b7b13004a95328e	RumbleSandstone	Elemental/Graphics V5/Rumble Rock Lit	d0239ba4c83ca2a4e8f8ebeea7e809c4	140	60.57
Earth Magic Runtime/Earth Platform 06/Platform Piece 21	V5_Physics_Boulder_04_CenteredUnit	Assets/Elemental/Content/GraphicsV5/Physics/V5_Physics_Boulder_04_CenteredUnit.asset	77b3da2cd22d6c64fb9a0a3d68769e71	RumbleSandstone	Elemental/Graphics V5/Rumble Rock Lit	d0239ba4c83ca2a4e8f8ebeea7e809c4	152	60.57
Earth Magic Runtime/Earth Platform 06/Platform Piece 22	V5_Physics_Boulder_05_CenteredUnit	Assets/Elemental/Content/GraphicsV5/Physics/V5_Physics_Boulder_05_CenteredUnit.asset	9458e42ababc9504f8929a3480df0061	RumbleSandstone	Elemental/Graphics V5/Rumble Rock Lit	d0239ba4c83ca2a4e8f8ebeea7e809c4	152	60.57
Earth Magic Runtime/Earth Platform 06/Platform Piece 23	V5_Physics_Boulder_06_CenteredUnit	Assets/Elemental/Content/GraphicsV5/Physics/V5_Physics_Boulder_06_CenteredUnit.asset	479fb44e71569d745848cc9b592b1d5e	RumbleSandstone	Elemental/Graphics V5/Rumble Rock Lit	d0239ba4c83ca2a4e8f8ebeea7e809c4	128	60.57
Earth Magic Runtime/Earth Platform 06/Platform Piece 24	V5_Physics_Boulder_07_CenteredUnit	Assets/Elemental/Content/GraphicsV5/Physics/V5_Physics_Boulder_07_CenteredUnit.asset	2d7c67f31bd7dce4bb75eb0e68552e86	RumbleSandstone	Elemental/Graphics V5/Rumble Rock Lit	d0239ba4c83ca2a4e8f8ebeea7e809c4	128	60.57
Earth Magic Runtime/Earth Platform 06/Platform Piece 25	V5_Physics_Boulder_00_CenteredUnit	Assets/Elemental/Content/GraphicsV5/Physics/V5_Physics_Boulder_00_CenteredUnit.asset	23ad7314d6415c2489a6043042c898cb	RumbleSandstone	Elemental/Graphics V5/Rumble Rock Lit	d0239ba4c83ca2a4e8f8ebeea7e809c4	164	60.57
Earth Magic Runtime/Earth Platform 06/Platform Piece 26	V5_Physics_Boulder_01_CenteredUnit	Assets/Elemental/Content/GraphicsV5/Physics/V5_Physics_Boulder_01_CenteredUnit.asset	e46e2e752a92f4445b9dff28264cc4ba	RumbleSandstone	Elemental/Graphics V5/Rumble Rock Lit	d0239ba4c83ca2a4e8f8ebeea7e809c4	140	60.57
Earth Magic Runtime/Earth Platform 06/Platform Piece 27	V5_Physics_Boulder_02_CenteredUnit	Assets/Elemental/Content/GraphicsV5/Physics/V5_Physics_Boulder_02_CenteredUnit.asset	8865e400055100a48b08f0300d227217	RumbleSandstone	Elemental/Graphics V5/Rumble Rock Lit	d0239ba4c83ca2a4e8f8ebeea7e809c4	128	60.57
Earth Magic Runtime/Earth Platform 06/Platform Piece 28	V5_Physics_Boulder_03_CenteredUnit	Assets/Elemental/Content/GraphicsV5/Physics/V5_Physics_Boulder_03_CenteredUnit.asset	4586f8f90eb8d9142b7b13004a95328e	RumbleSandstone	Elemental/Graphics V5/Rumble Rock Lit	d0239ba4c83ca2a4e8f8ebeea7e809c4	140	60.57
Earth Magic Runtime/Earth Platform 06/Platform Piece 29	V5_Physics_Boulder_04_CenteredUnit	Assets/Elemental/Content/GraphicsV5/Physics/V5_Physics_Boulder_04_CenteredUnit.asset	77b3da2cd22d6c64fb9a0a3d68769e71	RumbleSandstone	Elemental/Graphics V5/Rumble Rock Lit	d0239ba4c83ca2a4e8f8ebeea7e809c4	152	60.57
Earth Magic Runtime/Earth Platform 06/Platform Piece 30	V5_Physics_Boulder_05_CenteredUnit	Assets/Elemental/Content/GraphicsV5/Physics/V5_Physics_Boulder_05_CenteredUnit.asset	9458e42ababc9504f8929a3480df0061	RumbleSandstone	Elemental/Graphics V5/Rumble Rock Lit	d0239ba4c83ca2a4e8f8ebeea7e809c4	152	60.57
Earth Magic Runtime/Earth Platform 06/Platform Piece 31	V5_Physics_Boulder_06_CenteredUnit	Assets/Elemental/Content/GraphicsV5/Physics/V5_Physics_Boulder_06_CenteredUnit.asset	479fb44e71569d745848cc9b592b1d5e	RumbleSandstone	Elemental/Graphics V5/Rumble Rock Lit	d0239ba4c83ca2a4e8f8ebeea7e809c4	128	60.57
Earth Magic Runtime/Earth Platform 06/Platform Piece 32	V5_Physics_Boulder_07_CenteredUnit	Assets/Elemental/Content/GraphicsV5/Physics/V5_Physics_Boulder_07_CenteredUnit.asset	2d7c67f31bd7dce4bb75eb0e68552e86	RumbleSandstone	Elemental/Graphics V5/Rumble Rock Lit	d0239ba4c83ca2a4e8f8ebeea7e809c4	128	60.57
Earth Magic Runtime/Earth Platform 06/Platform Piece 33	V5_Physics_Boulder_00_CenteredUnit	Assets/Elemental/Content/GraphicsV5/Physics/V5_Physics_Boulder_00_CenteredUnit.asset	23ad7314d6415c2489a6043042c898cb	RumbleSandstone	Elemental/Graphics V5/Rumble Rock Lit	d0239ba4c83ca2a4e8f8ebeea7e809c4	164	60.57
Earth Magic Runtime/Earth Platform 06/Platform Piece 34	V5_Physics_Boulder_01_CenteredUnit	Assets/Elemental/Content/GraphicsV5/Physics/V5_Physics_Boulder_01_CenteredUnit.asset	e46e2e752a92f4445b9dff28264cc4ba	RumbleSandstone	Elemental/Graphics V5/Rumble Rock Lit	d0239ba4c83ca2a4e8f8ebeea7e809c4	140	60.57
Earth Magic Runtime/Earth Platform 06/Platform Piece 35	V5_Physics_Boulder_02_CenteredUnit	Assets/Elemental/Content/GraphicsV5/Physics/V5_Physics_Boulder_02_CenteredUnit.asset	8865e400055100a48b08f0300d227217	RumbleSandstone	Elemental/Graphics V5/Rumble Rock Lit	d0239ba4c83ca2a4e8f8ebeea7e809c4	128	60.57
Earth Magic Runtime/Earth Platform 06/Platform Piece 36	V5_Physics_Boulder_03_CenteredUnit	Assets/Elemental/Content/GraphicsV5/Physics/V5_Physics_Boulder_03_CenteredUnit.asset	4586f8f90eb8d9142b7b13004a95328e	RumbleSandstone	Elemental/Graphics V5/Rumble Rock Lit	d0239ba4c83ca2a4e8f8ebeea7e809c4	140	60.57
Earth Magic Runtime/Earth Platform 06/Platform Piece 37	V5_Physics_Boulder_04_CenteredUnit	Assets/Elemental/Content/GraphicsV5/Physics/V5_Physics_Boulder_04_CenteredUnit.asset	77b3da2cd22d6c64fb9a0a3d68769e71	RumbleSandstone	Elemental/Graphics V5/Rumble Rock Lit	d0239ba4c83ca2a4e8f8ebeea7e809c4	152	60.57
Earth Magic Runtime/Earth Platform 06/Platform Piece 38	V5_Physics_Boulder_05_CenteredUnit	Assets/Elemental/Content/GraphicsV5/Physics/V5_Physics_Boulder_05_CenteredUnit.asset	9458e42ababc9504f8929a3480df0061	RumbleSandstone	Elemental/Graphics V5/Rumble Rock Lit	d0239ba4c83ca2a4e8f8ebeea7e809c4	152	60.57
Earth Magic Runtime/Earth Platform 06/Platform Piece 39	V5_Physics_Boulder_06_CenteredUnit	Assets/Elemental/Content/GraphicsV5/Physics/V5_Physics_Boulder_06_CenteredUnit.asset	479fb44e71569d745848cc9b592b1d5e	RumbleSandstone	Elemental/Graphics V5/Rumble Rock Lit	d0239ba4c83ca2a4e8f8ebeea7e809c4	128	60.57
Earth Magic Runtime/Earth Platform 06/Platform Piece 40	V5_Physics_Boulder_07_CenteredUnit	Assets/Elemental/Content/GraphicsV5/Physics/V5_Physics_Boulder_07_CenteredUnit.asset	2d7c67f31bd7dce4bb75eb0e68552e86	RumbleSandstone	Elemental/Graphics V5/Rumble Rock Lit	d0239ba4c83ca2a4e8f8ebeea7e809c4	128	60.57
Earth Magic Runtime/Earth Platform 06/Platform Piece 41	V5_Physics_Boulder_00_CenteredUnit	Assets/Elemental/Content/GraphicsV5/Physics/V5_Physics_Boulder_00_CenteredUnit.asset	23ad7314d6415c2489a6043042c898cb	RumbleSandstone	Elemental/Graphics V5/Rumble Rock Lit	d0239ba4c83ca2a4e8f8ebeea7e809c4	164	60.57
Earth Magic Runtime/Earth Platform 06/Platform Piece 42	V5_Physics_Boulder_01_CenteredUnit	Assets/Elemental/Content/GraphicsV5/Physics/V5_Physics_Boulder_01_CenteredUnit.asset	e46e2e752a92f4445b9dff28264cc4ba	RumbleSandstone	Elemental/Graphics V5/Rumble Rock Lit	d0239ba4c83ca2a4e8f8ebeea7e809c4	140	60.57
Earth Magic Runtime/Earth Platform 06/Platform Piece 43	V5_Physics_Boulder_02_CenteredUnit	Assets/Elemental/Content/GraphicsV5/Physics/V5_Physics_Boulder_02_CenteredUnit.asset	8865e400055100a48b08f0300d227217	RumbleSandstone	Elemental/Graphics V5/Rumble Rock Lit	d0239ba4c83ca2a4e8f8ebeea7e809c4	128	60.57
Earth Magic Runtime/Earth Platform 06/Platform Piece 44	V5_Physics_Boulder_03_CenteredUnit	Assets/Elemental/Content/GraphicsV5/Physics/V5_Physics_Boulder_03_CenteredUnit.asset	4586f8f90eb8d9142b7b13004a95328e	RumbleSandstone	Elemental/Graphics V5/Rumble Rock Lit	d0239ba4c83ca2a4e8f8ebeea7e809c4	140	60.57
Earth Magic Runtime/Earth Platform 06/Platform Piece 45	V5_Physics_Boulder_04_CenteredUnit	Assets/Elemental/Content/GraphicsV5/Physics/V5_Physics_Boulder_04_CenteredUnit.asset	77b3da2cd22d6c64fb9a0a3d68769e71	RumbleSandstone	Elemental/Graphics V5/Rumble Rock Lit	d0239ba4c83ca2a4e8f8ebeea7e809c4	152	60.57
Earth Magic Runtime/Earth Platform 06/Platform Piece 46	V5_Physics_Boulder_05_CenteredUnit	Assets/Elemental/Content/GraphicsV5/Physics/V5_Physics_Boulder_05_CenteredUnit.asset	9458e42ababc9504f8929a3480df0061	RumbleSandstone	Elemental/Graphics V5/Rumble Rock Lit	d0239ba4c83ca2a4e8f8ebeea7e809c4	152	60.57
Earth Magic Runtime/Earth Platform 06/Platform Piece 47	V5_Physics_Boulder_06_CenteredUnit	Assets/Elemental/Content/GraphicsV5/Physics/V5_Physics_Boulder_06_CenteredUnit.asset	479fb44e71569d745848cc9b592b1d5e	RumbleSandstone	Elemental/Graphics V5/Rumble Rock Lit	d0239ba4c83ca2a4e8f8ebeea7e809c4	128	60.57
Earth Magic Runtime/Earth Platform 06/Platform Piece 48	V5_Physics_Boulder_07_CenteredUnit	Assets/Elemental/Content/GraphicsV5/Physics/V5_Physics_Boulder_07_CenteredUnit.asset	2d7c67f31bd7dce4bb75eb0e68552e86	RumbleSandstone	Elemental/Graphics V5/Rumble Rock Lit	d0239ba4c83ca2a4e8f8ebeea7e809c4	128	60.57
Earth Magic Runtime/Earth Platform 06	Runtime Earth Platform			RumbleSandstone	Elemental/Graphics V5/Rumble Rock Lit	d0239ba4c83ca2a4e8f8ebeea7e809c4	32	60.14
Earth Magic Runtime/Earth Platform 06/Platform Piece 01	V5_Physics_Boulder_00_CenteredUnit	Assets/Elemental/Content/GraphicsV5/Physics/V5_Physics_Boulder_00_CenteredUnit.asset	23ad7314d6415c2489a6043042c898cb	RumbleSandstone	Elemental/Graphics V5/Rumble Rock Lit	d0239ba4c83ca2a4e8f8ebeea7e809c4	164	60.57
Earth Magic Runtime/Earth Platform 06/Platform Piece 02	V5_Physics_Boulder_01_CenteredUnit	Assets/Elemental/Content/GraphicsV5/Physics/V5_Physics_Boulder_01_CenteredUnit.asset	e46e2e752a92f4445b9dff28264cc4ba	RumbleSandstone	Elemental/Graphics V5/Rumble Rock Lit	d0239ba4c83ca2a4e8f8ebeea7e809c4	140	60.57
Earth Magic Runtime/Earth Platform 06/Platform Piece 03	V5_Physics_Boulder_02_CenteredUnit	Assets/Elemental/Content/GraphicsV5/Physics/V5_Physics_Boulder_02_CenteredUnit.asset	8865e400055100a48b08f0300d227217	RumbleSandstone	Elemental/Graphics V5/Rumble Rock Lit	d0239ba4c83ca2a4e8f8ebeea7e809c4	128	60.57
Earth Magic Runtime/Earth Platform 06/Platform Piece 04	V5_Physics_Boulder_03_CenteredUnit	Assets/Elemental/Content/GraphicsV5/Physics/V5_Physics_Boulder_03_CenteredUnit.asset	4586f8f90eb8d9142b7b13004a95328e	RumbleSandstone	Elemental/Graphics V5/Rumble Rock Lit	d0239ba4c83ca2a4e8f8ebeea7e809c4	140	60.57
Earth Magic Runtime/Earth Platform 06/Platform Piece 05	V5_Physics_Boulder_04_CenteredUnit	Assets/Elemental/Content/GraphicsV5/Physics/V5_Physics_Boulder_04_CenteredUnit.asset	77b3da2cd22d6c64fb9a0a3d68769e71	RumbleSandstone	Elemental/Graphics V5/Rumble Rock Lit	d0239ba4c83ca2a4e8f8ebeea7e809c4	152	60.57
Earth Magic Runtime/Earth Platform 06/Platform Piece 06	V5_Physics_Boulder_05_CenteredUnit	Assets/Elemental/Content/GraphicsV5/Physics/V5_Physics_Boulder_05_CenteredUnit.asset	9458e42ababc9504f8929a3480df0061	RumbleSandstone	Elemental/Graphics V5/Rumble Rock Lit	d0239ba4c83ca2a4e8f8ebeea7e809c4	152	60.57
Earth Magic Runtime/Earth Platform 06/Platform Piece 07	V5_Physics_Boulder_06_CenteredUnit	Assets/Elemental/Content/GraphicsV5/Physics/V5_Physics_Boulder_06_CenteredUnit.asset	479fb44e71569d745848cc9b592b1d5e	RumbleSandstone	Elemental/Graphics V5/Rumble Rock Lit	d0239ba4c83ca2a4e8f8ebeea7e809c4	128	60.57
Earth Magic Runtime/Earth Platform 06/Platform Piece 08	V5_Physics_Boulder_07_CenteredUnit	Assets/Elemental/Content/GraphicsV5/Physics/V5_Physics_Boulder_07_CenteredUnit.asset	2d7c67f31bd7dce4bb75eb0e68552e86	RumbleSandstone	Elemental/Graphics V5/Rumble Rock Lit	d0239ba4c83ca2a4e8f8ebeea7e809c4	128	60.57
Earth Magic Runtime/Earth Platform 06/Platform Piece 09	V5_Physics_Boulder_00_CenteredUnit	Assets/Elemental/Content/GraphicsV5/Physics/V5_Physics_Boulder_00_CenteredUnit.asset	23ad7314d6415c2489a6043042c898cb	RumbleSandstone	Elemental/Graphics V5/Rumble Rock Lit	d0239ba4c83ca2a4e8f8ebeea7e809c4	164	60.57
Earth Magic Runtime/Earth Platform 06/Platform Piece 10	V5_Physics_Boulder_01_CenteredUnit	Assets/Elemental/Content/GraphicsV5/Physics/V5_Physics_Boulder_01_CenteredUnit.asset	e46e2e752a92f4445b9dff28264cc4ba	RumbleSandstone	Elemental/Graphics V5/Rumble Rock Lit	d0239ba4c83ca2a4e8f8ebeea7e809c4	140	60.57
Earth Magic Runtime/Earth Platform 06/Platform Piece 11	V5_Physics_Boulder_02_CenteredUnit	Assets/Elemental/Content/GraphicsV5/Physics/V5_Physics_Boulder_02_CenteredUnit.asset	8865e400055100a48b08f0300d227217	RumbleSandstone	Elemental/Graphics V5/Rumble Rock Lit	d0239ba4c83ca2a4e8f8ebeea7e809c4	128	60.57
Earth Magic Runtime/Earth Platform 06/Platform Piece 12	V5_Physics_Boulder_03_CenteredUnit	Assets/Elemental/Content/GraphicsV5/Physics/V5_Physics_Boulder_03_CenteredUnit.asset	4586f8f90eb8d9142b7b13004a95328e	RumbleSandstone	Elemental/Graphics V5/Rumble Rock Lit	d0239ba4c83ca2a4e8f8ebeea7e809c4	140	60.57
Earth Magic Runtime/Earth Platform 06/Platform Piece 13	V5_Physics_Boulder_04_CenteredUnit	Assets/Elemental/Content/GraphicsV5/Physics/V5_Physics_Boulder_04_CenteredUnit.asset	77b3da2cd22d6c64fb9a0a3d68769e71	RumbleSandstone	Elemental/Graphics V5/Rumble Rock Lit	d0239ba4c83ca2a4e8f8ebeea7e809c4	152	60.57
Earth Magic Runtime/Earth Platform 06/Platform Piece 14	V5_Physics_Boulder_05_CenteredUnit	Assets/Elemental/Content/GraphicsV5/Physics/V5_Physics_Boulder_05_CenteredUnit.asset	9458e42ababc9504f8929a3480df0061	RumbleSandstone	Elemental/Graphics V5/Rumble Rock Lit	d0239ba4c83ca2a4e8f8ebeea7e809c4	152	60.57
Earth Magic Runtime/Earth Platform 06/Platform Piece 15	V5_Physics_Boulder_06_CenteredUnit	Assets/Elemental/Content/GraphicsV5/Physics/V5_Physics_Boulder_06_CenteredUnit.asset	479fb44e71569d745848cc9b592b1d5e	RumbleSandstone	Elemental/Graphics V5/Rumble Rock Lit	d0239ba4c83ca2a4e8f8ebeea7e809c4	128	60.57
Earth Magic Runtime/Earth Platform 06/Platform Piece 16	V5_Physics_Boulder_07_CenteredUnit	Assets/Elemental/Content/GraphicsV5/Physics/V5_Physics_Boulder_07_CenteredUnit.asset	2d7c67f31bd7dce4bb75eb0e68552e86	RumbleSandstone	Elemental/Graphics V5/Rumble Rock Lit	d0239ba4c83ca2a4e8f8ebeea7e809c4	128	60.57
Earth Magic Runtime/Earth Platform 06/Platform Piece 17	V5_Physics_Boulder_00_CenteredUnit	Assets/Elemental/Content/GraphicsV5/Physics/V5_Physics_Boulder_00_CenteredUnit.asset	23ad7314d6415c2489a6043042c898cb	RumbleSandstone	Elemental/Graphics V5/Rumble Rock Lit	d0239ba4c83ca2a4e8f8ebeea7e809c4	164	60.57
Earth Magic Runtime/Earth Platform 06/Platform Piece 18	V5_Physics_Boulder_01_CenteredUnit	Assets/Elemental/Content/GraphicsV5/Physics/V5_Physics_Boulder_01_CenteredUnit.asset	e46e2e752a92f4445b9dff28264cc4ba	RumbleSandstone	Elemental/Graphics V5/Rumble Rock Lit	d0239ba4c83ca2a4e8f8ebeea7e809c4	140	60.57
Earth Magic Runtime/Earth Platform 06/Platform Piece 19	V5_Physics_Boulder_02_CenteredUnit	Assets/Elemental/Content/GraphicsV5/Physics/V5_Physics_Boulder_02_CenteredUnit.asset	8865e400055100a48b08f0300d227217	RumbleSandstone	Elemental/Graphics V5/Rumble Rock Lit	d0239ba4c83ca2a4e8f8ebeea7e809c4	128	60.57
Earth Magic Runtime/Earth Platform 06/Platform Piece 20	V5_Physics_Boulder_03_CenteredUnit	Assets/Elemental/Content/GraphicsV5/Physics/V5_Physics_Boulder_03_CenteredUnit.asset	4586f8f90eb8d9142b7b13004a95328e	RumbleSandstone	Elemental/Graphics V5/Rumble Rock Lit	d0239ba4c83ca2a4e8f8ebeea7e809c4	140	60.57
Earth Magic Runtime/Earth Platform 06/Platform Piece 21	V5_Physics_Boulder_04_CenteredUnit	Assets/Elemental/Content/GraphicsV5/Physics/V5_Physics_Boulder_04_CenteredUnit.asset	77b3da2cd22d6c64fb9a0a3d68769e71	RumbleSandstone	Elemental/Graphics V5/Rumble Rock Lit	d0239ba4c83ca2a4e8f8ebeea7e809c4	152	60.57
Earth Magic Runtime/Earth Platform 06/Platform Piece 22	V5_Physics_Boulder_05_CenteredUnit	Assets/Elemental/Content/GraphicsV5/Physics/V5_Physics_Boulder_05_CenteredUnit.asset	9458e42ababc9504f8929a3480df0061	RumbleSandstone	Elemental/Graphics V5/Rumble Rock Lit	d0239ba4c83ca2a4e8f8ebeea7e809c4	152	60.57
Earth Magic Runtime/Earth Platform 06/Platform Piece 23	V5_Physics_Boulder_06_CenteredUnit	Assets/Elemental/Content/GraphicsV5/Physics/V5_Physics_Boulder_06_CenteredUnit.asset	479fb44e71569d745848cc9b592b1d5e	RumbleSandstone	Elemental/Graphics V5/Rumble Rock Lit	d0239ba4c83ca2a4e8f8ebeea7e809c4	128	60.57
Earth Magic Runtime/Earth Platform 06/Platform Piece 24	V5_Physics_Boulder_07_CenteredUnit	Assets/Elemental/Content/GraphicsV5/Physics/V5_Physics_Boulder_07_CenteredUnit.asset	2d7c67f31bd7dce4bb75eb0e68552e86	RumbleSandstone	Elemental/Graphics V5/Rumble Rock Lit	d0239ba4c83ca2a4e8f8ebeea7e809c4	128	60.57
Earth Magic Runtime/Earth Platform 06/Platform Piece 25	V5_Physics_Boulder_00_CenteredUnit	Assets/Elemental/Content/GraphicsV5/Physics/V5_Physics_Boulder_00_CenteredUnit.asset	23ad7314d6415c2489a6043042c898cb	RumbleSandstone	Elemental/Graphics V5/Rumble Rock Lit	d0239ba4c83ca2a4e8f8ebeea7e809c4	164	60.57
Earth Magic Runtime/Earth Platform 06/Platform Piece 26	V5_Physics_Boulder_01_CenteredUnit	Assets/Elemental/Content/GraphicsV5/Physics/V5_Physics_Boulder_01_CenteredUnit.asset	e46e2e752a92f4445b9dff28264cc4ba	RumbleSandstone	Elemental/Graphics V5/Rumble Rock Lit	d0239ba4c83ca2a4e8f8ebeea7e809c4	140	60.57
Earth Magic Runtime/Earth Platform 06/Platform Piece 27	V5_Physics_Boulder_02_CenteredUnit	Assets/Elemental/Content/GraphicsV5/Physics/V5_Physics_Boulder_02_CenteredUnit.asset	8865e400055100a48b08f0300d227217	RumbleSandstone	Elemental/Graphics V5/Rumble Rock Lit	d0239ba4c83ca2a4e8f8ebeea7e809c4	128	60.57
Earth Magic Runtime/Earth Platform 06/Platform Piece 28	V5_Physics_Boulder_03_CenteredUnit	Assets/Elemental/Content/GraphicsV5/Physics/V5_Physics_Boulder_03_CenteredUnit.asset	4586f8f90eb8d9142b7b13004a95328e	RumbleSandstone	Elemental/Graphics V5/Rumble Rock Lit	d0239ba4c83ca2a4e8f8ebeea7e809c4	140	60.57
Earth Magic Runtime/Earth Platform 06/Platform Piece 29	V5_Physics_Boulder_04_CenteredUnit	Assets/Elemental/Content/GraphicsV5/Physics/V5_Physics_Boulder_04_CenteredUnit.asset	77b3da2cd22d6c64fb9a0a3d68769e71	RumbleSandstone	Elemental/Graphics V5/Rumble Rock Lit	d0239ba4c83ca2a4e8f8ebeea7e809c4	152	60.57
Earth Magic Runtime/Earth Platform 06/Platform Piece 30	V5_Physics_Boulder_05_CenteredUnit	Assets/Elemental/Content/GraphicsV5/Physics/V5_Physics_Boulder_05_CenteredUnit.asset	9458e42ababc9504f8929a3480df0061	RumbleSandstone	Elemental/Graphics V5/Rumble Rock Lit	d0239ba4c83ca2a4e8f8ebeea7e809c4	152	60.57
Earth Magic Runtime/Earth Platform 06/Platform Piece 31	V5_Physics_Boulder_06_CenteredUnit	Assets/Elemental/Content/GraphicsV5/Physics/V5_Physics_Boulder_06_CenteredUnit.asset	479fb44e71569d745848cc9b592b1d5e	RumbleSandstone	Elemental/Graphics V5/Rumble Rock Lit	d0239ba4c83ca2a4e8f8ebeea7e809c4	128	60.57
Earth Magic Runtime/Earth Platform 06/Platform Piece 32	V5_Physics_Boulder_07_CenteredUnit	Assets/Elemental/Content/GraphicsV5/Physics/V5_Physics_Boulder_07_CenteredUnit.asset	2d7c67f31bd7dce4bb75eb0e68552e86	RumbleSandstone	Elemental/Graphics V5/Rumble Rock Lit	d0239ba4c83ca2a4e8f8ebeea7e809c4	128	60.57
Earth Magic Runtime/Earth Platform 06/Platform Piece 33	V5_Physics_Boulder_00_CenteredUnit	Assets/Elemental/Content/GraphicsV5/Physics/V5_Physics_Boulder_00_CenteredUnit.asset	23ad7314d6415c2489a6043042c898cb	RumbleSandstone	Elemental/Graphics V5/Rumble Rock Lit	d0239ba4c83ca2a4e8f8ebeea7e809c4	164	60.57
Earth Magic Runtime/Earth Platform 06/Platform Piece 34	V5_Physics_Boulder_01_CenteredUnit	Assets/Elemental/Content/GraphicsV5/Physics/V5_Physics_Boulder_01_CenteredUnit.asset	e46e2e752a92f4445b9dff28264cc4ba	RumbleSandstone	Elemental/Graphics V5/Rumble Rock Lit	d0239ba4c83ca2a4e8f8ebeea7e809c4	140	60.57
Earth Magic Runtime/Earth Platform 06/Platform Piece 35	V5_Physics_Boulder_02_CenteredUnit	Assets/Elemental/Content/GraphicsV5/Physics/V5_Physics_Boulder_02_CenteredUnit.asset	8865e400055100a48b08f0300d227217	RumbleSandstone	Elemental/Graphics V5/Rumble Rock Lit	d0239ba4c83ca2a4e8f8ebeea7e809c4	128	60.57
Earth Magic Runtime/Earth Platform 06/Platform Piece 36	V5_Physics_Boulder_03_CenteredUnit	Assets/Elemental/Content/GraphicsV5/Physics/V5_Physics_Boulder_03_CenteredUnit.asset	4586f8f90eb8d9142b7b13004a95328e	RumbleSandstone	Elemental/Graphics V5/Rumble Rock Lit	d0239ba4c83ca2a4e8f8ebeea7e809c4	140	60.57
Earth Magic Runtime/Earth Platform 06/Platform Piece 37	V5_Physics_Boulder_04_CenteredUnit	Assets/Elemental/Content/GraphicsV5/Physics/V5_Physics_Boulder_04_CenteredUnit.asset	77b3da2cd22d6c64fb9a0a3d68769e71	RumbleSandstone	Elemental/Graphics V5/Rumble Rock Lit	d0239ba4c83ca2a4e8f8ebeea7e809c4	152	60.57
Earth Magic Runtime/Earth Platform 06/Platform Piece 38	V5_Physics_Boulder_05_CenteredUnit	Assets/Elemental/Content/GraphicsV5/Physics/V5_Physics_Boulder_05_CenteredUnit.asset	9458e42ababc9504f8929a3480df0061	RumbleSandstone	Elemental/Graphics V5/Rumble Rock Lit	d0239ba4c83ca2a4e8f8ebeea7e809c4	152	60.57
Earth Magic Runtime/Earth Platform 06/Platform Piece 39	V5_Physics_Boulder_06_CenteredUnit	Assets/Elemental/Content/GraphicsV5/Physics/V5_Physics_Boulder_06_CenteredUnit.asset	479fb44e71569d745848cc9b592b1d5e	RumbleSandstone	Elemental/Graphics V5/Rumble Rock Lit	d0239ba4c83ca2a4e8f8ebeea7e809c4	128	60.57
Earth Magic Runtime/Earth Platform 06/Platform Piece 40	V5_Physics_Boulder_07_CenteredUnit	Assets/Elemental/Content/GraphicsV5/Physics/V5_Physics_Boulder_07_CenteredUnit.asset	2d7c67f31bd7dce4bb75eb0e68552e86	RumbleSandstone	Elemental/Graphics V5/Rumble Rock Lit	d0239ba4c83ca2a4e8f8ebeea7e809c4	128	60.57
Earth Magic Runtime/Earth Platform 06/Platform Piece 41	V5_Physics_Boulder_00_CenteredUnit	Assets/Elemental/Content/GraphicsV5/Physics/V5_Physics_Boulder_00_CenteredUnit.asset	23ad7314d6415c2489a6043042c898cb	RumbleSandstone	Elemental/Graphics V5/Rumble Rock Lit	d0239ba4c83ca2a4e8f8ebeea7e809c4	164	60.57
Earth Magic Runtime/Earth Platform 06/Platform Piece 42	V5_Physics_Boulder_01_CenteredUnit	Assets/Elemental/Content/GraphicsV5/Physics/V5_Physics_Boulder_01_CenteredUnit.asset	e46e2e752a92f4445b9dff28264cc4ba	RumbleSandstone	Elemental/Graphics V5/Rumble Rock Lit	d0239ba4c83ca2a4e8f8ebeea7e809c4	140	60.57
Earth Magic Runtime/Earth Platform 06/Platform Piece 43	V5_Physics_Boulder_02_CenteredUnit	Assets/Elemental/Content/GraphicsV5/Physics/V5_Physics_Boulder_02_CenteredUnit.asset	8865e400055100a48b08f0300d227217	RumbleSandstone	Elemental/Graphics V5/Rumble Rock Lit	d0239ba4c83ca2a4e8f8ebeea7e809c4	128	60.57
Earth Magic Runtime/Earth Platform 06/Platform Piece 44	V5_Physics_Boulder_03_CenteredUnit	Assets/Elemental/Content/GraphicsV5/Physics/V5_Physics_Boulder_03_CenteredUnit.asset	4586f8f90eb8d9142b7b13004a95328e	RumbleSandstone	Elemental/Graphics V5/Rumble Rock Lit	d0239ba4c83ca2a4e8f8ebeea7e809c4	140	60.57
Earth Magic Runtime/Earth Platform 06/Platform Piece 45	V5_Physics_Boulder_04_CenteredUnit	Assets/Elemental/Content/GraphicsV5/Physics/V5_Physics_Boulder_04_CenteredUnit.asset	77b3da2cd22d6c64fb9a0a3d68769e71	RumbleSandstone	Elemental/Graphics V5/Rumble Rock Lit	d0239ba4c83ca2a4e8f8ebeea7e809c4	152	60.57
Earth Magic Runtime/Earth Platform 06/Platform Piece 46	V5_Physics_Boulder_05_CenteredUnit	Assets/Elemental/Content/GraphicsV5/Physics/V5_Physics_Boulder_05_CenteredUnit.asset	9458e42ababc9504f8929a3480df0061	RumbleSandstone	Elemental/Graphics V5/Rumble Rock Lit	d0239ba4c83ca2a4e8f8ebeea7e809c4	152	60.57
Earth Magic Runtime/Earth Platform 06/Platform Piece 47	V5_Physics_Boulder_06_CenteredUnit	Assets/Elemental/Content/GraphicsV5/Physics/V5_Physics_Boulder_06_CenteredUnit.asset	479fb44e71569d745848cc9b592b1d5e	RumbleSandstone	Elemental/Graphics V5/Rumble Rock Lit	d0239ba4c83ca2a4e8f8ebeea7e809c4	128	60.57
Earth Magic Runtime/Earth Platform 06/Platform Piece 48	V5_Physics_Boulder_07_CenteredUnit	Assets/Elemental/Content/GraphicsV5/Physics/V5_Physics_Boulder_07_CenteredUnit.asset	2d7c67f31bd7dce4bb75eb0e68552e86	RumbleSandstone	Elemental/Graphics V5/Rumble Rock Lit	d0239ba4c83ca2a4e8f8ebeea7e809c4	128	60.57
Earth Magic Runtime/Earth Rock Debris 01	V5_Physics_Boulder_00_CenteredUnit Convex Fracture Cell 0 Beveled Render	Assets/Elemental/Content/StartupCaches/EarthCoreSliceConvexFracture_867eb2621fa1419990940e4b51fd43cf.asset	d5208214c77760d43a6c38c274efda16	RumbleSandstone	Elemental/Graphics V5/Rumble Rock Lit	d0239ba4c83ca2a4e8f8ebeea7e809c4	377	12.24
Earth Magic Runtime/Earth Rock Debris 02	V5_Physics_Boulder_00_CenteredUnit Convex Fracture Cell 1 Beveled Render	Assets/Elemental/Content/StartupCaches/EarthCoreSliceConvexFracture_867eb2621fa1419990940e4b51fd43cf.asset	d5208214c77760d43a6c38c274efda16	RumbleSandstone	Elemental/Graphics V5/Rumble Rock Lit	d0239ba4c83ca2a4e8f8ebeea7e809c4	251	12.18
Earth Magic Runtime/Earth Rock Debris 03	V5_Physics_Boulder_00_CenteredUnit Convex Fracture Cell 2 Beveled Render	Assets/Elemental/Content/StartupCaches/EarthCoreSliceConvexFracture_867eb2621fa1419990940e4b51fd43cf.asset	d5208214c77760d43a6c38c274efda16	RumbleSandstone	Elemental/Graphics V5/Rumble Rock Lit	d0239ba4c83ca2a4e8f8ebeea7e809c4	405	11.98
Earth Magic Runtime/Earth Rock Debris 04	V5_Physics_Boulder_00_CenteredUnit Convex Fracture Cell 3 Beveled Render	Assets/Elemental/Content/StartupCaches/EarthCoreSliceConvexFracture_867eb2621fa1419990940e4b51fd43cf.asset	d5208214c77760d43a6c38c274efda16	RumbleSandstone	Elemental/Graphics V5/Rumble Rock Lit	d0239ba4c83ca2a4e8f8ebeea7e809c4	407	12.24
Earth Magic Runtime/Earth Rock Debris 05	V5_Physics_Pebble_17_CenteredUnit	Assets/Elemental/Content/GraphicsV5/Physics/V5_Physics_Pebble_17_CenteredUnit.asset	786e26bd15a909b41823b9ca0b79a1ce	RumbleSandstone	Elemental/Graphics V5/Rumble Rock Lit	d0239ba4c83ca2a4e8f8ebeea7e809c4	176	60.57
Earth Magic Runtime/Earth Rock Debris 06	V5_Physics_Pebble_18_CenteredUnit	Assets/Elemental/Content/GraphicsV5/Physics/V5_Physics_Pebble_18_CenteredUnit.asset	d301d08e10d46784cacc7651daf4505e	RumbleSandstone	Elemental/Graphics V5/Rumble Rock Lit	d0239ba4c83ca2a4e8f8ebeea7e809c4	140	60.57
Earth Magic Runtime/Earth Rock Debris 07	V5_Physics_Pebble_19_CenteredUnit	Assets/Elemental/Content/GraphicsV5/Physics/V5_Physics_Pebble_19_CenteredUnit.asset	8493c2eb14e433b4e9359c075fc7ac6e	RumbleSandstone	Elemental/Graphics V5/Rumble Rock Lit	d0239ba4c83ca2a4e8f8ebeea7e809c4	152	60.57
Earth Magic Runtime/Earth Rock Debris 08	V5_Physics_Wedge_12_CenteredUnit	Assets/Elemental/Content/GraphicsV5/Physics/V5_Physics_Wedge_12_CenteredUnit.asset	65181f39fd9db7a49b5f552fb315e771	RumbleSandstone	Elemental/Graphics V5/Rumble Rock Lit	d0239ba4c83ca2a4e8f8ebeea7e809c4	128	60.57
Earth Magic Runtime/Earth Rock Debris 09	V5_Physics_Pebble_17_CenteredUnit	Assets/Elemental/Content/GraphicsV5/Physics/V5_Physics_Pebble_17_CenteredUnit.asset	786e26bd15a909b41823b9ca0b79a1ce	RumbleSandstone	Elemental/Graphics V5/Rumble Rock Lit	d0239ba4c83ca2a4e8f8ebeea7e809c4	176	60.57
Earth Magic Runtime/Earth Rock Debris 10	V5_Physics_Pebble_18_CenteredUnit	Assets/Elemental/Content/GraphicsV5/Physics/V5_Physics_Pebble_18_CenteredUnit.asset	d301d08e10d46784cacc7651daf4505e	RumbleSandstone	Elemental/Graphics V5/Rumble Rock Lit	d0239ba4c83ca2a4e8f8ebeea7e809c4	140	60.57
Earth Magic Runtime/Earth Rock Debris 11	V5_Physics_Pebble_19_CenteredUnit	Assets/Elemental/Content/GraphicsV5/Physics/V5_Physics_Pebble_19_CenteredUnit.asset	8493c2eb14e433b4e9359c075fc7ac6e	RumbleSandstone	Elemental/Graphics V5/Rumble Rock Lit	d0239ba4c83ca2a4e8f8ebeea7e809c4	152	60.57
Earth Magic Runtime/Earth Rock Debris 12	V5_Physics_Wedge_12_CenteredUnit	Assets/Elemental/Content/GraphicsV5/Physics/V5_Physics_Wedge_12_CenteredUnit.asset	65181f39fd9db7a49b5f552fb315e771	RumbleSandstone	Elemental/Graphics V5/Rumble Rock Lit	d0239ba4c83ca2a4e8f8ebeea7e809c4	128	60.57
Earth Magic Runtime/Earth Rock Debris 13	V5_Physics_Pebble_17_CenteredUnit	Assets/Elemental/Content/GraphicsV5/Physics/V5_Physics_Pebble_17_CenteredUnit.asset	786e26bd15a909b41823b9ca0b79a1ce	RumbleSandstone	Elemental/Graphics V5/Rumble Rock Lit	d0239ba4c83ca2a4e8f8ebeea7e809c4	176	60.57
Earth Magic Runtime/Earth Rock Debris 14	V5_Physics_Pebble_18_CenteredUnit	Assets/Elemental/Content/GraphicsV5/Physics/V5_Physics_Pebble_18_CenteredUnit.asset	d301d08e10d46784cacc7651daf4505e	RumbleSandstone	Elemental/Graphics V5/Rumble Rock Lit	d0239ba4c83ca2a4e8f8ebeea7e809c4	140	60.57
Earth Magic Runtime/Earth Rock Debris 15	V5_Physics_Pebble_19_CenteredUnit	Assets/Elemental/Content/GraphicsV5/Physics/V5_Physics_Pebble_19_CenteredUnit.asset	8493c2eb14e433b4e9359c075fc7ac6e	RumbleSandstone	Elemental/Graphics V5/Rumble Rock Lit	d0239ba4c83ca2a4e8f8ebeea7e809c4	152	60.57
Earth Magic Runtime/Earth Rock Debris 16	V5_Physics_Wedge_12_CenteredUnit	Assets/Elemental/Content/GraphicsV5/Physics/V5_Physics_Wedge_12_CenteredUnit.asset	65181f39fd9db7a49b5f552fb315e771	RumbleSandstone	Elemental/Graphics V5/Rumble Rock Lit	d0239ba4c83ca2a4e8f8ebeea7e809c4	128	60.57
Earth Magic Runtime/Earth Rock Debris 17	V5_Physics_Pebble_17_CenteredUnit	Assets/Elemental/Content/GraphicsV5/Physics/V5_Physics_Pebble_17_CenteredUnit.asset	786e26bd15a909b41823b9ca0b79a1ce	RumbleSandstone	Elemental/Graphics V5/Rumble Rock Lit	d0239ba4c83ca2a4e8f8ebeea7e809c4	176	60.57
Earth Magic Runtime/Earth Rock Debris 18	V5_Physics_Pebble_18_CenteredUnit	Assets/Elemental/Content/GraphicsV5/Physics/V5_Physics_Pebble_18_CenteredUnit.asset	d301d08e10d46784cacc7651daf4505e	RumbleSandstone	Elemental/Graphics V5/Rumble Rock Lit	d0239ba4c83ca2a4e8f8ebeea7e809c4	140	60.57
Earth Magic Runtime/Earth Rock Debris 19	V5_Physics_Pebble_19_CenteredUnit	Assets/Elemental/Content/GraphicsV5/Physics/V5_Physics_Pebble_19_CenteredUnit.asset	8493c2eb14e433b4e9359c075fc7ac6e	RumbleSandstone	Elemental/Graphics V5/Rumble Rock Lit	d0239ba4c83ca2a4e8f8ebeea7e809c4	152	60.57
Earth Magic Runtime/Earth Rock Debris 20	V5_Physics_Wedge_12_CenteredUnit	Assets/Elemental/Content/GraphicsV5/Physics/V5_Physics_Wedge_12_CenteredUnit.asset	65181f39fd9db7a49b5f552fb315e771	RumbleSandstone	Elemental/Graphics V5/Rumble Rock Lit	d0239ba4c83ca2a4e8f8ebeea7e809c4	128	60.57
Earth Magic Runtime/Earth Rock Debris 21	V5_Physics_Pebble_17_CenteredUnit	Assets/Elemental/Content/GraphicsV5/Physics/V5_Physics_Pebble_17_CenteredUnit.asset	786e26bd15a909b41823b9ca0b79a1ce	RumbleSandstone	Elemental/Graphics V5/Rumble Rock Lit	d0239ba4c83ca2a4e8f8ebeea7e809c4	176	60.57
Earth Magic Runtime/Earth Rock Debris 22	V5_Physics_Pebble_18_CenteredUnit	Assets/Elemental/Content/GraphicsV5/Physics/V5_Physics_Pebble_18_CenteredUnit.asset	d301d08e10d46784cacc7651daf4505e	RumbleSandstone	Elemental/Graphics V5/Rumble Rock Lit	d0239ba4c83ca2a4e8f8ebeea7e809c4	140	60.57
Earth Magic Runtime/Earth Rock Debris 23	V5_Physics_Pebble_19_CenteredUnit	Assets/Elemental/Content/GraphicsV5/Physics/V5_Physics_Pebble_19_CenteredUnit.asset	8493c2eb14e433b4e9359c075fc7ac6e	RumbleSandstone	Elemental/Graphics V5/Rumble Rock Lit	d0239ba4c83ca2a4e8f8ebeea7e809c4	152	60.57
Earth Magic Runtime/Earth Rock Debris 24	V5_Physics_Wedge_12_CenteredUnit	Assets/Elemental/Content/GraphicsV5/Physics/V5_Physics_Wedge_12_CenteredUnit.asset	65181f39fd9db7a49b5f552fb315e771	RumbleSandstone	Elemental/Graphics V5/Rumble Rock Lit	d0239ba4c83ca2a4e8f8ebeea7e809c4	128	60.57
Earth Magic Runtime/Earth Rock Debris 25	V5_Physics_Pebble_17_CenteredUnit	Assets/Elemental/Content/GraphicsV5/Physics/V5_Physics_Pebble_17_CenteredUnit.asset	786e26bd15a909b41823b9ca0b79a1ce	RumbleSandstone	Elemental/Graphics V5/Rumble Rock Lit	d0239ba4c83ca2a4e8f8ebeea7e809c4	176	60.57
Earth Magic Runtime/Earth Rock Debris 26	V5_Physics_Pebble_18_CenteredUnit	Assets/Elemental/Content/GraphicsV5/Physics/V5_Physics_Pebble_18_CenteredUnit.asset	d301d08e10d46784cacc7651daf4505e	RumbleSandstone	Elemental/Graphics V5/Rumble Rock Lit	d0239ba4c83ca2a4e8f8ebeea7e809c4	140	60.57
Earth Magic Runtime/Earth Rock Debris 27	V5_Physics_Pebble_19_CenteredUnit	Assets/Elemental/Content/GraphicsV5/Physics/V5_Physics_Pebble_19_CenteredUnit.asset	8493c2eb14e433b4e9359c075fc7ac6e	RumbleSandstone	Elemental/Graphics V5/Rumble Rock Lit	d0239ba4c83ca2a4e8f8ebeea7e809c4	152	60.57
Earth Magic Runtime/Earth Rock Debris 28	V5_Physics_Wedge_12_CenteredUnit	Assets/Elemental/Content/GraphicsV5/Physics/V5_Physics_Wedge_12_CenteredUnit.asset	65181f39fd9db7a49b5f552fb315e771	RumbleSandstone	Elemental/Graphics V5/Rumble Rock Lit	d0239ba4c83ca2a4e8f8ebeea7e809c4	128	60.57
Earth Magic Runtime/Earth Rock Debris 29	V5_Physics_Pebble_17_CenteredUnit	Assets/Elemental/Content/GraphicsV5/Physics/V5_Physics_Pebble_17_CenteredUnit.asset	786e26bd15a909b41823b9ca0b79a1ce	RumbleSandstone	Elemental/Graphics V5/Rumble Rock Lit	d0239ba4c83ca2a4e8f8ebeea7e809c4	176	60.57
Earth Magic Runtime/Earth Rock Debris 30	V5_Physics_Pebble_18_CenteredUnit	Assets/Elemental/Content/GraphicsV5/Physics/V5_Physics_Pebble_18_CenteredUnit.asset	d301d08e10d46784cacc7651daf4505e	RumbleSandstone	Elemental/Graphics V5/Rumble Rock Lit	d0239ba4c83ca2a4e8f8ebeea7e809c4	140	60.57
Earth Magic Runtime/Earth Rock Debris 31	V5_Physics_Pebble_19_CenteredUnit	Assets/Elemental/Content/GraphicsV5/Physics/V5_Physics_Pebble_19_CenteredUnit.asset	8493c2eb14e433b4e9359c075fc7ac6e	RumbleSandstone	Elemental/Graphics V5/Rumble Rock Lit	d0239ba4c83ca2a4e8f8ebeea7e809c4	152	60.57
Earth Magic Runtime/Earth Rock Debris 32	V5_Physics_Wedge_12_CenteredUnit	Assets/Elemental/Content/GraphicsV5/Physics/V5_Physics_Wedge_12_CenteredUnit.asset	65181f39fd9db7a49b5f552fb315e771	RumbleSandstone	Elemental/Graphics V5/Rumble Rock Lit	d0239ba4c83ca2a4e8f8ebeea7e809c4	128	60.57
Earth Magic Runtime/Earth Rock Debris 33	V5_Physics_Pebble_17_CenteredUnit	Assets/Elemental/Content/GraphicsV5/Physics/V5_Physics_Pebble_17_CenteredUnit.asset	786e26bd15a909b41823b9ca0b79a1ce	RumbleSandstone	Elemental/Graphics V5/Rumble Rock Lit	d0239ba4c83ca2a4e8f8ebeea7e809c4	176	60.57
Earth Magic Runtime/Earth Rock Debris 34	V5_Physics_Pebble_18_CenteredUnit	Assets/Elemental/Content/GraphicsV5/Physics/V5_Physics_Pebble_18_CenteredUnit.asset	d301d08e10d46784cacc7651daf4505e	RumbleSandstone	Elemental/Graphics V5/Rumble Rock Lit	d0239ba4c83ca2a4e8f8ebeea7e809c4	140	60.57
Earth Magic Runtime/Earth Rock Debris 35	V5_Physics_Pebble_19_CenteredUnit	Assets/Elemental/Content/GraphicsV5/Physics/V5_Physics_Pebble_19_CenteredUnit.asset	8493c2eb14e433b4e9359c075fc7ac6e	RumbleSandstone	Elemental/Graphics V5/Rumble Rock Lit	d0239ba4c83ca2a4e8f8ebeea7e809c4	152	60.57
Earth Magic Runtime/Earth Rock Debris 36	V5_Physics_Wedge_12_CenteredUnit	Assets/Elemental/Content/GraphicsV5/Physics/V5_Physics_Wedge_12_CenteredUnit.asset	65181f39fd9db7a49b5f552fb315e771	RumbleSandstone	Elemental/Graphics V5/Rumble Rock Lit	d0239ba4c83ca2a4e8f8ebeea7e809c4	128	60.57
Earth Magic Runtime/Earth Rock Debris 37	V5_Physics_Pebble_17_CenteredUnit	Assets/Elemental/Content/GraphicsV5/Physics/V5_Physics_Pebble_17_CenteredUnit.asset	786e26bd15a909b41823b9ca0b79a1ce	RumbleSandstone	Elemental/Graphics V5/Rumble Rock Lit	d0239ba4c83ca2a4e8f8ebeea7e809c4	176	60.57
Earth Magic Runtime/Earth Rock Debris 38	V5_Physics_Pebble_18_CenteredUnit	Assets/Elemental/Content/GraphicsV5/Physics/V5_Physics_Pebble_18_CenteredUnit.asset	d301d08e10d46784cacc7651daf4505e	RumbleSandstone	Elemental/Graphics V5/Rumble Rock Lit	d0239ba4c83ca2a4e8f8ebeea7e809c4	140	60.57
Earth Magic Runtime/Earth Rock Debris 39	V5_Physics_Pebble_19_CenteredUnit	Assets/Elemental/Content/GraphicsV5/Physics/V5_Physics_Pebble_19_CenteredUnit.asset	8493c2eb14e433b4e9359c075fc7ac6e	RumbleSandstone	Elemental/Graphics V5/Rumble Rock Lit	d0239ba4c83ca2a4e8f8ebeea7e809c4	152	60.57
Earth Magic Runtime/Earth Rock Debris 40	V5_Physics_Wedge_12_CenteredUnit	Assets/Elemental/Content/GraphicsV5/Physics/V5_Physics_Wedge_12_CenteredUnit.asset	65181f39fd9db7a49b5f552fb315e771	RumbleSandstone	Elemental/Graphics V5/Rumble Rock Lit	d0239ba4c83ca2a4e8f8ebeea7e809c4	128	60.57
Earth Magic Runtime/Earth Rock Debris 41	V5_Physics_Pebble_17_CenteredUnit	Assets/Elemental/Content/GraphicsV5/Physics/V5_Physics_Pebble_17_CenteredUnit.asset	786e26bd15a909b41823b9ca0b79a1ce	RumbleSandstone	Elemental/Graphics V5/Rumble Rock Lit	d0239ba4c83ca2a4e8f8ebeea7e809c4	176	60.57
Earth Magic Runtime/Earth Rock Debris 42	V5_Physics_Pebble_18_CenteredUnit	Assets/Elemental/Content/GraphicsV5/Physics/V5_Physics_Pebble_18_CenteredUnit.asset	d301d08e10d46784cacc7651daf4505e	RumbleSandstone	Elemental/Graphics V5/Rumble Rock Lit	d0239ba4c83ca2a4e8f8ebeea7e809c4	140	60.57
Earth Magic Runtime/Earth Rock Debris 43	V5_Physics_Pebble_19_CenteredUnit	Assets/Elemental/Content/GraphicsV5/Physics/V5_Physics_Pebble_19_CenteredUnit.asset	8493c2eb14e433b4e9359c075fc7ac6e	RumbleSandstone	Elemental/Graphics V5/Rumble Rock Lit	d0239ba4c83ca2a4e8f8ebeea7e809c4	152	60.57
Earth Magic Runtime/Earth Rock Debris 44	V5_Physics_Wedge_12_CenteredUnit	Assets/Elemental/Content/GraphicsV5/Physics/V5_Physics_Wedge_12_CenteredUnit.asset	65181f39fd9db7a49b5f552fb315e771	RumbleSandstone	Elemental/Graphics V5/Rumble Rock Lit	d0239ba4c83ca2a4e8f8ebeea7e809c4	128	60.57
Earth Magic Runtime/Earth Rock Debris 45	V5_Physics_Pebble_17_CenteredUnit	Assets/Elemental/Content/GraphicsV5/Physics/V5_Physics_Pebble_17_CenteredUnit.asset	786e26bd15a909b41823b9ca0b79a1ce	RumbleSandstone	Elemental/Graphics V5/Rumble Rock Lit	d0239ba4c83ca2a4e8f8ebeea7e809c4	176	60.57
Earth Magic Runtime/Earth Rock Debris 46	V5_Physics_Pebble_18_CenteredUnit	Assets/Elemental/Content/GraphicsV5/Physics/V5_Physics_Pebble_18_CenteredUnit.asset	d301d08e10d46784cacc7651daf4505e	RumbleSandstone	Elemental/Graphics V5/Rumble Rock Lit	d0239ba4c83ca2a4e8f8ebeea7e809c4	140	60.57
Earth Magic Runtime/Earth Rock Debris 47	V5_Physics_Pebble_19_CenteredUnit	Assets/Elemental/Content/GraphicsV5/Physics/V5_Physics_Pebble_19_CenteredUnit.asset	8493c2eb14e433b4e9359c075fc7ac6e	RumbleSandstone	Elemental/Graphics V5/Rumble Rock Lit	d0239ba4c83ca2a4e8f8ebeea7e809c4	152	60.57
Earth Magic Runtime/Earth Rock Debris 48	V5_Physics_Wedge_12_CenteredUnit	Assets/Elemental/Content/GraphicsV5/Physics/V5_Physics_Wedge_12_CenteredUnit.asset	65181f39fd9db7a49b5f552fb315e771	RumbleSandstone	Elemental/Graphics V5/Rumble Rock Lit	d0239ba4c83ca2a4e8f8ebeea7e809c4	128	60.57
Earth Magic Runtime/Earth Rock Debris 49	V5_Physics_Pebble_17_CenteredUnit	Assets/Elemental/Content/GraphicsV5/Physics/V5_Physics_Pebble_17_CenteredUnit.asset	786e26bd15a909b41823b9ca0b79a1ce	RumbleSandstone	Elemental/Graphics V5/Rumble Rock Lit	d0239ba4c83ca2a4e8f8ebeea7e809c4	176	60.57
Earth Magic Runtime/Earth Rock Debris 50	V5_Physics_Pebble_18_CenteredUnit	Assets/Elemental/Content/GraphicsV5/Physics/V5_Physics_Pebble_18_CenteredUnit.asset	d301d08e10d46784cacc7651daf4505e	RumbleSandstone	Elemental/Graphics V5/Rumble Rock Lit	d0239ba4c83ca2a4e8f8ebeea7e809c4	140	60.57
Earth Magic Runtime/Earth Rock Debris 51	V5_Physics_Pebble_19_CenteredUnit	Assets/Elemental/Content/GraphicsV5/Physics/V5_Physics_Pebble_19_CenteredUnit.asset	8493c2eb14e433b4e9359c075fc7ac6e	RumbleSandstone	Elemental/Graphics V5/Rumble Rock Lit	d0239ba4c83ca2a4e8f8ebeea7e809c4	152	60.57
Earth Magic Runtime/Earth Rock Debris 52	V5_Physics_Wedge_12_CenteredUnit	Assets/Elemental/Content/GraphicsV5/Physics/V5_Physics_Wedge_12_CenteredUnit.asset	65181f39fd9db7a49b5f552fb315e771	RumbleSandstone	Elemental/Graphics V5/Rumble Rock Lit	d0239ba4c83ca2a4e8f8ebeea7e809c4	128	60.57
Earth Magic Runtime/Earth Rock Debris 53	V5_Physics_Pebble_17_CenteredUnit	Assets/Elemental/Content/GraphicsV5/Physics/V5_Physics_Pebble_17_CenteredUnit.asset	786e26bd15a909b41823b9ca0b79a1ce	RumbleSandstone	Elemental/Graphics V5/Rumble Rock Lit	d0239ba4c83ca2a4e8f8ebeea7e809c4	176	60.57
Earth Magic Runtime/Earth Rock Debris 54	V5_Physics_Pebble_18_CenteredUnit	Assets/Elemental/Content/GraphicsV5/Physics/V5_Physics_Pebble_18_CenteredUnit.asset	d301d08e10d46784cacc7651daf4505e	RumbleSandstone	Elemental/Graphics V5/Rumble Rock Lit	d0239ba4c83ca2a4e8f8ebeea7e809c4	140	60.57
Earth Magic Runtime/Earth Rock Debris 55	V5_Physics_Pebble_19_CenteredUnit	Assets/Elemental/Content/GraphicsV5/Physics/V5_Physics_Pebble_19_CenteredUnit.asset	8493c2eb14e433b4e9359c075fc7ac6e	RumbleSandstone	Elemental/Graphics V5/Rumble Rock Lit	d0239ba4c83ca2a4e8f8ebeea7e809c4	152	60.57
Earth Magic Runtime/Earth Rock Debris 56	V5_Physics_Wedge_12_CenteredUnit	Assets/Elemental/Content/GraphicsV5/Physics/V5_Physics_Wedge_12_CenteredUnit.asset	65181f39fd9db7a49b5f552fb315e771	RumbleSandstone	Elemental/Graphics V5/Rumble Rock Lit	d0239ba4c83ca2a4e8f8ebeea7e809c4	128	60.57
Earth Magic Runtime/Earth Rock Debris 57	V5_Physics_Pebble_17_CenteredUnit	Assets/Elemental/Content/GraphicsV5/Physics/V5_Physics_Pebble_17_CenteredUnit.asset	786e26bd15a909b41823b9ca0b79a1ce	RumbleSandstone	Elemental/Graphics V5/Rumble Rock Lit	d0239ba4c83ca2a4e8f8ebeea7e809c4	176	60.57
Earth Magic Runtime/Earth Rock Debris 58	V5_Physics_Pebble_18_CenteredUnit	Assets/Elemental/Content/GraphicsV5/Physics/V5_Physics_Pebble_18_CenteredUnit.asset	d301d08e10d46784cacc7651daf4505e	RumbleSandstone	Elemental/Graphics V5/Rumble Rock Lit	d0239ba4c83ca2a4e8f8ebeea7e809c4	140	60.57
Earth Magic Runtime/Earth Rock Debris 59	V5_Physics_Pebble_19_CenteredUnit	Assets/Elemental/Content/GraphicsV5/Physics/V5_Physics_Pebble_19_CenteredUnit.asset	8493c2eb14e433b4e9359c075fc7ac6e	RumbleSandstone	Elemental/Graphics V5/Rumble Rock Lit	d0239ba4c83ca2a4e8f8ebeea7e809c4	152	60.57
Earth Magic Runtime/Earth Rock Debris 60	V5_Physics_Wedge_12_CenteredUnit	Assets/Elemental/Content/GraphicsV5/Physics/V5_Physics_Wedge_12_CenteredUnit.asset	65181f39fd9db7a49b5f552fb315e771	RumbleSandstone	Elemental/Graphics V5/Rumble Rock Lit	d0239ba4c83ca2a4e8f8ebeea7e809c4	128	60.57
Earth Magic Runtime/Earth Rock Debris 61	V5_Physics_Pebble_17_CenteredUnit	Assets/Elemental/Content/GraphicsV5/Physics/V5_Physics_Pebble_17_CenteredUnit.asset	786e26bd15a909b41823b9ca0b79a1ce	RumbleSandstone	Elemental/Graphics V5/Rumble Rock Lit	d0239ba4c83ca2a4e8f8ebeea7e809c4	176	60.57
Earth Magic Runtime/Earth Rock Debris 62	V5_Physics_Pebble_18_CenteredUnit	Assets/Elemental/Content/GraphicsV5/Physics/V5_Physics_Pebble_18_CenteredUnit.asset	d301d08e10d46784cacc7651daf4505e	RumbleSandstone	Elemental/Graphics V5/Rumble Rock Lit	d0239ba4c83ca2a4e8f8ebeea7e809c4	140	60.57
Earth Magic Runtime/Earth Rock Debris 63	V5_Physics_Pebble_19_CenteredUnit	Assets/Elemental/Content/GraphicsV5/Physics/V5_Physics_Pebble_19_CenteredUnit.asset	8493c2eb14e433b4e9359c075fc7ac6e	RumbleSandstone	Elemental/Graphics V5/Rumble Rock Lit	d0239ba4c83ca2a4e8f8ebeea7e809c4	152	60.57
Earth Magic Runtime/Earth Rock Debris 64	V5_Physics_Wedge_12_CenteredUnit	Assets/Elemental/Content/GraphicsV5/Physics/V5_Physics_Wedge_12_CenteredUnit.asset	65181f39fd9db7a49b5f552fb315e771	RumbleSandstone	Elemental/Graphics V5/Rumble Rock Lit	d0239ba4c83ca2a4e8f8ebeea7e809c4	128	60.57
Earth Magic Runtime/Earth Rock Debris 65	V5_Physics_Pebble_17_CenteredUnit	Assets/Elemental/Content/GraphicsV5/Physics/V5_Physics_Pebble_17_CenteredUnit.asset	786e26bd15a909b41823b9ca0b79a1ce	RumbleSandstone	Elemental/Graphics V5/Rumble Rock Lit	d0239ba4c83ca2a4e8f8ebeea7e809c4	176	60.57
Earth Magic Runtime/Earth Rock Debris 66	V5_Physics_Pebble_18_CenteredUnit	Assets/Elemental/Content/GraphicsV5/Physics/V5_Physics_Pebble_18_CenteredUnit.asset	d301d08e10d46784cacc7651daf4505e	RumbleSandstone	Elemental/Graphics V5/Rumble Rock Lit	d0239ba4c83ca2a4e8f8ebeea7e809c4	140	60.57
Earth Magic Runtime/Earth Rock Debris 67	V5_Physics_Pebble_19_CenteredUnit	Assets/Elemental/Content/GraphicsV5/Physics/V5_Physics_Pebble_19_CenteredUnit.asset	8493c2eb14e433b4e9359c075fc7ac6e	RumbleSandstone	Elemental/Graphics V5/Rumble Rock Lit	d0239ba4c83ca2a4e8f8ebeea7e809c4	152	60.57
Earth Magic Runtime/Earth Rock Debris 68	V5_Physics_Wedge_12_CenteredUnit	Assets/Elemental/Content/GraphicsV5/Physics/V5_Physics_Wedge_12_CenteredUnit.asset	65181f39fd9db7a49b5f552fb315e771	RumbleSandstone	Elemental/Graphics V5/Rumble Rock Lit	d0239ba4c83ca2a4e8f8ebeea7e809c4	128	60.57
Earth Magic Runtime/Earth Rock Debris 69	V5_Physics_Pebble_17_CenteredUnit	Assets/Elemental/Content/GraphicsV5/Physics/V5_Physics_Pebble_17_CenteredUnit.asset	786e26bd15a909b41823b9ca0b79a1ce	RumbleSandstone	Elemental/Graphics V5/Rumble Rock Lit	d0239ba4c83ca2a4e8f8ebeea7e809c4	176	60.57
Earth Magic Runtime/Earth Rock Debris 70	V5_Physics_Pebble_18_CenteredUnit	Assets/Elemental/Content/GraphicsV5/Physics/V5_Physics_Pebble_18_CenteredUnit.asset	d301d08e10d46784cacc7651daf4505e	RumbleSandstone	Elemental/Graphics V5/Rumble Rock Lit	d0239ba4c83ca2a4e8f8ebeea7e809c4	140	60.57
Earth Magic Runtime/Earth Rock Debris 71	V5_Physics_Pebble_19_CenteredUnit	Assets/Elemental/Content/GraphicsV5/Physics/V5_Physics_Pebble_19_CenteredUnit.asset	8493c2eb14e433b4e9359c075fc7ac6e	RumbleSandstone	Elemental/Graphics V5/Rumble Rock Lit	d0239ba4c83ca2a4e8f8ebeea7e809c4	152	60.57
Earth Magic Runtime/Earth Rock Debris 72	V5_Physics_Wedge_12_CenteredUnit	Assets/Elemental/Content/GraphicsV5/Physics/V5_Physics_Wedge_12_CenteredUnit.asset	65181f39fd9db7a49b5f552fb315e771	RumbleSandstone	Elemental/Graphics V5/Rumble Rock Lit	d0239ba4c83ca2a4e8f8ebeea7e809c4	128	60.57
Earth Magic Runtime/Earth Rock Debris 73	V5_Physics_Pebble_17_CenteredUnit	Assets/Elemental/Content/GraphicsV5/Physics/V5_Physics_Pebble_17_CenteredUnit.asset	786e26bd15a909b41823b9ca0b79a1ce	RumbleSandstone	Elemental/Graphics V5/Rumble Rock Lit	d0239ba4c83ca2a4e8f8ebeea7e809c4	176	60.57
Earth Magic Runtime/Earth Rock Debris 74	V5_Physics_Pebble_18_CenteredUnit	Assets/Elemental/Content/GraphicsV5/Physics/V5_Physics_Pebble_18_CenteredUnit.asset	d301d08e10d46784cacc7651daf4505e	RumbleSandstone	Elemental/Graphics V5/Rumble Rock Lit	d0239ba4c83ca2a4e8f8ebeea7e809c4	140	60.57
Earth Magic Runtime/Earth Rock Debris 75	V5_Physics_Pebble_19_CenteredUnit	Assets/Elemental/Content/GraphicsV5/Physics/V5_Physics_Pebble_19_CenteredUnit.asset	8493c2eb14e433b4e9359c075fc7ac6e	RumbleSandstone	Elemental/Graphics V5/Rumble Rock Lit	d0239ba4c83ca2a4e8f8ebeea7e809c4	152	60.57
Earth Magic Runtime/Earth Rock Debris 76	V5_Physics_Wedge_12_CenteredUnit	Assets/Elemental/Content/GraphicsV5/Physics/V5_Physics_Wedge_12_CenteredUnit.asset	65181f39fd9db7a49b5f552fb315e771	RumbleSandstone	Elemental/Graphics V5/Rumble Rock Lit	d0239ba4c83ca2a4e8f8ebeea7e809c4	128	60.57
Earth Magic Runtime/Earth Rock Debris 77	V5_Physics_Pebble_17_CenteredUnit	Assets/Elemental/Content/GraphicsV5/Physics/V5_Physics_Pebble_17_CenteredUnit.asset	786e26bd15a909b41823b9ca0b79a1ce	RumbleSandstone	Elemental/Graphics V5/Rumble Rock Lit	d0239ba4c83ca2a4e8f8ebeea7e809c4	176	60.57
Earth Magic Runtime/Earth Rock Debris 78	V5_Physics_Pebble_18_CenteredUnit	Assets/Elemental/Content/GraphicsV5/Physics/V5_Physics_Pebble_18_CenteredUnit.asset	d301d08e10d46784cacc7651daf4505e	RumbleSandstone	Elemental/Graphics V5/Rumble Rock Lit	d0239ba4c83ca2a4e8f8ebeea7e809c4	140	60.57
Earth Magic Runtime/Earth Rock Debris 79	V5_Physics_Pebble_19_CenteredUnit	Assets/Elemental/Content/GraphicsV5/Physics/V5_Physics_Pebble_19_CenteredUnit.asset	8493c2eb14e433b4e9359c075fc7ac6e	RumbleSandstone	Elemental/Graphics V5/Rumble Rock Lit	d0239ba4c83ca2a4e8f8ebeea7e809c4	152	60.57
Earth Magic Runtime/Earth Rock Debris 80	V5_Physics_Wedge_12_CenteredUnit	Assets/Elemental/Content/GraphicsV5/Physics/V5_Physics_Wedge_12_CenteredUnit.asset	65181f39fd9db7a49b5f552fb315e771	RumbleSandstone	Elemental/Graphics V5/Rumble Rock Lit	d0239ba4c83ca2a4e8f8ebeea7e809c4	128	60.57
Earth Magic Runtime/Earth Rock Debris 81	V5_Physics_Pebble_17_CenteredUnit	Assets/Elemental/Content/GraphicsV5/Physics/V5_Physics_Pebble_17_CenteredUnit.asset	786e26bd15a909b41823b9ca0b79a1ce	RumbleSandstone	Elemental/Graphics V5/Rumble Rock Lit	d0239ba4c83ca2a4e8f8ebeea7e809c4	176	60.57
Earth Magic Runtime/Earth Rock Debris 82	V5_Physics_Pebble_18_CenteredUnit	Assets/Elemental/Content/GraphicsV5/Physics/V5_Physics_Pebble_18_CenteredUnit.asset	d301d08e10d46784cacc7651daf4505e	RumbleSandstone	Elemental/Graphics V5/Rumble Rock Lit	d0239ba4c83ca2a4e8f8ebeea7e809c4	140	60.57
Earth Magic Runtime/Earth Rock Debris 83	V5_Physics_Pebble_19_CenteredUnit	Assets/Elemental/Content/GraphicsV5/Physics/V5_Physics_Pebble_19_CenteredUnit.asset	8493c2eb14e433b4e9359c075fc7ac6e	RumbleSandstone	Elemental/Graphics V5/Rumble Rock Lit	d0239ba4c83ca2a4e8f8ebeea7e809c4	152	60.57
Earth Magic Runtime/Earth Rock Debris 84	V5_Physics_Wedge_12_CenteredUnit	Assets/Elemental/Content/GraphicsV5/Physics/V5_Physics_Wedge_12_CenteredUnit.asset	65181f39fd9db7a49b5f552fb315e771	RumbleSandstone	Elemental/Graphics V5/Rumble Rock Lit	d0239ba4c83ca2a4e8f8ebeea7e809c4	128	60.57
Earth Magic Runtime/Earth Rock Debris 85	V5_Physics_Pebble_17_CenteredUnit	Assets/Elemental/Content/GraphicsV5/Physics/V5_Physics_Pebble_17_CenteredUnit.asset	786e26bd15a909b41823b9ca0b79a1ce	RumbleSandstone	Elemental/Graphics V5/Rumble Rock Lit	d0239ba4c83ca2a4e8f8ebeea7e809c4	176	60.57
Earth Magic Runtime/Earth Rock Debris 86	V5_Physics_Pebble_18_CenteredUnit	Assets/Elemental/Content/GraphicsV5/Physics/V5_Physics_Pebble_18_CenteredUnit.asset	d301d08e10d46784cacc7651daf4505e	RumbleSandstone	Elemental/Graphics V5/Rumble Rock Lit	d0239ba4c83ca2a4e8f8ebeea7e809c4	140	60.57
Earth Magic Runtime/Earth Rock Debris 87	V5_Physics_Pebble_19_CenteredUnit	Assets/Elemental/Content/GraphicsV5/Physics/V5_Physics_Pebble_19_CenteredUnit.asset	8493c2eb14e433b4e9359c075fc7ac6e	RumbleSandstone	Elemental/Graphics V5/Rumble Rock Lit	d0239ba4c83ca2a4e8f8ebeea7e809c4	152	60.57
Earth Magic Runtime/Earth Rock Debris 88	V5_Physics_Wedge_12_CenteredUnit	Assets/Elemental/Content/GraphicsV5/Physics/V5_Physics_Wedge_12_CenteredUnit.asset	65181f39fd9db7a49b5f552fb315e771	RumbleSandstone	Elemental/Graphics V5/Rumble Rock Lit	d0239ba4c83ca2a4e8f8ebeea7e809c4	128	60.57
Earth Magic Runtime/Earth Rock Debris 89	V5_Physics_Pebble_17_CenteredUnit	Assets/Elemental/Content/GraphicsV5/Physics/V5_Physics_Pebble_17_CenteredUnit.asset	786e26bd15a909b41823b9ca0b79a1ce	RumbleSandstone	Elemental/Graphics V5/Rumble Rock Lit	d0239ba4c83ca2a4e8f8ebeea7e809c4	176	60.57
Earth Magic Runtime/Earth Rock Debris 90	V5_Physics_Pebble_18_CenteredUnit	Assets/Elemental/Content/GraphicsV5/Physics/V5_Physics_Pebble_18_CenteredUnit.asset	d301d08e10d46784cacc7651daf4505e	RumbleSandstone	Elemental/Graphics V5/Rumble Rock Lit	d0239ba4c83ca2a4e8f8ebeea7e809c4	140	60.57
Earth Magic Runtime/Earth Rock Debris 91	V5_Physics_Pebble_19_CenteredUnit	Assets/Elemental/Content/GraphicsV5/Physics/V5_Physics_Pebble_19_CenteredUnit.asset	8493c2eb14e433b4e9359c075fc7ac6e	RumbleSandstone	Elemental/Graphics V5/Rumble Rock Lit	d0239ba4c83ca2a4e8f8ebeea7e809c4	152	60.57
Earth Magic Runtime/Earth Rock Debris 92	V5_Physics_Wedge_12_CenteredUnit	Assets/Elemental/Content/GraphicsV5/Physics/V5_Physics_Wedge_12_CenteredUnit.asset	65181f39fd9db7a49b5f552fb315e771	RumbleSandstone	Elemental/Graphics V5/Rumble Rock Lit	d0239ba4c83ca2a4e8f8ebeea7e809c4	128	60.57
Earth Magic Runtime/Earth Rock Debris 93	V5_Physics_Pebble_17_CenteredUnit	Assets/Elemental/Content/GraphicsV5/Physics/V5_Physics_Pebble_17_CenteredUnit.asset	786e26bd15a909b41823b9ca0b79a1ce	RumbleSandstone	Elemental/Graphics V5/Rumble Rock Lit	d0239ba4c83ca2a4e8f8ebeea7e809c4	176	60.57
Earth Magic Runtime/Earth Rock Debris 94	V5_Physics_Pebble_18_CenteredUnit	Assets/Elemental/Content/GraphicsV5/Physics/V5_Physics_Pebble_18_CenteredUnit.asset	d301d08e10d46784cacc7651daf4505e	RumbleSandstone	Elemental/Graphics V5/Rumble Rock Lit	d0239ba4c83ca2a4e8f8ebeea7e809c4	140	60.57
Earth Magic Runtime/Earth Rock Debris 95	V5_Physics_Pebble_19_CenteredUnit	Assets/Elemental/Content/GraphicsV5/Physics/V5_Physics_Pebble_19_CenteredUnit.asset	8493c2eb14e433b4e9359c075fc7ac6e	RumbleSandstone	Elemental/Graphics V5/Rumble Rock Lit	d0239ba4c83ca2a4e8f8ebeea7e809c4	152	60.57
Earth Magic Runtime/Earth Rock Debris 96	V5_Physics_Wedge_12_CenteredUnit	Assets/Elemental/Content/GraphicsV5/Physics/V5_Physics_Wedge_12_CenteredUnit.asset	65181f39fd9db7a49b5f552fb315e771	RumbleSandstone	Elemental/Graphics V5/Rumble Rock Lit	d0239ba4c83ca2a4e8f8ebeea7e809c4	128	60.57
Earth Magic Runtime/Earth Rock Debris 97	V5_Physics_Pebble_17_CenteredUnit	Assets/Elemental/Content/GraphicsV5/Physics/V5_Physics_Pebble_17_CenteredUnit.asset	786e26bd15a909b41823b9ca0b79a1ce	RumbleSandstone	Elemental/Graphics V5/Rumble Rock Lit	d0239ba4c83ca2a4e8f8ebeea7e809c4	176	60.57
Earth Magic Runtime/Earth Rock Debris 98	V5_Physics_Pebble_18_CenteredUnit	Assets/Elemental/Content/GraphicsV5/Physics/V5_Physics_Pebble_18_CenteredUnit.asset	d301d08e10d46784cacc7651daf4505e	RumbleSandstone	Elemental/Graphics V5/Rumble Rock Lit	d0239ba4c83ca2a4e8f8ebeea7e809c4	140	60.57
Earth Magic Runtime/Earth Rock Debris 99	V5_Physics_Pebble_19_CenteredUnit	Assets/Elemental/Content/GraphicsV5/Physics/V5_Physics_Pebble_19_CenteredUnit.asset	8493c2eb14e433b4e9359c075fc7ac6e	RumbleSandstone	Elemental/Graphics V5/Rumble Rock Lit	d0239ba4c83ca2a4e8f8ebeea7e809c4	152	60.57
Earth Magic Runtime/Earth Rock Debris 100	V5_Physics_Wedge_12_CenteredUnit	Assets/Elemental/Content/GraphicsV5/Physics/V5_Physics_Wedge_12_CenteredUnit.asset	65181f39fd9db7a49b5f552fb315e771	RumbleSandstone	Elemental/Graphics V5/Rumble Rock Lit	d0239ba4c83ca2a4e8f8ebeea7e809c4	128	60.57
Earth Magic Runtime/Earth Rock Debris 101	V5_Physics_Pebble_17_CenteredUnit	Assets/Elemental/Content/GraphicsV5/Physics/V5_Physics_Pebble_17_CenteredUnit.asset	786e26bd15a909b41823b9ca0b79a1ce	RumbleSandstone	Elemental/Graphics V5/Rumble Rock Lit	d0239ba4c83ca2a4e8f8ebeea7e809c4	176	60.57
Earth Magic Runtime/Earth Rock Debris 102	V5_Physics_Pebble_18_CenteredUnit	Assets/Elemental/Content/GraphicsV5/Physics/V5_Physics_Pebble_18_CenteredUnit.asset	d301d08e10d46784cacc7651daf4505e	RumbleSandstone	Elemental/Graphics V5/Rumble Rock Lit	d0239ba4c83ca2a4e8f8ebeea7e809c4	140	60.57
Earth Magic Runtime/Earth Rock Debris 103	V5_Physics_Pebble_19_CenteredUnit	Assets/Elemental/Content/GraphicsV5/Physics/V5_Physics_Pebble_19_CenteredUnit.asset	8493c2eb14e433b4e9359c075fc7ac6e	RumbleSandstone	Elemental/Graphics V5/Rumble Rock Lit	d0239ba4c83ca2a4e8f8ebeea7e809c4	152	60.57
Earth Magic Runtime/Earth Rock Debris 104	V5_Physics_Wedge_12_CenteredUnit	Assets/Elemental/Content/GraphicsV5/Physics/V5_Physics_Wedge_12_CenteredUnit.asset	65181f39fd9db7a49b5f552fb315e771	RumbleSandstone	Elemental/Graphics V5/Rumble Rock Lit	d0239ba4c83ca2a4e8f8ebeea7e809c4	128	60.57
Earth Magic Runtime/Earth Rock Debris 105	V5_Physics_Pebble_17_CenteredUnit	Assets/Elemental/Content/GraphicsV5/Physics/V5_Physics_Pebble_17_CenteredUnit.asset	786e26bd15a909b41823b9ca0b79a1ce	RumbleSandstone	Elemental/Graphics V5/Rumble Rock Lit	d0239ba4c83ca2a4e8f8ebeea7e809c4	176	60.57
Earth Magic Runtime/Earth Rock Debris 106	V5_Physics_Pebble_18_CenteredUnit	Assets/Elemental/Content/GraphicsV5/Physics/V5_Physics_Pebble_18_CenteredUnit.asset	d301d08e10d46784cacc7651daf4505e	RumbleSandstone	Elemental/Graphics V5/Rumble Rock Lit	d0239ba4c83ca2a4e8f8ebeea7e809c4	140	60.57
Earth Magic Runtime/Earth Rock Debris 107	V5_Physics_Pebble_19_CenteredUnit	Assets/Elemental/Content/GraphicsV5/Physics/V5_Physics_Pebble_19_CenteredUnit.asset	8493c2eb14e433b4e9359c075fc7ac6e	RumbleSandstone	Elemental/Graphics V5/Rumble Rock Lit	d0239ba4c83ca2a4e8f8ebeea7e809c4	152	60.57
Earth Magic Runtime/Earth Rock Debris 108	V5_Physics_Wedge_12_CenteredUnit	Assets/Elemental/Content/GraphicsV5/Physics/V5_Physics_Wedge_12_CenteredUnit.asset	65181f39fd9db7a49b5f552fb315e771	RumbleSandstone	Elemental/Graphics V5/Rumble Rock Lit	d0239ba4c83ca2a4e8f8ebeea7e809c4	128	60.57
Earth Magic Runtime/Earth Rock Debris 109	V5_Physics_Pebble_17_CenteredUnit	Assets/Elemental/Content/GraphicsV5/Physics/V5_Physics_Pebble_17_CenteredUnit.asset	786e26bd15a909b41823b9ca0b79a1ce	RumbleSandstone	Elemental/Graphics V5/Rumble Rock Lit	d0239ba4c83ca2a4e8f8ebeea7e809c4	176	60.57
Earth Magic Runtime/Earth Rock Debris 110	V5_Physics_Pebble_18_CenteredUnit	Assets/Elemental/Content/GraphicsV5/Physics/V5_Physics_Pebble_18_CenteredUnit.asset	d301d08e10d46784cacc7651daf4505e	RumbleSandstone	Elemental/Graphics V5/Rumble Rock Lit	d0239ba4c83ca2a4e8f8ebeea7e809c4	140	60.57
Earth Magic Runtime/Earth Rock Debris 111	V5_Physics_Pebble_19_CenteredUnit	Assets/Elemental/Content/GraphicsV5/Physics/V5_Physics_Pebble_19_CenteredUnit.asset	8493c2eb14e433b4e9359c075fc7ac6e	RumbleSandstone	Elemental/Graphics V5/Rumble Rock Lit	d0239ba4c83ca2a4e8f8ebeea7e809c4	152	60.57
Earth Magic Runtime/Earth Rock Debris 112	V5_Physics_Wedge_12_CenteredUnit	Assets/Elemental/Content/GraphicsV5/Physics/V5_Physics_Wedge_12_CenteredUnit.asset	65181f39fd9db7a49b5f552fb315e771	RumbleSandstone	Elemental/Graphics V5/Rumble Rock Lit	d0239ba4c83ca2a4e8f8ebeea7e809c4	128	60.57
Earth Magic Runtime/Earth Rock Debris 113	V5_Physics_Pebble_17_CenteredUnit	Assets/Elemental/Content/GraphicsV5/Physics/V5_Physics_Pebble_17_CenteredUnit.asset	786e26bd15a909b41823b9ca0b79a1ce	RumbleSandstone	Elemental/Graphics V5/Rumble Rock Lit	d0239ba4c83ca2a4e8f8ebeea7e809c4	176	60.57
Earth Magic Runtime/Earth Rock Debris 114	V5_Physics_Pebble_18_CenteredUnit	Assets/Elemental/Content/GraphicsV5/Physics/V5_Physics_Pebble_18_CenteredUnit.asset	d301d08e10d46784cacc7651daf4505e	RumbleSandstone	Elemental/Graphics V5/Rumble Rock Lit	d0239ba4c83ca2a4e8f8ebeea7e809c4	140	60.57
Earth Magic Runtime/Earth Rock Debris 115	V5_Physics_Pebble_19_CenteredUnit	Assets/Elemental/Content/GraphicsV5/Physics/V5_Physics_Pebble_19_CenteredUnit.asset	8493c2eb14e433b4e9359c075fc7ac6e	RumbleSandstone	Elemental/Graphics V5/Rumble Rock Lit	d0239ba4c83ca2a4e8f8ebeea7e809c4	152	60.57
Earth Magic Runtime/Earth Rock Debris 116	V5_Physics_Wedge_12_CenteredUnit	Assets/Elemental/Content/GraphicsV5/Physics/V5_Physics_Wedge_12_CenteredUnit.asset	65181f39fd9db7a49b5f552fb315e771	RumbleSandstone	Elemental/Graphics V5/Rumble Rock Lit	d0239ba4c83ca2a4e8f8ebeea7e809c4	128	60.57
Earth Magic Runtime/Earth Rock Debris 117	V5_Physics_Pebble_17_CenteredUnit	Assets/Elemental/Content/GraphicsV5/Physics/V5_Physics_Pebble_17_CenteredUnit.asset	786e26bd15a909b41823b9ca0b79a1ce	RumbleSandstone	Elemental/Graphics V5/Rumble Rock Lit	d0239ba4c83ca2a4e8f8ebeea7e809c4	176	60.57
Earth Magic Runtime/Earth Rock Debris 118	V5_Physics_Pebble_18_CenteredUnit	Assets/Elemental/Content/GraphicsV5/Physics/V5_Physics_Pebble_18_CenteredUnit.asset	d301d08e10d46784cacc7651daf4505e	RumbleSandstone	Elemental/Graphics V5/Rumble Rock Lit	d0239ba4c83ca2a4e8f8ebeea7e809c4	140	60.57
Earth Magic Runtime/Earth Rock Debris 119	V5_Physics_Pebble_19_CenteredUnit	Assets/Elemental/Content/GraphicsV5/Physics/V5_Physics_Pebble_19_CenteredUnit.asset	8493c2eb14e433b4e9359c075fc7ac6e	RumbleSandstone	Elemental/Graphics V5/Rumble Rock Lit	d0239ba4c83ca2a4e8f8ebeea7e809c4	152	60.57
Earth Magic Runtime/Earth Rock Debris 120	V5_Physics_Wedge_12_CenteredUnit	Assets/Elemental/Content/GraphicsV5/Physics/V5_Physics_Wedge_12_CenteredUnit.asset	65181f39fd9db7a49b5f552fb315e771	RumbleSandstone	Elemental/Graphics V5/Rumble Rock Lit	d0239ba4c83ca2a4e8f8ebeea7e809c4	128	60.57
Earth Magic Runtime/Earth Rock Debris 121	V5_Physics_Pebble_17_CenteredUnit	Assets/Elemental/Content/GraphicsV5/Physics/V5_Physics_Pebble_17_CenteredUnit.asset	786e26bd15a909b41823b9ca0b79a1ce	RumbleSandstone	Elemental/Graphics V5/Rumble Rock Lit	d0239ba4c83ca2a4e8f8ebeea7e809c4	176	60.57
Earth Magic Runtime/Earth Rock Debris 122	V5_Physics_Pebble_18_CenteredUnit	Assets/Elemental/Content/GraphicsV5/Physics/V5_Physics_Pebble_18_CenteredUnit.asset	d301d08e10d46784cacc7651daf4505e	RumbleSandstone	Elemental/Graphics V5/Rumble Rock Lit	d0239ba4c83ca2a4e8f8ebeea7e809c4	140	60.57
Earth Magic Runtime/Earth Rock Debris 123	V5_Physics_Pebble_19_CenteredUnit	Assets/Elemental/Content/GraphicsV5/Physics/V5_Physics_Pebble_19_CenteredUnit.asset	8493c2eb14e433b4e9359c075fc7ac6e	RumbleSandstone	Elemental/Graphics V5/Rumble Rock Lit	d0239ba4c83ca2a4e8f8ebeea7e809c4	152	60.57
Earth Magic Runtime/Earth Rock Debris 124	V5_Physics_Wedge_12_CenteredUnit	Assets/Elemental/Content/GraphicsV5/Physics/V5_Physics_Wedge_12_CenteredUnit.asset	65181f39fd9db7a49b5f552fb315e771	RumbleSandstone	Elemental/Graphics V5/Rumble Rock Lit	d0239ba4c83ca2a4e8f8ebeea7e809c4	128	60.57
Earth Magic Runtime/Earth Rock Debris 125	V5_Physics_Pebble_17_CenteredUnit	Assets/Elemental/Content/GraphicsV5/Physics/V5_Physics_Pebble_17_CenteredUnit.asset	786e26bd15a909b41823b9ca0b79a1ce	RumbleSandstone	Elemental/Graphics V5/Rumble Rock Lit	d0239ba4c83ca2a4e8f8ebeea7e809c4	176	60.57
Earth Magic Runtime/Earth Rock Debris 126	V5_Physics_Pebble_18_CenteredUnit	Assets/Elemental/Content/GraphicsV5/Physics/V5_Physics_Pebble_18_CenteredUnit.asset	d301d08e10d46784cacc7651daf4505e	RumbleSandstone	Elemental/Graphics V5/Rumble Rock Lit	d0239ba4c83ca2a4e8f8ebeea7e809c4	140	60.57
Earth Magic Runtime/Earth Rock Debris 127	V5_Physics_Pebble_19_CenteredUnit	Assets/Elemental/Content/GraphicsV5/Physics/V5_Physics_Pebble_19_CenteredUnit.asset	8493c2eb14e433b4e9359c075fc7ac6e	RumbleSandstone	Elemental/Graphics V5/Rumble Rock Lit	d0239ba4c83ca2a4e8f8ebeea7e809c4	152	60.57
Earth Magic Runtime/Earth Rock Debris 128	V5_Physics_Wedge_12_CenteredUnit	Assets/Elemental/Content/GraphicsV5/Physics/V5_Physics_Wedge_12_CenteredUnit.asset	65181f39fd9db7a49b5f552fb315e771	RumbleSandstone	Elemental/Graphics V5/Rumble Rock Lit	d0239ba4c83ca2a4e8f8ebeea7e809c4	128	60.57
Earth Magic Runtime/Earth Rock Debris 129	V5_Physics_Pebble_17_CenteredUnit	Assets/Elemental/Content/GraphicsV5/Physics/V5_Physics_Pebble_17_CenteredUnit.asset	786e26bd15a909b41823b9ca0b79a1ce	RumbleSandstone	Elemental/Graphics V5/Rumble Rock Lit	d0239ba4c83ca2a4e8f8ebeea7e809c4	176	60.57
Earth Magic Runtime/Earth Rock Debris 130	V5_Physics_Pebble_18_CenteredUnit	Assets/Elemental/Content/GraphicsV5/Physics/V5_Physics_Pebble_18_CenteredUnit.asset	d301d08e10d46784cacc7651daf4505e	RumbleSandstone	Elemental/Graphics V5/Rumble Rock Lit	d0239ba4c83ca2a4e8f8ebeea7e809c4	140	60.57
Earth Magic Runtime/Earth Rock Debris 131	V5_Physics_Pebble_19_CenteredUnit	Assets/Elemental/Content/GraphicsV5/Physics/V5_Physics_Pebble_19_CenteredUnit.asset	8493c2eb14e433b4e9359c075fc7ac6e	RumbleSandstone	Elemental/Graphics V5/Rumble Rock Lit	d0239ba4c83ca2a4e8f8ebeea7e809c4	152	60.57
Earth Magic Runtime/Earth Rock Debris 132	V5_Physics_Wedge_12_CenteredUnit	Assets/Elemental/Content/GraphicsV5/Physics/V5_Physics_Wedge_12_CenteredUnit.asset	65181f39fd9db7a49b5f552fb315e771	RumbleSandstone	Elemental/Graphics V5/Rumble Rock Lit	d0239ba4c83ca2a4e8f8ebeea7e809c4	128	60.57
Earth Magic Runtime/Earth Rock Debris 133	V5_Physics_Pebble_17_CenteredUnit	Assets/Elemental/Content/GraphicsV5/Physics/V5_Physics_Pebble_17_CenteredUnit.asset	786e26bd15a909b41823b9ca0b79a1ce	RumbleSandstone	Elemental/Graphics V5/Rumble Rock Lit	d0239ba4c83ca2a4e8f8ebeea7e809c4	176	60.57
Earth Magic Runtime/Earth Rock Debris 134	V5_Physics_Pebble_18_CenteredUnit	Assets/Elemental/Content/GraphicsV5/Physics/V5_Physics_Pebble_18_CenteredUnit.asset	d301d08e10d46784cacc7651daf4505e	RumbleSandstone	Elemental/Graphics V5/Rumble Rock Lit	d0239ba4c83ca2a4e8f8ebeea7e809c4	140	60.57
Earth Magic Runtime/Earth Rock Debris 135	V5_Physics_Pebble_19_CenteredUnit	Assets/Elemental/Content/GraphicsV5/Physics/V5_Physics_Pebble_19_CenteredUnit.asset	8493c2eb14e433b4e9359c075fc7ac6e	RumbleSandstone	Elemental/Graphics V5/Rumble Rock Lit	d0239ba4c83ca2a4e8f8ebeea7e809c4	152	60.57
Earth Magic Runtime/Earth Rock Debris 136	V5_Physics_Wedge_12_CenteredUnit	Assets/Elemental/Content/GraphicsV5/Physics/V5_Physics_Wedge_12_CenteredUnit.asset	65181f39fd9db7a49b5f552fb315e771	RumbleSandstone	Elemental/Graphics V5/Rumble Rock Lit	d0239ba4c83ca2a4e8f8ebeea7e809c4	128	60.57
Earth Magic Runtime/Earth Rock Debris 137	V5_Physics_Pebble_17_CenteredUnit	Assets/Elemental/Content/GraphicsV5/Physics/V5_Physics_Pebble_17_CenteredUnit.asset	786e26bd15a909b41823b9ca0b79a1ce	RumbleSandstone	Elemental/Graphics V5/Rumble Rock Lit	d0239ba4c83ca2a4e8f8ebeea7e809c4	176	60.57
Earth Magic Runtime/Earth Rock Debris 138	V5_Physics_Pebble_18_CenteredUnit	Assets/Elemental/Content/GraphicsV5/Physics/V5_Physics_Pebble_18_CenteredUnit.asset	d301d08e10d46784cacc7651daf4505e	RumbleSandstone	Elemental/Graphics V5/Rumble Rock Lit	d0239ba4c83ca2a4e8f8ebeea7e809c4	140	60.57
Earth Magic Runtime/Earth Rock Debris 139	V5_Physics_Pebble_19_CenteredUnit	Assets/Elemental/Content/GraphicsV5/Physics/V5_Physics_Pebble_19_CenteredUnit.asset	8493c2eb14e433b4e9359c075fc7ac6e	RumbleSandstone	Elemental/Graphics V5/Rumble Rock Lit	d0239ba4c83ca2a4e8f8ebeea7e809c4	152	60.57
Earth Magic Runtime/Earth Rock Debris 140	V5_Physics_Wedge_12_CenteredUnit	Assets/Elemental/Content/GraphicsV5/Physics/V5_Physics_Wedge_12_CenteredUnit.asset	65181f39fd9db7a49b5f552fb315e771	RumbleSandstone	Elemental/Graphics V5/Rumble Rock Lit	d0239ba4c83ca2a4e8f8ebeea7e809c4	128	60.57
Earth Magic Runtime/Earth Rock Debris 141	V5_Physics_Pebble_17_CenteredUnit	Assets/Elemental/Content/GraphicsV5/Physics/V5_Physics_Pebble_17_CenteredUnit.asset	786e26bd15a909b41823b9ca0b79a1ce	RumbleSandstone	Elemental/Graphics V5/Rumble Rock Lit	d0239ba4c83ca2a4e8f8ebeea7e809c4	176	60.57
Earth Magic Runtime/Earth Rock Debris 142	V5_Physics_Pebble_18_CenteredUnit	Assets/Elemental/Content/GraphicsV5/Physics/V5_Physics_Pebble_18_CenteredUnit.asset	d301d08e10d46784cacc7651daf4505e	RumbleSandstone	Elemental/Graphics V5/Rumble Rock Lit	d0239ba4c83ca2a4e8f8ebeea7e809c4	140	60.57
Earth Magic Runtime/Earth Rock Debris 143	V5_Physics_Pebble_19_CenteredUnit	Assets/Elemental/Content/GraphicsV5/Physics/V5_Physics_Pebble_19_CenteredUnit.asset	8493c2eb14e433b4e9359c075fc7ac6e	RumbleSandstone	Elemental/Graphics V5/Rumble Rock Lit	d0239ba4c83ca2a4e8f8ebeea7e809c4	152	60.57
Earth Magic Runtime/Earth Rock Debris 144	V5_Physics_Wedge_12_CenteredUnit	Assets/Elemental/Content/GraphicsV5/Physics/V5_Physics_Wedge_12_CenteredUnit.asset	65181f39fd9db7a49b5f552fb315e771	RumbleSandstone	Elemental/Graphics V5/Rumble Rock Lit	d0239ba4c83ca2a4e8f8ebeea7e809c4	128	60.57
Earth Magic Runtime/Earth Rock Debris 145	V5_Physics_Pebble_17_CenteredUnit	Assets/Elemental/Content/GraphicsV5/Physics/V5_Physics_Pebble_17_CenteredUnit.asset	786e26bd15a909b41823b9ca0b79a1ce	RumbleSandstone	Elemental/Graphics V5/Rumble Rock Lit	d0239ba4c83ca2a4e8f8ebeea7e809c4	176	60.57
Earth Magic Runtime/Earth Rock Debris 146	V5_Physics_Pebble_18_CenteredUnit	Assets/Elemental/Content/GraphicsV5/Physics/V5_Physics_Pebble_18_CenteredUnit.asset	d301d08e10d46784cacc7651daf4505e	RumbleSandstone	Elemental/Graphics V5/Rumble Rock Lit	d0239ba4c83ca2a4e8f8ebeea7e809c4	140	60.57
Earth Magic Runtime/Earth Rock Debris 147	V5_Physics_Pebble_19_CenteredUnit	Assets/Elemental/Content/GraphicsV5/Physics/V5_Physics_Pebble_19_CenteredUnit.asset	8493c2eb14e433b4e9359c075fc7ac6e	RumbleSandstone	Elemental/Graphics V5/Rumble Rock Lit	d0239ba4c83ca2a4e8f8ebeea7e809c4	152	60.57
Earth Magic Runtime/Earth Rock Debris 148	V5_Physics_Wedge_12_CenteredUnit	Assets/Elemental/Content/GraphicsV5/Physics/V5_Physics_Wedge_12_CenteredUnit.asset	65181f39fd9db7a49b5f552fb315e771	RumbleSandstone	Elemental/Graphics V5/Rumble Rock Lit	d0239ba4c83ca2a4e8f8ebeea7e809c4	128	60.57
Earth Magic Runtime/Earth Rock Debris 149	V5_Physics_Pebble_17_CenteredUnit	Assets/Elemental/Content/GraphicsV5/Physics/V5_Physics_Pebble_17_CenteredUnit.asset	786e26bd15a909b41823b9ca0b79a1ce	RumbleSandstone	Elemental/Graphics V5/Rumble Rock Lit	d0239ba4c83ca2a4e8f8ebeea7e809c4	176	60.57
Earth Magic Runtime/Earth Rock Debris 150	V5_Physics_Pebble_18_CenteredUnit	Assets/Elemental/Content/GraphicsV5/Physics/V5_Physics_Pebble_18_CenteredUnit.asset	d301d08e10d46784cacc7651daf4505e	RumbleSandstone	Elemental/Graphics V5/Rumble Rock Lit	d0239ba4c83ca2a4e8f8ebeea7e809c4	140	60.57
Earth Magic Runtime/Earth Rock Debris 151	V5_Physics_Pebble_19_CenteredUnit	Assets/Elemental/Content/GraphicsV5/Physics/V5_Physics_Pebble_19_CenteredUnit.asset	8493c2eb14e433b4e9359c075fc7ac6e	RumbleSandstone	Elemental/Graphics V5/Rumble Rock Lit	d0239ba4c83ca2a4e8f8ebeea7e809c4	152	60.57
Earth Magic Runtime/Earth Rock Debris 152	V5_Physics_Wedge_12_CenteredUnit	Assets/Elemental/Content/GraphicsV5/Physics/V5_Physics_Wedge_12_CenteredUnit.asset	65181f39fd9db7a49b5f552fb315e771	RumbleSandstone	Elemental/Graphics V5/Rumble Rock Lit	d0239ba4c83ca2a4e8f8ebeea7e809c4	128	60.57
Earth Magic Runtime/Earth Rock Debris 153	V5_Physics_Pebble_17_CenteredUnit	Assets/Elemental/Content/GraphicsV5/Physics/V5_Physics_Pebble_17_CenteredUnit.asset	786e26bd15a909b41823b9ca0b79a1ce	RumbleSandstone	Elemental/Graphics V5/Rumble Rock Lit	d0239ba4c83ca2a4e8f8ebeea7e809c4	176	60.57
Earth Magic Runtime/Earth Rock Debris 154	V5_Physics_Pebble_18_CenteredUnit	Assets/Elemental/Content/GraphicsV5/Physics/V5_Physics_Pebble_18_CenteredUnit.asset	d301d08e10d46784cacc7651daf4505e	RumbleSandstone	Elemental/Graphics V5/Rumble Rock Lit	d0239ba4c83ca2a4e8f8ebeea7e809c4	140	60.57
Earth Magic Runtime/Earth Rock Debris 155	V5_Physics_Pebble_19_CenteredUnit	Assets/Elemental/Content/GraphicsV5/Physics/V5_Physics_Pebble_19_CenteredUnit.asset	8493c2eb14e433b4e9359c075fc7ac6e	RumbleSandstone	Elemental/Graphics V5/Rumble Rock Lit	d0239ba4c83ca2a4e8f8ebeea7e809c4	152	60.57
Earth Magic Runtime/Earth Rock Debris 156	V5_Physics_Wedge_12_CenteredUnit	Assets/Elemental/Content/GraphicsV5/Physics/V5_Physics_Wedge_12_CenteredUnit.asset	65181f39fd9db7a49b5f552fb315e771	RumbleSandstone	Elemental/Graphics V5/Rumble Rock Lit	d0239ba4c83ca2a4e8f8ebeea7e809c4	128	60.57
Earth Magic Runtime/Earth Rock Debris 157	V5_Physics_Pebble_17_CenteredUnit	Assets/Elemental/Content/GraphicsV5/Physics/V5_Physics_Pebble_17_CenteredUnit.asset	786e26bd15a909b41823b9ca0b79a1ce	RumbleSandstone	Elemental/Graphics V5/Rumble Rock Lit	d0239ba4c83ca2a4e8f8ebeea7e809c4	176	60.57
Earth Magic Runtime/Earth Rock Debris 158	V5_Physics_Pebble_18_CenteredUnit	Assets/Elemental/Content/GraphicsV5/Physics/V5_Physics_Pebble_18_CenteredUnit.asset	d301d08e10d46784cacc7651daf4505e	RumbleSandstone	Elemental/Graphics V5/Rumble Rock Lit	d0239ba4c83ca2a4e8f8ebeea7e809c4	140	60.57
Earth Magic Runtime/Earth Rock Debris 159	V5_Physics_Pebble_19_CenteredUnit	Assets/Elemental/Content/GraphicsV5/Physics/V5_Physics_Pebble_19_CenteredUnit.asset	8493c2eb14e433b4e9359c075fc7ac6e	RumbleSandstone	Elemental/Graphics V5/Rumble Rock Lit	d0239ba4c83ca2a4e8f8ebeea7e809c4	152	60.57
Earth Magic Runtime/Earth Rock Debris 160	V5_Physics_Wedge_12_CenteredUnit	Assets/Elemental/Content/GraphicsV5/Physics/V5_Physics_Wedge_12_CenteredUnit.asset	65181f39fd9db7a49b5f552fb315e771	RumbleSandstone	Elemental/Graphics V5/Rumble Rock Lit	d0239ba4c83ca2a4e8f8ebeea7e809c4	128	60.57
Earth Magic Runtime/Earth Rock Debris 161	V5_Physics_Pebble_17_CenteredUnit	Assets/Elemental/Content/GraphicsV5/Physics/V5_Physics_Pebble_17_CenteredUnit.asset	786e26bd15a909b41823b9ca0b79a1ce	RumbleSandstone	Elemental/Graphics V5/Rumble Rock Lit	d0239ba4c83ca2a4e8f8ebeea7e809c4	176	60.57
Earth Magic Runtime/Earth Rock Debris 162	V5_Physics_Pebble_18_CenteredUnit	Assets/Elemental/Content/GraphicsV5/Physics/V5_Physics_Pebble_18_CenteredUnit.asset	d301d08e10d46784cacc7651daf4505e	RumbleSandstone	Elemental/Graphics V5/Rumble Rock Lit	d0239ba4c83ca2a4e8f8ebeea7e809c4	140	60.57
Earth Magic Runtime/Earth Rock Debris 163	V5_Physics_Pebble_19_CenteredUnit	Assets/Elemental/Content/GraphicsV5/Physics/V5_Physics_Pebble_19_CenteredUnit.asset	8493c2eb14e433b4e9359c075fc7ac6e	RumbleSandstone	Elemental/Graphics V5/Rumble Rock Lit	d0239ba4c83ca2a4e8f8ebeea7e809c4	152	60.57
Earth Magic Runtime/Earth Rock Debris 164	V5_Physics_Wedge_12_CenteredUnit	Assets/Elemental/Content/GraphicsV5/Physics/V5_Physics_Wedge_12_CenteredUnit.asset	65181f39fd9db7a49b5f552fb315e771	RumbleSandstone	Elemental/Graphics V5/Rumble Rock Lit	d0239ba4c83ca2a4e8f8ebeea7e809c4	128	60.57
Earth Magic Runtime/Earth Rock Debris 165	V5_Physics_Pebble_17_CenteredUnit	Assets/Elemental/Content/GraphicsV5/Physics/V5_Physics_Pebble_17_CenteredUnit.asset	786e26bd15a909b41823b9ca0b79a1ce	RumbleSandstone	Elemental/Graphics V5/Rumble Rock Lit	d0239ba4c83ca2a4e8f8ebeea7e809c4	176	60.57
Earth Magic Runtime/Earth Rock Debris 166	V5_Physics_Pebble_18_CenteredUnit	Assets/Elemental/Content/GraphicsV5/Physics/V5_Physics_Pebble_18_CenteredUnit.asset	d301d08e10d46784cacc7651daf4505e	RumbleSandstone	Elemental/Graphics V5/Rumble Rock Lit	d0239ba4c83ca2a4e8f8ebeea7e809c4	140	60.57
Earth Magic Runtime/Earth Rock Debris 167	V5_Physics_Pebble_19_CenteredUnit	Assets/Elemental/Content/GraphicsV5/Physics/V5_Physics_Pebble_19_CenteredUnit.asset	8493c2eb14e433b4e9359c075fc7ac6e	RumbleSandstone	Elemental/Graphics V5/Rumble Rock Lit	d0239ba4c83ca2a4e8f8ebeea7e809c4	152	60.57
Earth Magic Runtime/Earth Rock Debris 168	V5_Physics_Wedge_12_CenteredUnit	Assets/Elemental/Content/GraphicsV5/Physics/V5_Physics_Wedge_12_CenteredUnit.asset	65181f39fd9db7a49b5f552fb315e771	RumbleSandstone	Elemental/Graphics V5/Rumble Rock Lit	d0239ba4c83ca2a4e8f8ebeea7e809c4	128	60.57
Earth Magic Runtime/Earth Rock Debris 169	V5_Physics_Pebble_17_CenteredUnit	Assets/Elemental/Content/GraphicsV5/Physics/V5_Physics_Pebble_17_CenteredUnit.asset	786e26bd15a909b41823b9ca0b79a1ce	RumbleSandstone	Elemental/Graphics V5/Rumble Rock Lit	d0239ba4c83ca2a4e8f8ebeea7e809c4	176	60.57
Earth Magic Runtime/Earth Rock Debris 170	V5_Physics_Pebble_18_CenteredUnit	Assets/Elemental/Content/GraphicsV5/Physics/V5_Physics_Pebble_18_CenteredUnit.asset	d301d08e10d46784cacc7651daf4505e	RumbleSandstone	Elemental/Graphics V5/Rumble Rock Lit	d0239ba4c83ca2a4e8f8ebeea7e809c4	140	60.57
Earth Magic Runtime/Earth Rock Debris 171	V5_Physics_Pebble_19_CenteredUnit	Assets/Elemental/Content/GraphicsV5/Physics/V5_Physics_Pebble_19_CenteredUnit.asset	8493c2eb14e433b4e9359c075fc7ac6e	RumbleSandstone	Elemental/Graphics V5/Rumble Rock Lit	d0239ba4c83ca2a4e8f8ebeea7e809c4	152	60.57
Earth Magic Runtime/Earth Rock Debris 172	V5_Physics_Wedge_12_CenteredUnit	Assets/Elemental/Content/GraphicsV5/Physics/V5_Physics_Wedge_12_CenteredUnit.asset	65181f39fd9db7a49b5f552fb315e771	RumbleSandstone	Elemental/Graphics V5/Rumble Rock Lit	d0239ba4c83ca2a4e8f8ebeea7e809c4	128	60.57
Earth Magic Runtime/Earth Rock Debris 173	V5_Physics_Pebble_17_CenteredUnit	Assets/Elemental/Content/GraphicsV5/Physics/V5_Physics_Pebble_17_CenteredUnit.asset	786e26bd15a909b41823b9ca0b79a1ce	RumbleSandstone	Elemental/Graphics V5/Rumble Rock Lit	d0239ba4c83ca2a4e8f8ebeea7e809c4	176	60.57
Earth Magic Runtime/Earth Rock Debris 174	V5_Physics_Pebble_18_CenteredUnit	Assets/Elemental/Content/GraphicsV5/Physics/V5_Physics_Pebble_18_CenteredUnit.asset	d301d08e10d46784cacc7651daf4505e	RumbleSandstone	Elemental/Graphics V5/Rumble Rock Lit	d0239ba4c83ca2a4e8f8ebeea7e809c4	140	60.57
Earth Magic Runtime/Earth Rock Debris 175	V5_Physics_Pebble_19_CenteredUnit	Assets/Elemental/Content/GraphicsV5/Physics/V5_Physics_Pebble_19_CenteredUnit.asset	8493c2eb14e433b4e9359c075fc7ac6e	RumbleSandstone	Elemental/Graphics V5/Rumble Rock Lit	d0239ba4c83ca2a4e8f8ebeea7e809c4	152	60.57
Earth Magic Runtime/Earth Rock Debris 176	V5_Physics_Wedge_12_CenteredUnit	Assets/Elemental/Content/GraphicsV5/Physics/V5_Physics_Wedge_12_CenteredUnit.asset	65181f39fd9db7a49b5f552fb315e771	RumbleSandstone	Elemental/Graphics V5/Rumble Rock Lit	d0239ba4c83ca2a4e8f8ebeea7e809c4	128	60.57
Earth Magic Runtime/Earth Rock Debris 177	V5_Physics_Pebble_17_CenteredUnit	Assets/Elemental/Content/GraphicsV5/Physics/V5_Physics_Pebble_17_CenteredUnit.asset	786e26bd15a909b41823b9ca0b79a1ce	RumbleSandstone	Elemental/Graphics V5/Rumble Rock Lit	d0239ba4c83ca2a4e8f8ebeea7e809c4	176	60.57
Earth Magic Runtime/Earth Rock Debris 178	V5_Physics_Pebble_18_CenteredUnit	Assets/Elemental/Content/GraphicsV5/Physics/V5_Physics_Pebble_18_CenteredUnit.asset	d301d08e10d46784cacc7651daf4505e	RumbleSandstone	Elemental/Graphics V5/Rumble Rock Lit	d0239ba4c83ca2a4e8f8ebeea7e809c4	140	60.57
Earth Magic Runtime/Earth Rock Debris 179	V5_Physics_Pebble_19_CenteredUnit	Assets/Elemental/Content/GraphicsV5/Physics/V5_Physics_Pebble_19_CenteredUnit.asset	8493c2eb14e433b4e9359c075fc7ac6e	RumbleSandstone	Elemental/Graphics V5/Rumble Rock Lit	d0239ba4c83ca2a4e8f8ebeea7e809c4	152	60.57
Earth Magic Runtime/Earth Rock Debris 180	V5_Physics_Wedge_12_CenteredUnit	Assets/Elemental/Content/GraphicsV5/Physics/V5_Physics_Wedge_12_CenteredUnit.asset	65181f39fd9db7a49b5f552fb315e771	RumbleSandstone	Elemental/Graphics V5/Rumble Rock Lit	d0239ba4c83ca2a4e8f8ebeea7e809c4	128	60.57
Earth Magic Runtime/Earth Rock Debris 181	V5_Physics_Pebble_17_CenteredUnit	Assets/Elemental/Content/GraphicsV5/Physics/V5_Physics_Pebble_17_CenteredUnit.asset	786e26bd15a909b41823b9ca0b79a1ce	RumbleSandstone	Elemental/Graphics V5/Rumble Rock Lit	d0239ba4c83ca2a4e8f8ebeea7e809c4	176	60.57
Earth Magic Runtime/Earth Rock Debris 182	V5_Physics_Pebble_18_CenteredUnit	Assets/Elemental/Content/GraphicsV5/Physics/V5_Physics_Pebble_18_CenteredUnit.asset	d301d08e10d46784cacc7651daf4505e	RumbleSandstone	Elemental/Graphics V5/Rumble Rock Lit	d0239ba4c83ca2a4e8f8ebeea7e809c4	140	60.57
Earth Magic Runtime/Earth Rock Debris 183	V5_Physics_Pebble_19_CenteredUnit	Assets/Elemental/Content/GraphicsV5/Physics/V5_Physics_Pebble_19_CenteredUnit.asset	8493c2eb14e433b4e9359c075fc7ac6e	RumbleSandstone	Elemental/Graphics V5/Rumble Rock Lit	d0239ba4c83ca2a4e8f8ebeea7e809c4	152	60.57
Earth Magic Runtime/Earth Rock Debris 184	V5_Physics_Wedge_12_CenteredUnit	Assets/Elemental/Content/GraphicsV5/Physics/V5_Physics_Wedge_12_CenteredUnit.asset	65181f39fd9db7a49b5f552fb315e771	RumbleSandstone	Elemental/Graphics V5/Rumble Rock Lit	d0239ba4c83ca2a4e8f8ebeea7e809c4	128	60.57
Earth Magic Runtime/Earth Rock Debris 185	V5_Physics_Pebble_17_CenteredUnit	Assets/Elemental/Content/GraphicsV5/Physics/V5_Physics_Pebble_17_CenteredUnit.asset	786e26bd15a909b41823b9ca0b79a1ce	RumbleSandstone	Elemental/Graphics V5/Rumble Rock Lit	d0239ba4c83ca2a4e8f8ebeea7e809c4	176	60.57
Earth Magic Runtime/Earth Rock Debris 186	V5_Physics_Pebble_18_CenteredUnit	Assets/Elemental/Content/GraphicsV5/Physics/V5_Physics_Pebble_18_CenteredUnit.asset	d301d08e10d46784cacc7651daf4505e	RumbleSandstone	Elemental/Graphics V5/Rumble Rock Lit	d0239ba4c83ca2a4e8f8ebeea7e809c4	140	60.57
Earth Magic Runtime/Earth Rock Debris 187	V5_Physics_Pebble_19_CenteredUnit	Assets/Elemental/Content/GraphicsV5/Physics/V5_Physics_Pebble_19_CenteredUnit.asset	8493c2eb14e433b4e9359c075fc7ac6e	RumbleSandstone	Elemental/Graphics V5/Rumble Rock Lit	d0239ba4c83ca2a4e8f8ebeea7e809c4	152	60.57
Earth Magic Runtime/Earth Rock Debris 188	V5_Physics_Wedge_12_CenteredUnit	Assets/Elemental/Content/GraphicsV5/Physics/V5_Physics_Wedge_12_CenteredUnit.asset	65181f39fd9db7a49b5f552fb315e771	RumbleSandstone	Elemental/Graphics V5/Rumble Rock Lit	d0239ba4c83ca2a4e8f8ebeea7e809c4	128	60.57
Earth Magic Runtime/Earth Rock Debris 189	V5_Physics_Pebble_17_CenteredUnit	Assets/Elemental/Content/GraphicsV5/Physics/V5_Physics_Pebble_17_CenteredUnit.asset	786e26bd15a909b41823b9ca0b79a1ce	RumbleSandstone	Elemental/Graphics V5/Rumble Rock Lit	d0239ba4c83ca2a4e8f8ebeea7e809c4	176	60.57
Earth Magic Runtime/Earth Rock Debris 190	V5_Physics_Pebble_18_CenteredUnit	Assets/Elemental/Content/GraphicsV5/Physics/V5_Physics_Pebble_18_CenteredUnit.asset	d301d08e10d46784cacc7651daf4505e	RumbleSandstone	Elemental/Graphics V5/Rumble Rock Lit	d0239ba4c83ca2a4e8f8ebeea7e809c4	140	60.57
Earth Magic Runtime/Earth Rock Debris 191	V5_Physics_Pebble_19_CenteredUnit	Assets/Elemental/Content/GraphicsV5/Physics/V5_Physics_Pebble_19_CenteredUnit.asset	8493c2eb14e433b4e9359c075fc7ac6e	RumbleSandstone	Elemental/Graphics V5/Rumble Rock Lit	d0239ba4c83ca2a4e8f8ebeea7e809c4	152	60.57
Earth Magic Runtime/Earth Rock Debris 192	V5_Physics_Wedge_12_CenteredUnit	Assets/Elemental/Content/GraphicsV5/Physics/V5_Physics_Wedge_12_CenteredUnit.asset	65181f39fd9db7a49b5f552fb315e771	RumbleSandstone	Elemental/Graphics V5/Rumble Rock Lit	d0239ba4c83ca2a4e8f8ebeea7e809c4	128	60.57
Earth Magic Runtime/Earth Rock Debris 193	V5_Physics_Pebble_17_CenteredUnit	Assets/Elemental/Content/GraphicsV5/Physics/V5_Physics_Pebble_17_CenteredUnit.asset	786e26bd15a909b41823b9ca0b79a1ce	RumbleSandstone	Elemental/Graphics V5/Rumble Rock Lit	d0239ba4c83ca2a4e8f8ebeea7e809c4	176	60.57
Earth Magic Runtime/Earth Rock Debris 194	V5_Physics_Pebble_18_CenteredUnit	Assets/Elemental/Content/GraphicsV5/Physics/V5_Physics_Pebble_18_CenteredUnit.asset	d301d08e10d46784cacc7651daf4505e	RumbleSandstone	Elemental/Graphics V5/Rumble Rock Lit	d0239ba4c83ca2a4e8f8ebeea7e809c4	140	60.57
Earth Magic Runtime/Earth Rock Debris 195	V5_Physics_Pebble_19_CenteredUnit	Assets/Elemental/Content/GraphicsV5/Physics/V5_Physics_Pebble_19_CenteredUnit.asset	8493c2eb14e433b4e9359c075fc7ac6e	RumbleSandstone	Elemental/Graphics V5/Rumble Rock Lit	d0239ba4c83ca2a4e8f8ebeea7e809c4	152	60.57
Earth Magic Runtime/Earth Rock Debris 196	V5_Physics_Wedge_12_CenteredUnit	Assets/Elemental/Content/GraphicsV5/Physics/V5_Physics_Wedge_12_CenteredUnit.asset	65181f39fd9db7a49b5f552fb315e771	RumbleSandstone	Elemental/Graphics V5/Rumble Rock Lit	d0239ba4c83ca2a4e8f8ebeea7e809c4	128	60.57
Earth Magic Runtime/Earth Rock Debris 197	V5_Physics_Pebble_17_CenteredUnit	Assets/Elemental/Content/GraphicsV5/Physics/V5_Physics_Pebble_17_CenteredUnit.asset	786e26bd15a909b41823b9ca0b79a1ce	RumbleSandstone	Elemental/Graphics V5/Rumble Rock Lit	d0239ba4c83ca2a4e8f8ebeea7e809c4	176	60.57
Earth Magic Runtime/Earth Rock Debris 198	V5_Physics_Pebble_18_CenteredUnit	Assets/Elemental/Content/GraphicsV5/Physics/V5_Physics_Pebble_18_CenteredUnit.asset	d301d08e10d46784cacc7651daf4505e	RumbleSandstone	Elemental/Graphics V5/Rumble Rock Lit	d0239ba4c83ca2a4e8f8ebeea7e809c4	140	60.57
Earth Magic Runtime/Earth Rock Debris 199	V5_Physics_Pebble_19_CenteredUnit	Assets/Elemental/Content/GraphicsV5/Physics/V5_Physics_Pebble_19_CenteredUnit.asset	8493c2eb14e433b4e9359c075fc7ac6e	RumbleSandstone	Elemental/Graphics V5/Rumble Rock Lit	d0239ba4c83ca2a4e8f8ebeea7e809c4	152	60.57
Earth Magic Runtime/Earth Rock Debris 200	V5_Physics_Wedge_12_CenteredUnit	Assets/Elemental/Content/GraphicsV5/Physics/V5_Physics_Wedge_12_CenteredUnit.asset	65181f39fd9db7a49b5f552fb315e771	RumbleSandstone	Elemental/Graphics V5/Rumble Rock Lit	d0239ba4c83ca2a4e8f8ebeea7e809c4	128	60.57
Earth Magic Runtime/Earth Rock Debris 201	V5_Physics_Pebble_17_CenteredUnit	Assets/Elemental/Content/GraphicsV5/Physics/V5_Physics_Pebble_17_CenteredUnit.asset	786e26bd15a909b41823b9ca0b79a1ce	RumbleSandstone	Elemental/Graphics V5/Rumble Rock Lit	d0239ba4c83ca2a4e8f8ebeea7e809c4	176	60.57
Earth Magic Runtime/Earth Rock Debris 202	V5_Physics_Pebble_18_CenteredUnit	Assets/Elemental/Content/GraphicsV5/Physics/V5_Physics_Pebble_18_CenteredUnit.asset	d301d08e10d46784cacc7651daf4505e	RumbleSandstone	Elemental/Graphics V5/Rumble Rock Lit	d0239ba4c83ca2a4e8f8ebeea7e809c4	140	60.57
Earth Magic Runtime/Earth Rock Debris 203	V5_Physics_Pebble_19_CenteredUnit	Assets/Elemental/Content/GraphicsV5/Physics/V5_Physics_Pebble_19_CenteredUnit.asset	8493c2eb14e433b4e9359c075fc7ac6e	RumbleSandstone	Elemental/Graphics V5/Rumble Rock Lit	d0239ba4c83ca2a4e8f8ebeea7e809c4	152	60.57
Earth Magic Runtime/Earth Rock Debris 204	V5_Physics_Wedge_12_CenteredUnit	Assets/Elemental/Content/GraphicsV5/Physics/V5_Physics_Wedge_12_CenteredUnit.asset	65181f39fd9db7a49b5f552fb315e771	RumbleSandstone	Elemental/Graphics V5/Rumble Rock Lit	d0239ba4c83ca2a4e8f8ebeea7e809c4	128	60.57
Earth Magic Runtime/Earth Rock Debris 205	V5_Physics_Pebble_17_CenteredUnit	Assets/Elemental/Content/GraphicsV5/Physics/V5_Physics_Pebble_17_CenteredUnit.asset	786e26bd15a909b41823b9ca0b79a1ce	RumbleSandstone	Elemental/Graphics V5/Rumble Rock Lit	d0239ba4c83ca2a4e8f8ebeea7e809c4	176	60.57
Earth Magic Runtime/Earth Rock Debris 206	V5_Physics_Pebble_18_CenteredUnit	Assets/Elemental/Content/GraphicsV5/Physics/V5_Physics_Pebble_18_CenteredUnit.asset	d301d08e10d46784cacc7651daf4505e	RumbleSandstone	Elemental/Graphics V5/Rumble Rock Lit	d0239ba4c83ca2a4e8f8ebeea7e809c4	140	60.57
Earth Magic Runtime/Earth Rock Debris 207	V5_Physics_Pebble_19_CenteredUnit	Assets/Elemental/Content/GraphicsV5/Physics/V5_Physics_Pebble_19_CenteredUnit.asset	8493c2eb14e433b4e9359c075fc7ac6e	RumbleSandstone	Elemental/Graphics V5/Rumble Rock Lit	d0239ba4c83ca2a4e8f8ebeea7e809c4	152	60.57
Earth Magic Runtime/Earth Rock Debris 208	V5_Physics_Wedge_12_CenteredUnit	Assets/Elemental/Content/GraphicsV5/Physics/V5_Physics_Wedge_12_CenteredUnit.asset	65181f39fd9db7a49b5f552fb315e771	RumbleSandstone	Elemental/Graphics V5/Rumble Rock Lit	d0239ba4c83ca2a4e8f8ebeea7e809c4	128	60.57
Earth Magic Runtime/Earth Rock Debris 209	V5_Physics_Pebble_17_CenteredUnit	Assets/Elemental/Content/GraphicsV5/Physics/V5_Physics_Pebble_17_CenteredUnit.asset	786e26bd15a909b41823b9ca0b79a1ce	RumbleSandstone	Elemental/Graphics V5/Rumble Rock Lit	d0239ba4c83ca2a4e8f8ebeea7e809c4	176	60.57
Earth Magic Runtime/Earth Rock Debris 210	V5_Physics_Pebble_18_CenteredUnit	Assets/Elemental/Content/GraphicsV5/Physics/V5_Physics_Pebble_18_CenteredUnit.asset	d301d08e10d46784cacc7651daf4505e	RumbleSandstone	Elemental/Graphics V5/Rumble Rock Lit	d0239ba4c83ca2a4e8f8ebeea7e809c4	140	60.57
Earth Magic Runtime/Earth Rock Debris 211	V5_Physics_Pebble_19_CenteredUnit	Assets/Elemental/Content/GraphicsV5/Physics/V5_Physics_Pebble_19_CenteredUnit.asset	8493c2eb14e433b4e9359c075fc7ac6e	RumbleSandstone	Elemental/Graphics V5/Rumble Rock Lit	d0239ba4c83ca2a4e8f8ebeea7e809c4	152	60.57
Earth Magic Runtime/Earth Rock Debris 212	V5_Physics_Wedge_12_CenteredUnit	Assets/Elemental/Content/GraphicsV5/Physics/V5_Physics_Wedge_12_CenteredUnit.asset	65181f39fd9db7a49b5f552fb315e771	RumbleSandstone	Elemental/Graphics V5/Rumble Rock Lit	d0239ba4c83ca2a4e8f8ebeea7e809c4	128	60.57
Earth Magic Runtime/Earth Rock Debris 213	V5_Physics_Pebble_17_CenteredUnit	Assets/Elemental/Content/GraphicsV5/Physics/V5_Physics_Pebble_17_CenteredUnit.asset	786e26bd15a909b41823b9ca0b79a1ce	RumbleSandstone	Elemental/Graphics V5/Rumble Rock Lit	d0239ba4c83ca2a4e8f8ebeea7e809c4	176	60.57
Earth Magic Runtime/Earth Rock Debris 214	V5_Physics_Pebble_18_CenteredUnit	Assets/Elemental/Content/GraphicsV5/Physics/V5_Physics_Pebble_18_CenteredUnit.asset	d301d08e10d46784cacc7651daf4505e	RumbleSandstone	Elemental/Graphics V5/Rumble Rock Lit	d0239ba4c83ca2a4e8f8ebeea7e809c4	140	60.57
Earth Magic Runtime/Earth Rock Debris 215	V5_Physics_Pebble_19_CenteredUnit	Assets/Elemental/Content/GraphicsV5/Physics/V5_Physics_Pebble_19_CenteredUnit.asset	8493c2eb14e433b4e9359c075fc7ac6e	RumbleSandstone	Elemental/Graphics V5/Rumble Rock Lit	d0239ba4c83ca2a4e8f8ebeea7e809c4	152	60.57
Earth Magic Runtime/Earth Rock Debris 216	V5_Physics_Wedge_12_CenteredUnit	Assets/Elemental/Content/GraphicsV5/Physics/V5_Physics_Wedge_12_CenteredUnit.asset	65181f39fd9db7a49b5f552fb315e771	RumbleSandstone	Elemental/Graphics V5/Rumble Rock Lit	d0239ba4c83ca2a4e8f8ebeea7e809c4	128	60.57
Earth Magic Runtime/Earth Rock Debris 217	V5_Physics_Pebble_17_CenteredUnit	Assets/Elemental/Content/GraphicsV5/Physics/V5_Physics_Pebble_17_CenteredUnit.asset	786e26bd15a909b41823b9ca0b79a1ce	RumbleSandstone	Elemental/Graphics V5/Rumble Rock Lit	d0239ba4c83ca2a4e8f8ebeea7e809c4	176	60.57
Earth Magic Runtime/Earth Rock Debris 218	V5_Physics_Pebble_18_CenteredUnit	Assets/Elemental/Content/GraphicsV5/Physics/V5_Physics_Pebble_18_CenteredUnit.asset	d301d08e10d46784cacc7651daf4505e	RumbleSandstone	Elemental/Graphics V5/Rumble Rock Lit	d0239ba4c83ca2a4e8f8ebeea7e809c4	140	60.57
Earth Magic Runtime/Earth Rock Debris 219	V5_Physics_Pebble_19_CenteredUnit	Assets/Elemental/Content/GraphicsV5/Physics/V5_Physics_Pebble_19_CenteredUnit.asset	8493c2eb14e433b4e9359c075fc7ac6e	RumbleSandstone	Elemental/Graphics V5/Rumble Rock Lit	d0239ba4c83ca2a4e8f8ebeea7e809c4	152	60.57
Earth Magic Runtime/Earth Rock Debris 220	V5_Physics_Wedge_12_CenteredUnit	Assets/Elemental/Content/GraphicsV5/Physics/V5_Physics_Wedge_12_CenteredUnit.asset	65181f39fd9db7a49b5f552fb315e771	RumbleSandstone	Elemental/Graphics V5/Rumble Rock Lit	d0239ba4c83ca2a4e8f8ebeea7e809c4	128	60.57
Earth Magic Runtime/Earth Rock Debris 221	V5_Physics_Pebble_17_CenteredUnit	Assets/Elemental/Content/GraphicsV5/Physics/V5_Physics_Pebble_17_CenteredUnit.asset	786e26bd15a909b41823b9ca0b79a1ce	RumbleSandstone	Elemental/Graphics V5/Rumble Rock Lit	d0239ba4c83ca2a4e8f8ebeea7e809c4	176	60.57
Earth Magic Runtime/Earth Rock Debris 222	V5_Physics_Pebble_18_CenteredUnit	Assets/Elemental/Content/GraphicsV5/Physics/V5_Physics_Pebble_18_CenteredUnit.asset	d301d08e10d46784cacc7651daf4505e	RumbleSandstone	Elemental/Graphics V5/Rumble Rock Lit	d0239ba4c83ca2a4e8f8ebeea7e809c4	140	60.57
Earth Magic Runtime/Earth Rock Debris 223	V5_Physics_Pebble_19_CenteredUnit	Assets/Elemental/Content/GraphicsV5/Physics/V5_Physics_Pebble_19_CenteredUnit.asset	8493c2eb14e433b4e9359c075fc7ac6e	RumbleSandstone	Elemental/Graphics V5/Rumble Rock Lit	d0239ba4c83ca2a4e8f8ebeea7e809c4	152	60.57
Earth Magic Runtime/Earth Rock Debris 224	V5_Physics_Wedge_12_CenteredUnit	Assets/Elemental/Content/GraphicsV5/Physics/V5_Physics_Wedge_12_CenteredUnit.asset	65181f39fd9db7a49b5f552fb315e771	RumbleSandstone	Elemental/Graphics V5/Rumble Rock Lit	d0239ba4c83ca2a4e8f8ebeea7e809c4	128	60.57
Earth Magic Runtime/Earth Rock Debris 225	V5_Physics_Pebble_17_CenteredUnit	Assets/Elemental/Content/GraphicsV5/Physics/V5_Physics_Pebble_17_CenteredUnit.asset	786e26bd15a909b41823b9ca0b79a1ce	RumbleSandstone	Elemental/Graphics V5/Rumble Rock Lit	d0239ba4c83ca2a4e8f8ebeea7e809c4	176	60.57
Earth Magic Runtime/Earth Rock Debris 226	V5_Physics_Pebble_18_CenteredUnit	Assets/Elemental/Content/GraphicsV5/Physics/V5_Physics_Pebble_18_CenteredUnit.asset	d301d08e10d46784cacc7651daf4505e	RumbleSandstone	Elemental/Graphics V5/Rumble Rock Lit	d0239ba4c83ca2a4e8f8ebeea7e809c4	140	60.57
Earth Magic Runtime/Earth Rock Debris 227	V5_Physics_Pebble_19_CenteredUnit	Assets/Elemental/Content/GraphicsV5/Physics/V5_Physics_Pebble_19_CenteredUnit.asset	8493c2eb14e433b4e9359c075fc7ac6e	RumbleSandstone	Elemental/Graphics V5/Rumble Rock Lit	d0239ba4c83ca2a4e8f8ebeea7e809c4	152	60.57
Earth Magic Runtime/Earth Rock Debris 228	V5_Physics_Wedge_12_CenteredUnit	Assets/Elemental/Content/GraphicsV5/Physics/V5_Physics_Wedge_12_CenteredUnit.asset	65181f39fd9db7a49b5f552fb315e771	RumbleSandstone	Elemental/Graphics V5/Rumble Rock Lit	d0239ba4c83ca2a4e8f8ebeea7e809c4	128	60.57
Earth Magic Runtime/Earth Rock Debris 229	V5_Physics_Pebble_17_CenteredUnit	Assets/Elemental/Content/GraphicsV5/Physics/V5_Physics_Pebble_17_CenteredUnit.asset	786e26bd15a909b41823b9ca0b79a1ce	RumbleSandstone	Elemental/Graphics V5/Rumble Rock Lit	d0239ba4c83ca2a4e8f8ebeea7e809c4	176	60.57
Earth Magic Runtime/Earth Rock Debris 230	V5_Physics_Pebble_18_CenteredUnit	Assets/Elemental/Content/GraphicsV5/Physics/V5_Physics_Pebble_18_CenteredUnit.asset	d301d08e10d46784cacc7651daf4505e	RumbleSandstone	Elemental/Graphics V5/Rumble Rock Lit	d0239ba4c83ca2a4e8f8ebeea7e809c4	140	60.57
Earth Magic Runtime/Earth Rock Debris 231	V5_Physics_Pebble_19_CenteredUnit	Assets/Elemental/Content/GraphicsV5/Physics/V5_Physics_Pebble_19_CenteredUnit.asset	8493c2eb14e433b4e9359c075fc7ac6e	RumbleSandstone	Elemental/Graphics V5/Rumble Rock Lit	d0239ba4c83ca2a4e8f8ebeea7e809c4	152	60.57
Earth Magic Runtime/Earth Rock Debris 232	V5_Physics_Wedge_12_CenteredUnit	Assets/Elemental/Content/GraphicsV5/Physics/V5_Physics_Wedge_12_CenteredUnit.asset	65181f39fd9db7a49b5f552fb315e771	RumbleSandstone	Elemental/Graphics V5/Rumble Rock Lit	d0239ba4c83ca2a4e8f8ebeea7e809c4	128	60.57
Earth Magic Runtime/Earth Rock Debris 233	V5_Physics_Pebble_17_CenteredUnit	Assets/Elemental/Content/GraphicsV5/Physics/V5_Physics_Pebble_17_CenteredUnit.asset	786e26bd15a909b41823b9ca0b79a1ce	RumbleSandstone	Elemental/Graphics V5/Rumble Rock Lit	d0239ba4c83ca2a4e8f8ebeea7e809c4	176	60.57
Earth Magic Runtime/Earth Rock Debris 234	V5_Physics_Pebble_18_CenteredUnit	Assets/Elemental/Content/GraphicsV5/Physics/V5_Physics_Pebble_18_CenteredUnit.asset	d301d08e10d46784cacc7651daf4505e	RumbleSandstone	Elemental/Graphics V5/Rumble Rock Lit	d0239ba4c83ca2a4e8f8ebeea7e809c4	140	60.57
Earth Magic Runtime/Earth Rock Debris 235	V5_Physics_Pebble_19_CenteredUnit	Assets/Elemental/Content/GraphicsV5/Physics/V5_Physics_Pebble_19_CenteredUnit.asset	8493c2eb14e433b4e9359c075fc7ac6e	RumbleSandstone	Elemental/Graphics V5/Rumble Rock Lit	d0239ba4c83ca2a4e8f8ebeea7e809c4	152	60.57
Earth Magic Runtime/Earth Rock Debris 236	V5_Physics_Wedge_12_CenteredUnit	Assets/Elemental/Content/GraphicsV5/Physics/V5_Physics_Wedge_12_CenteredUnit.asset	65181f39fd9db7a49b5f552fb315e771	RumbleSandstone	Elemental/Graphics V5/Rumble Rock Lit	d0239ba4c83ca2a4e8f8ebeea7e809c4	128	60.57
Earth Magic Runtime/Earth Rock Debris 237	V5_Physics_Pebble_17_CenteredUnit	Assets/Elemental/Content/GraphicsV5/Physics/V5_Physics_Pebble_17_CenteredUnit.asset	786e26bd15a909b41823b9ca0b79a1ce	RumbleSandstone	Elemental/Graphics V5/Rumble Rock Lit	d0239ba4c83ca2a4e8f8ebeea7e809c4	176	60.57
Earth Magic Runtime/Earth Rock Debris 238	V5_Physics_Pebble_18_CenteredUnit	Assets/Elemental/Content/GraphicsV5/Physics/V5_Physics_Pebble_18_CenteredUnit.asset	d301d08e10d46784cacc7651daf4505e	RumbleSandstone	Elemental/Graphics V5/Rumble Rock Lit	d0239ba4c83ca2a4e8f8ebeea7e809c4	140	60.57
Earth Magic Runtime/Earth Rock Debris 239	V5_Physics_Pebble_19_CenteredUnit	Assets/Elemental/Content/GraphicsV5/Physics/V5_Physics_Pebble_19_CenteredUnit.asset	8493c2eb14e433b4e9359c075fc7ac6e	RumbleSandstone	Elemental/Graphics V5/Rumble Rock Lit	d0239ba4c83ca2a4e8f8ebeea7e809c4	152	60.57
Earth Magic Runtime/Earth Rock Debris 240	V5_Physics_Wedge_12_CenteredUnit	Assets/Elemental/Content/GraphicsV5/Physics/V5_Physics_Wedge_12_CenteredUnit.asset	65181f39fd9db7a49b5f552fb315e771	RumbleSandstone	Elemental/Graphics V5/Rumble Rock Lit	d0239ba4c83ca2a4e8f8ebeea7e809c4	128	60.57
Earth Magic Runtime/Earth Rock Debris 241	V5_Physics_Pebble_17_CenteredUnit	Assets/Elemental/Content/GraphicsV5/Physics/V5_Physics_Pebble_17_CenteredUnit.asset	786e26bd15a909b41823b9ca0b79a1ce	RumbleSandstone	Elemental/Graphics V5/Rumble Rock Lit	d0239ba4c83ca2a4e8f8ebeea7e809c4	176	60.57
Earth Magic Runtime/Earth Rock Debris 242	V5_Physics_Pebble_18_CenteredUnit	Assets/Elemental/Content/GraphicsV5/Physics/V5_Physics_Pebble_18_CenteredUnit.asset	d301d08e10d46784cacc7651daf4505e	RumbleSandstone	Elemental/Graphics V5/Rumble Rock Lit	d0239ba4c83ca2a4e8f8ebeea7e809c4	140	60.57
Earth Magic Runtime/Earth Rock Debris 243	V5_Physics_Pebble_19_CenteredUnit	Assets/Elemental/Content/GraphicsV5/Physics/V5_Physics_Pebble_19_CenteredUnit.asset	8493c2eb14e433b4e9359c075fc7ac6e	RumbleSandstone	Elemental/Graphics V5/Rumble Rock Lit	d0239ba4c83ca2a4e8f8ebeea7e809c4	152	60.57
Earth Magic Runtime/Earth Rock Debris 244	V5_Physics_Wedge_12_CenteredUnit	Assets/Elemental/Content/GraphicsV5/Physics/V5_Physics_Wedge_12_CenteredUnit.asset	65181f39fd9db7a49b5f552fb315e771	RumbleSandstone	Elemental/Graphics V5/Rumble Rock Lit	d0239ba4c83ca2a4e8f8ebeea7e809c4	128	60.57
Earth Magic Runtime/Earth Rock Debris 245	V5_Physics_Pebble_17_CenteredUnit	Assets/Elemental/Content/GraphicsV5/Physics/V5_Physics_Pebble_17_CenteredUnit.asset	786e26bd15a909b41823b9ca0b79a1ce	RumbleSandstone	Elemental/Graphics V5/Rumble Rock Lit	d0239ba4c83ca2a4e8f8ebeea7e809c4	176	60.57
Earth Magic Runtime/Earth Rock Debris 246	V5_Physics_Pebble_18_CenteredUnit	Assets/Elemental/Content/GraphicsV5/Physics/V5_Physics_Pebble_18_CenteredUnit.asset	d301d08e10d46784cacc7651daf4505e	RumbleSandstone	Elemental/Graphics V5/Rumble Rock Lit	d0239ba4c83ca2a4e8f8ebeea7e809c4	140	60.57
Earth Magic Runtime/Earth Rock Debris 247	V5_Physics_Pebble_19_CenteredUnit	Assets/Elemental/Content/GraphicsV5/Physics/V5_Physics_Pebble_19_CenteredUnit.asset	8493c2eb14e433b4e9359c075fc7ac6e	RumbleSandstone	Elemental/Graphics V5/Rumble Rock Lit	d0239ba4c83ca2a4e8f8ebeea7e809c4	152	60.57
Earth Magic Runtime/Earth Rock Debris 248	V5_Physics_Wedge_12_CenteredUnit	Assets/Elemental/Content/GraphicsV5/Physics/V5_Physics_Wedge_12_CenteredUnit.asset	65181f39fd9db7a49b5f552fb315e771	RumbleSandstone	Elemental/Graphics V5/Rumble Rock Lit	d0239ba4c83ca2a4e8f8ebeea7e809c4	128	60.57
Earth Magic Runtime/Earth Rock Debris 249	V5_Physics_Pebble_17_CenteredUnit	Assets/Elemental/Content/GraphicsV5/Physics/V5_Physics_Pebble_17_CenteredUnit.asset	786e26bd15a909b41823b9ca0b79a1ce	RumbleSandstone	Elemental/Graphics V5/Rumble Rock Lit	d0239ba4c83ca2a4e8f8ebeea7e809c4	176	60.57
Earth Magic Runtime/Earth Rock Debris 250	V5_Physics_Pebble_18_CenteredUnit	Assets/Elemental/Content/GraphicsV5/Physics/V5_Physics_Pebble_18_CenteredUnit.asset	d301d08e10d46784cacc7651daf4505e	RumbleSandstone	Elemental/Graphics V5/Rumble Rock Lit	d0239ba4c83ca2a4e8f8ebeea7e809c4	140	60.57
Earth Magic Runtime/Earth Rock Debris 251	V5_Physics_Pebble_19_CenteredUnit	Assets/Elemental/Content/GraphicsV5/Physics/V5_Physics_Pebble_19_CenteredUnit.asset	8493c2eb14e433b4e9359c075fc7ac6e	RumbleSandstone	Elemental/Graphics V5/Rumble Rock Lit	d0239ba4c83ca2a4e8f8ebeea7e809c4	152	60.57
Earth Magic Runtime/Earth Rock Debris 252	V5_Physics_Wedge_12_CenteredUnit	Assets/Elemental/Content/GraphicsV5/Physics/V5_Physics_Wedge_12_CenteredUnit.asset	65181f39fd9db7a49b5f552fb315e771	RumbleSandstone	Elemental/Graphics V5/Rumble Rock Lit	d0239ba4c83ca2a4e8f8ebeea7e809c4	128	60.57
Earth Magic Runtime/Earth Rock Debris 253	V5_Physics_Pebble_17_CenteredUnit	Assets/Elemental/Content/GraphicsV5/Physics/V5_Physics_Pebble_17_CenteredUnit.asset	786e26bd15a909b41823b9ca0b79a1ce	RumbleSandstone	Elemental/Graphics V5/Rumble Rock Lit	d0239ba4c83ca2a4e8f8ebeea7e809c4	176	60.57
Earth Magic Runtime/Earth Rock Debris 254	V5_Physics_Pebble_18_CenteredUnit	Assets/Elemental/Content/GraphicsV5/Physics/V5_Physics_Pebble_18_CenteredUnit.asset	d301d08e10d46784cacc7651daf4505e	RumbleSandstone	Elemental/Graphics V5/Rumble Rock Lit	d0239ba4c83ca2a4e8f8ebeea7e809c4	140	60.57
Earth Magic Runtime/Earth Rock Debris 255	V5_Physics_Pebble_19_CenteredUnit	Assets/Elemental/Content/GraphicsV5/Physics/V5_Physics_Pebble_19_CenteredUnit.asset	8493c2eb14e433b4e9359c075fc7ac6e	RumbleSandstone	Elemental/Graphics V5/Rumble Rock Lit	d0239ba4c83ca2a4e8f8ebeea7e809c4	152	60.57
Earth Magic Runtime/Earth Rock Debris 256	V5_Physics_Wedge_12_CenteredUnit	Assets/Elemental/Content/GraphicsV5/Physics/V5_Physics_Wedge_12_CenteredUnit.asset	65181f39fd9db7a49b5f552fb315e771	RumbleSandstone	Elemental/Graphics V5/Rumble Rock Lit	d0239ba4c83ca2a4e8f8ebeea7e809c4	128	60.57
Earth Magic Runtime/Earth Wave Column 01	EarthFacetedCell_00 Beveled Render			RumbleSandstone	Elemental/Graphics V5/Rumble Rock Lit	d0239ba4c83ca2a4e8f8ebeea7e809c4	149	60.57
Earth Magic Runtime/Earth Wave Column 02	EarthFacetedCell_01 Beveled Render			RumbleSandstone	Elemental/Graphics V5/Rumble Rock Lit	d0239ba4c83ca2a4e8f8ebeea7e809c4	276	60.58
Earth Magic Runtime/Earth Wave Column 03	EarthFacetedCell_02 Beveled Render			RumbleSandstone	Elemental/Graphics V5/Rumble Rock Lit	d0239ba4c83ca2a4e8f8ebeea7e809c4	444	60.56
Earth Magic Runtime/Earth Wave Column 04	EarthFacetedCell_03 Beveled Render			RumbleSandstone	Elemental/Graphics V5/Rumble Rock Lit	d0239ba4c83ca2a4e8f8ebeea7e809c4	143	60.60
Earth Magic Runtime/Earth Wave Column 05	EarthFacetedCell_04 Beveled Render			RumbleSandstone	Elemental/Graphics V5/Rumble Rock Lit	d0239ba4c83ca2a4e8f8ebeea7e809c4	317	60.57
Earth Magic Runtime/Earth Wave Column 06	EarthFacetedCell_05 Beveled Render			RumbleSandstone	Elemental/Graphics V5/Rumble Rock Lit	d0239ba4c83ca2a4e8f8ebeea7e809c4	410	60.56
Earth Magic Runtime/Earth Wave Column 07	EarthFacetedCell_00 Beveled Render			RumbleSandstone	Elemental/Graphics V5/Rumble Rock Lit	d0239ba4c83ca2a4e8f8ebeea7e809c4	149	60.57
Earth Magic Runtime/Earth Wave Column 08	EarthFacetedCell_01 Beveled Render			RumbleSandstone	Elemental/Graphics V5/Rumble Rock Lit	d0239ba4c83ca2a4e8f8ebeea7e809c4	276	60.58
Earth Magic Runtime/Earth Wave Column 09	EarthFacetedCell_02 Beveled Render			RumbleSandstone	Elemental/Graphics V5/Rumble Rock Lit	d0239ba4c83ca2a4e8f8ebeea7e809c4	444	60.56
Earth Magic Runtime/Earth Wave Column 10	EarthFacetedCell_03 Beveled Render			RumbleSandstone	Elemental/Graphics V5/Rumble Rock Lit	d0239ba4c83ca2a4e8f8ebeea7e809c4	143	60.60
Earth Magic Runtime/Earth Wave Column 11	EarthFacetedCell_04 Beveled Render			RumbleSandstone	Elemental/Graphics V5/Rumble Rock Lit	d0239ba4c83ca2a4e8f8ebeea7e809c4	317	60.57
Earth Magic Runtime/Earth Wave Column 12	EarthFacetedCell_05 Beveled Render			RumbleSandstone	Elemental/Graphics V5/Rumble Rock Lit	d0239ba4c83ca2a4e8f8ebeea7e809c4	410	60.56
Earth Magic Runtime/Earth Wave Column 13	EarthFacetedCell_00 Beveled Render			RumbleSandstone	Elemental/Graphics V5/Rumble Rock Lit	d0239ba4c83ca2a4e8f8ebeea7e809c4	149	60.57
Earth Magic Runtime/Earth Wave Column 14	EarthFacetedCell_01 Beveled Render			RumbleSandstone	Elemental/Graphics V5/Rumble Rock Lit	d0239ba4c83ca2a4e8f8ebeea7e809c4	276	60.58
Earth Magic Runtime/Earth Wave Column 15	EarthFacetedCell_02 Beveled Render			RumbleSandstone	Elemental/Graphics V5/Rumble Rock Lit	d0239ba4c83ca2a4e8f8ebeea7e809c4	444	60.56
Earth Magic Runtime/Earth Wave Column 16	EarthFacetedCell_03 Beveled Render			RumbleSandstone	Elemental/Graphics V5/Rumble Rock Lit	d0239ba4c83ca2a4e8f8ebeea7e809c4	143	60.60
Earth Magic Runtime/Earth Wave Column 17	EarthFacetedCell_04 Beveled Render			RumbleSandstone	Elemental/Graphics V5/Rumble Rock Lit	d0239ba4c83ca2a4e8f8ebeea7e809c4	317	60.57
Earth Magic Runtime/Earth Wave Column 18	EarthFacetedCell_05 Beveled Render			RumbleSandstone	Elemental/Graphics V5/Rumble Rock Lit	d0239ba4c83ca2a4e8f8ebeea7e809c4	410	60.56
Earth Magic Runtime/Earth Wave Column 19	EarthFacetedCell_00 Beveled Render			RumbleSandstone	Elemental/Graphics V5/Rumble Rock Lit	d0239ba4c83ca2a4e8f8ebeea7e809c4	149	60.57
Earth Magic Runtime/Earth Wave Column 20	EarthFacetedCell_01 Beveled Render			RumbleSandstone	Elemental/Graphics V5/Rumble Rock Lit	d0239ba4c83ca2a4e8f8ebeea7e809c4	276	60.58
Earth Magic Runtime/Earth Wave Column 21	EarthFacetedCell_02 Beveled Render			RumbleSandstone	Elemental/Graphics V5/Rumble Rock Lit	d0239ba4c83ca2a4e8f8ebeea7e809c4	444	60.56
Earth Magic Runtime/Earth Wave Column 22	EarthFacetedCell_03 Beveled Render			RumbleSandstone	Elemental/Graphics V5/Rumble Rock Lit	d0239ba4c83ca2a4e8f8ebeea7e809c4	143	60.60
Earth Magic Runtime/Earth Wave Column 23	EarthFacetedCell_04 Beveled Render			RumbleSandstone	Elemental/Graphics V5/Rumble Rock Lit	d0239ba4c83ca2a4e8f8ebeea7e809c4	317	60.57
Earth Magic Runtime/Earth Wave Column 24	EarthFacetedCell_05 Beveled Render			RumbleSandstone	Elemental/Graphics V5/Rumble Rock Lit	d0239ba4c83ca2a4e8f8ebeea7e809c4	410	60.56
Earth Magic Runtime/Earth Wave Column 25	EarthFacetedCell_00 Beveled Render			RumbleSandstone	Elemental/Graphics V5/Rumble Rock Lit	d0239ba4c83ca2a4e8f8ebeea7e809c4	149	60.57
Earth Magic Runtime/Earth Wave Column 26	EarthFacetedCell_01 Beveled Render			RumbleSandstone	Elemental/Graphics V5/Rumble Rock Lit	d0239ba4c83ca2a4e8f8ebeea7e809c4	276	60.58
Earth Magic Runtime/Earth Wave Column 27	EarthFacetedCell_02 Beveled Render			RumbleSandstone	Elemental/Graphics V5/Rumble Rock Lit	d0239ba4c83ca2a4e8f8ebeea7e809c4	444	60.56
Earth Magic Runtime/Earth Wave Column 28	EarthFacetedCell_03 Beveled Render			RumbleSandstone	Elemental/Graphics V5/Rumble Rock Lit	d0239ba4c83ca2a4e8f8ebeea7e809c4	143	60.60
Earth Magic Runtime/Earth Wave Column 29	EarthFacetedCell_04 Beveled Render			RumbleSandstone	Elemental/Graphics V5/Rumble Rock Lit	d0239ba4c83ca2a4e8f8ebeea7e809c4	317	60.57
Earth Magic Runtime/Earth Wave Column 30	EarthFacetedCell_05 Beveled Render			RumbleSandstone	Elemental/Graphics V5/Rumble Rock Lit	d0239ba4c83ca2a4e8f8ebeea7e809c4	410	60.56
Earth Magic Runtime/Earth Wave Column 31	EarthFacetedCell_00 Beveled Render			RumbleSandstone	Elemental/Graphics V5/Rumble Rock Lit	d0239ba4c83ca2a4e8f8ebeea7e809c4	149	60.57
Earth Magic Runtime/Earth Wave Column 32	EarthFacetedCell_01 Beveled Render			RumbleSandstone	Elemental/Graphics V5/Rumble Rock Lit	d0239ba4c83ca2a4e8f8ebeea7e809c4	276	60.58
Earth Magic Runtime/Earth Wave Column 33	EarthFacetedCell_02 Beveled Render			RumbleSandstone	Elemental/Graphics V5/Rumble Rock Lit	d0239ba4c83ca2a4e8f8ebeea7e809c4	444	60.56
Earth Magic Runtime/Earth Wave Column 34	EarthFacetedCell_03 Beveled Render			RumbleSandstone	Elemental/Graphics V5/Rumble Rock Lit	d0239ba4c83ca2a4e8f8ebeea7e809c4	143	60.60
Earth Magic Runtime/Earth Wave Column 35	EarthFacetedCell_04 Beveled Render			RumbleSandstone	Elemental/Graphics V5/Rumble Rock Lit	d0239ba4c83ca2a4e8f8ebeea7e809c4	317	60.57
Earth Magic Runtime/Earth Wave Column 36	EarthFacetedCell_05 Beveled Render			RumbleSandstone	Elemental/Graphics V5/Rumble Rock Lit	d0239ba4c83ca2a4e8f8ebeea7e809c4	410	60.56
Earth Magic Runtime/Earth Wave Column 37	EarthFacetedCell_00 Beveled Render			RumbleSandstone	Elemental/Graphics V5/Rumble Rock Lit	d0239ba4c83ca2a4e8f8ebeea7e809c4	149	60.57
Earth Magic Runtime/Earth Wave Column 38	EarthFacetedCell_01 Beveled Render			RumbleSandstone	Elemental/Graphics V5/Rumble Rock Lit	d0239ba4c83ca2a4e8f8ebeea7e809c4	276	60.58
Earth Magic Runtime/Earth Wave Column 39	EarthFacetedCell_02 Beveled Render			RumbleSandstone	Elemental/Graphics V5/Rumble Rock Lit	d0239ba4c83ca2a4e8f8ebeea7e809c4	444	60.56
Earth Magic Runtime/Earth Wave Column 40	EarthFacetedCell_03 Beveled Render			RumbleSandstone	Elemental/Graphics V5/Rumble Rock Lit	d0239ba4c83ca2a4e8f8ebeea7e809c4	143	60.60
Earth Magic Runtime/Earth Wave Column 41	EarthFacetedCell_04 Beveled Render			RumbleSandstone	Elemental/Graphics V5/Rumble Rock Lit	d0239ba4c83ca2a4e8f8ebeea7e809c4	317	60.57
Earth Magic Runtime/Earth Wave Column 42	EarthFacetedCell_05 Beveled Render			RumbleSandstone	Elemental/Graphics V5/Rumble Rock Lit	d0239ba4c83ca2a4e8f8ebeea7e809c4	410	60.56
Earth Magic Runtime/Earth Wave Column 43	EarthFacetedCell_00 Beveled Render			RumbleSandstone	Elemental/Graphics V5/Rumble Rock Lit	d0239ba4c83ca2a4e8f8ebeea7e809c4	149	60.57
Earth Magic Runtime/Earth Wave Column 44	EarthFacetedCell_01 Beveled Render			RumbleSandstone	Elemental/Graphics V5/Rumble Rock Lit	d0239ba4c83ca2a4e8f8ebeea7e809c4	276	60.58
Earth Magic Runtime/Earth Wave Column 45	EarthFacetedCell_02 Beveled Render			RumbleSandstone	Elemental/Graphics V5/Rumble Rock Lit	d0239ba4c83ca2a4e8f8ebeea7e809c4	444	60.56
Earth Magic Runtime/Earth Wave Column 46	EarthFacetedCell_03 Beveled Render			RumbleSandstone	Elemental/Graphics V5/Rumble Rock Lit	d0239ba4c83ca2a4e8f8ebeea7e809c4	143	60.60
Earth Magic Runtime/Earth Wave Column 47	EarthFacetedCell_04 Beveled Render			RumbleSandstone	Elemental/Graphics V5/Rumble Rock Lit	d0239ba4c83ca2a4e8f8ebeea7e809c4	317	60.57
Earth Magic Runtime/Earth Wave Column 48	EarthFacetedCell_05 Beveled Render			RumbleSandstone	Elemental/Graphics V5/Rumble Rock Lit	d0239ba4c83ca2a4e8f8ebeea7e809c4	410	60.56
Earth Magic Runtime/Earth Wave Column 49	EarthFacetedCell_00 Beveled Render			RumbleSandstone	Elemental/Graphics V5/Rumble Rock Lit	d0239ba4c83ca2a4e8f8ebeea7e809c4	149	60.57
Earth Magic Runtime/Earth Wave Column 50	EarthFacetedCell_01 Beveled Render			RumbleSandstone	Elemental/Graphics V5/Rumble Rock Lit	d0239ba4c83ca2a4e8f8ebeea7e809c4	276	60.58
Earth Magic Runtime/Earth Wave Column 51	EarthFacetedCell_02 Beveled Render			RumbleSandstone	Elemental/Graphics V5/Rumble Rock Lit	d0239ba4c83ca2a4e8f8ebeea7e809c4	444	60.56
Earth Magic Runtime/Earth Wave Column 52	EarthFacetedCell_03 Beveled Render			RumbleSandstone	Elemental/Graphics V5/Rumble Rock Lit	d0239ba4c83ca2a4e8f8ebeea7e809c4	143	60.60
Earth Magic Runtime/Earth Wave Column 53	EarthFacetedCell_04 Beveled Render			RumbleSandstone	Elemental/Graphics V5/Rumble Rock Lit	d0239ba4c83ca2a4e8f8ebeea7e809c4	317	60.57
Earth Magic Runtime/Earth Wave Column 54	EarthFacetedCell_05 Beveled Render			RumbleSandstone	Elemental/Graphics V5/Rumble Rock Lit	d0239ba4c83ca2a4e8f8ebeea7e809c4	410	60.56
Earth Magic Runtime/Earth Wave Column 55	EarthFacetedCell_00 Beveled Render			RumbleSandstone	Elemental/Graphics V5/Rumble Rock Lit	d0239ba4c83ca2a4e8f8ebeea7e809c4	149	60.57
Earth Magic Runtime/Earth Wave Column 56	EarthFacetedCell_01 Beveled Render			RumbleSandstone	Elemental/Graphics V5/Rumble Rock Lit	d0239ba4c83ca2a4e8f8ebeea7e809c4	276	60.58
Earth Magic Runtime/Earth Wave Column 57	EarthFacetedCell_02 Beveled Render			RumbleSandstone	Elemental/Graphics V5/Rumble Rock Lit	d0239ba4c83ca2a4e8f8ebeea7e809c4	444	60.56
Earth Magic Runtime/Earth Wave Column 58	EarthFacetedCell_03 Beveled Render			RumbleSandstone	Elemental/Graphics V5/Rumble Rock Lit	d0239ba4c83ca2a4e8f8ebeea7e809c4	143	60.60
Earth Magic Runtime/Earth Wave Column 59	EarthFacetedCell_04 Beveled Render			RumbleSandstone	Elemental/Graphics V5/Rumble Rock Lit	d0239ba4c83ca2a4e8f8ebeea7e809c4	317	60.57
Earth Magic Runtime/Earth Wave Column 60	EarthFacetedCell_05 Beveled Render			RumbleSandstone	Elemental/Graphics V5/Rumble Rock Lit	d0239ba4c83ca2a4e8f8ebeea7e809c4	410	60.56
Earth Magic Runtime/Earth Wave Column 61	EarthFacetedCell_00 Beveled Render			RumbleSandstone	Elemental/Graphics V5/Rumble Rock Lit	d0239ba4c83ca2a4e8f8ebeea7e809c4	149	60.57
Earth Magic Runtime/Earth Wave Column 62	EarthFacetedCell_01 Beveled Render			RumbleSandstone	Elemental/Graphics V5/Rumble Rock Lit	d0239ba4c83ca2a4e8f8ebeea7e809c4	276	60.58
Earth Magic Runtime/Earth Wave Column 63	EarthFacetedCell_02 Beveled Render			RumbleSandstone	Elemental/Graphics V5/Rumble Rock Lit	d0239ba4c83ca2a4e8f8ebeea7e809c4	444	60.56
Earth Magic Runtime/Earth Wave Column 64	EarthFacetedCell_03 Beveled Render			RumbleSandstone	Elemental/Graphics V5/Rumble Rock Lit	d0239ba4c83ca2a4e8f8ebeea7e809c4	143	60.60
Earth Magic Runtime/Earth Wave Column 65	EarthFacetedCell_04 Beveled Render			RumbleSandstone	Elemental/Graphics V5/Rumble Rock Lit	d0239ba4c83ca2a4e8f8ebeea7e809c4	317	60.57
Earth Magic Runtime/Earth Wave Column 66	EarthFacetedCell_05 Beveled Render			RumbleSandstone	Elemental/Graphics V5/Rumble Rock Lit	d0239ba4c83ca2a4e8f8ebeea7e809c4	410	60.56
Earth Magic Runtime/Earth Wave Column 67	EarthFacetedCell_00 Beveled Render			RumbleSandstone	Elemental/Graphics V5/Rumble Rock Lit	d0239ba4c83ca2a4e8f8ebeea7e809c4	149	60.57
Earth Magic Runtime/Earth Wave Column 68	EarthFacetedCell_01 Beveled Render			RumbleSandstone	Elemental/Graphics V5/Rumble Rock Lit	d0239ba4c83ca2a4e8f8ebeea7e809c4	276	60.58
Earth Magic Runtime/Earth Wave Column 69	EarthFacetedCell_02 Beveled Render			RumbleSandstone	Elemental/Graphics V5/Rumble Rock Lit	d0239ba4c83ca2a4e8f8ebeea7e809c4	444	60.56
Earth Magic Runtime/Earth Wave Column 70	EarthFacetedCell_03 Beveled Render			RumbleSandstone	Elemental/Graphics V5/Rumble Rock Lit	d0239ba4c83ca2a4e8f8ebeea7e809c4	143	60.60
Earth Magic Runtime/Earth Wave Column 71	EarthFacetedCell_04 Beveled Render			RumbleSandstone	Elemental/Graphics V5/Rumble Rock Lit	d0239ba4c83ca2a4e8f8ebeea7e809c4	317	60.57
Earth Magic Runtime/Earth Wave Column 72	EarthFacetedCell_05 Beveled Render			RumbleSandstone	Elemental/Graphics V5/Rumble Rock Lit	d0239ba4c83ca2a4e8f8ebeea7e809c4	410	60.56
Earth Magic Runtime/Earth Wave Column 73	EarthFacetedCell_00 Beveled Render			RumbleSandstone	Elemental/Graphics V5/Rumble Rock Lit	d0239ba4c83ca2a4e8f8ebeea7e809c4	149	60.57
Earth Magic Runtime/Earth Wave Column 74	EarthFacetedCell_01 Beveled Render			RumbleSandstone	Elemental/Graphics V5/Rumble Rock Lit	d0239ba4c83ca2a4e8f8ebeea7e809c4	276	60.58
Earth Magic Runtime/Earth Wave Column 75	EarthFacetedCell_02 Beveled Render			RumbleSandstone	Elemental/Graphics V5/Rumble Rock Lit	d0239ba4c83ca2a4e8f8ebeea7e809c4	444	60.56
Earth Magic Runtime/Earth Wave Column 76	EarthFacetedCell_03 Beveled Render			RumbleSandstone	Elemental/Graphics V5/Rumble Rock Lit	d0239ba4c83ca2a4e8f8ebeea7e809c4	143	60.60
Earth Magic Runtime/Earth Wave Column 77	EarthFacetedCell_04 Beveled Render			RumbleSandstone	Elemental/Graphics V5/Rumble Rock Lit	d0239ba4c83ca2a4e8f8ebeea7e809c4	317	60.57
Earth Magic Runtime/Earth Wave Column 78	EarthFacetedCell_05 Beveled Render			RumbleSandstone	Elemental/Graphics V5/Rumble Rock Lit	d0239ba4c83ca2a4e8f8ebeea7e809c4	410	60.56
Earth Magic Runtime/Earth Wave Column 79	EarthFacetedCell_00 Beveled Render			RumbleSandstone	Elemental/Graphics V5/Rumble Rock Lit	d0239ba4c83ca2a4e8f8ebeea7e809c4	149	60.57
Earth Magic Runtime/Earth Wave Column 80	EarthFacetedCell_01 Beveled Render			RumbleSandstone	Elemental/Graphics V5/Rumble Rock Lit	d0239ba4c83ca2a4e8f8ebeea7e809c4	276	60.58
Earth Magic Runtime/Earth Wave Column 81	EarthFacetedCell_02 Beveled Render			RumbleSandstone	Elemental/Graphics V5/Rumble Rock Lit	d0239ba4c83ca2a4e8f8ebeea7e809c4	444	60.56
Earth Magic Runtime/Earth Wave Column 82	EarthFacetedCell_03 Beveled Render			RumbleSandstone	Elemental/Graphics V5/Rumble Rock Lit	d0239ba4c83ca2a4e8f8ebeea7e809c4	143	60.60
Earth Magic Runtime/Earth Wave Column 83	EarthFacetedCell_04 Beveled Render			RumbleSandstone	Elemental/Graphics V5/Rumble Rock Lit	d0239ba4c83ca2a4e8f8ebeea7e809c4	317	60.57
Earth Magic Runtime/Earth Wave Column 84	EarthFacetedCell_05 Beveled Render			RumbleSandstone	Elemental/Graphics V5/Rumble Rock Lit	d0239ba4c83ca2a4e8f8ebeea7e809c4	410	60.56
Earth Magic Runtime/Earth Wave Column 85	EarthFacetedCell_00 Beveled Render			RumbleSandstone	Elemental/Graphics V5/Rumble Rock Lit	d0239ba4c83ca2a4e8f8ebeea7e809c4	149	60.57
Earth Magic Runtime/Earth Wave Column 86	EarthFacetedCell_01 Beveled Render			RumbleSandstone	Elemental/Graphics V5/Rumble Rock Lit	d0239ba4c83ca2a4e8f8ebeea7e809c4	276	60.58
Earth Magic Runtime/Earth Wave Column 87	EarthFacetedCell_02 Beveled Render			RumbleSandstone	Elemental/Graphics V5/Rumble Rock Lit	d0239ba4c83ca2a4e8f8ebeea7e809c4	444	60.56
Earth Magic Runtime/Earth Wave Column 88	EarthFacetedCell_03 Beveled Render			RumbleSandstone	Elemental/Graphics V5/Rumble Rock Lit	d0239ba4c83ca2a4e8f8ebeea7e809c4	143	60.60
Earth Magic Runtime/Earth Wave Column 89	EarthFacetedCell_04 Beveled Render			RumbleSandstone	Elemental/Graphics V5/Rumble Rock Lit	d0239ba4c83ca2a4e8f8ebeea7e809c4	317	60.57
Earth Magic Runtime/Earth Wave Column 90	EarthFacetedCell_05 Beveled Render			RumbleSandstone	Elemental/Graphics V5/Rumble Rock Lit	d0239ba4c83ca2a4e8f8ebeea7e809c4	410	60.56
Earth Magic Runtime/Earth Wave Column 91	EarthFacetedCell_00 Beveled Render			RumbleSandstone	Elemental/Graphics V5/Rumble Rock Lit	d0239ba4c83ca2a4e8f8ebeea7e809c4	149	60.57
Earth Magic Runtime/Earth Wave Column 92	EarthFacetedCell_01 Beveled Render			RumbleSandstone	Elemental/Graphics V5/Rumble Rock Lit	d0239ba4c83ca2a4e8f8ebeea7e809c4	276	60.58
Earth Magic Runtime/Earth Wave Column 93	EarthFacetedCell_02 Beveled Render			RumbleSandstone	Elemental/Graphics V5/Rumble Rock Lit	d0239ba4c83ca2a4e8f8ebeea7e809c4	444	60.56
Earth Magic Runtime/Earth Wave Column 94	EarthFacetedCell_03 Beveled Render			RumbleSandstone	Elemental/Graphics V5/Rumble Rock Lit	d0239ba4c83ca2a4e8f8ebeea7e809c4	143	60.60
Earth Magic Runtime/Earth Wave Column 95	EarthFacetedCell_04 Beveled Render			RumbleSandstone	Elemental/Graphics V5/Rumble Rock Lit	d0239ba4c83ca2a4e8f8ebeea7e809c4	317	60.57
Earth Magic Runtime/Earth Wave Column 96	EarthFacetedCell_05 Beveled Render			RumbleSandstone	Elemental/Graphics V5/Rumble Rock Lit	d0239ba4c83ca2a4e8f8ebeea7e809c4	410	60.56
Earth Magic Runtime/Earth Wall 01/VisualEmergenceRoot	Earth Wall Matched Broad Crown v2	Assets/Elemental/Content/Fracture/EarthWallFracture.asset	271e1a339e9a8ac428c277e82f56e6d8	RumbleSandstone	Elemental/Graphics V5/Rumble Rock Lit	d0239ba4c83ca2a4e8f8ebeea7e809c4	190	60.58
Earth Magic Runtime/Earth Wall 01/VisualEmergenceRoot	Earth Wall Matched Broad Crown v2	Assets/Elemental/Content/Fracture/EarthWallFracture.asset	271e1a339e9a8ac428c277e82f56e6d8	RumbleSandstone	Elemental/Graphics V5/Rumble Rock Lit	d0239ba4c83ca2a4e8f8ebeea7e809c4	190	60.58
Earth Magic Runtime/Earth Wall 01/Baked Piece 001	Earth Wall Baked Piece 001 Hard 001 Chipped Cell			RumbleSandstone	Elemental/Graphics V5/Rumble Rock Lit	d0239ba4c83ca2a4e8f8ebeea7e809c4	81	60.91
Earth Magic Runtime/Earth Wall 01/Baked Piece 001	Earth Wall Baked Piece 001 Hard 001 Chipped Cell			RumbleSandstone	Elemental/Graphics V5/Rumble Rock Lit	d0239ba4c83ca2a4e8f8ebeea7e809c4	81	60.91
Earth Magic Runtime/Earth Wall 01/Baked Piece 002	Earth Wall Baked Piece 002 Hard 002 Chipped Cell			RumbleSandstone	Elemental/Graphics V5/Rumble Rock Lit	d0239ba4c83ca2a4e8f8ebeea7e809c4	103	60.44
Earth Magic Runtime/Earth Wall 01/Baked Piece 002	Earth Wall Baked Piece 002 Hard 002 Chipped Cell			RumbleSandstone	Elemental/Graphics V5/Rumble Rock Lit	d0239ba4c83ca2a4e8f8ebeea7e809c4	103	60.44
Earth Magic Runtime/Earth Wall 01/Baked Piece 003	Earth Wall Baked Piece 003 Hard 003 Chipped Cell			RumbleSandstone	Elemental/Graphics V5/Rumble Rock Lit	d0239ba4c83ca2a4e8f8ebeea7e809c4	112	60.92
Earth Magic Runtime/Earth Wall 01/Baked Piece 003	Earth Wall Baked Piece 003 Hard 003 Chipped Cell			RumbleSandstone	Elemental/Graphics V5/Rumble Rock Lit	d0239ba4c83ca2a4e8f8ebeea7e809c4	112	60.92
Earth Magic Runtime/Earth Wall 01/Baked Piece 004	Earth Wall Baked Piece 004 Hard 004 Chipped Cell			RumbleSandstone	Elemental/Graphics V5/Rumble Rock Lit	d0239ba4c83ca2a4e8f8ebeea7e809c4	126	60.35
Earth Magic Runtime/Earth Wall 01/Baked Piece 004	Earth Wall Baked Piece 004 Hard 004 Chipped Cell			RumbleSandstone	Elemental/Graphics V5/Rumble Rock Lit	d0239ba4c83ca2a4e8f8ebeea7e809c4	126	60.35
Earth Magic Runtime/Earth Wall 01/Baked Piece 005	Earth Wall Baked Piece 005 Hard 005 Chipped Cell			RumbleSandstone	Elemental/Graphics V5/Rumble Rock Lit	d0239ba4c83ca2a4e8f8ebeea7e809c4	116	60.62
Earth Magic Runtime/Earth Wall 01/Baked Piece 005	Earth Wall Baked Piece 005 Hard 005 Chipped Cell			RumbleSandstone	Elemental/Graphics V5/Rumble Rock Lit	d0239ba4c83ca2a4e8f8ebeea7e809c4	116	60.62
Earth Magic Runtime/Earth Wall 01/Baked Piece 006	Earth Wall Baked Piece 006 Hard 006 Chipped Cell			RumbleSandstone	Elemental/Graphics V5/Rumble Rock Lit	d0239ba4c83ca2a4e8f8ebeea7e809c4	139	60.21
Earth Magic Runtime/Earth Wall 01/Baked Piece 006	Earth Wall Baked Piece 006 Hard 006 Chipped Cell			RumbleSandstone	Elemental/Graphics V5/Rumble Rock Lit	d0239ba4c83ca2a4e8f8ebeea7e809c4	139	60.21
Earth Magic Runtime/Earth Wall 01/Baked Piece 007	Earth Wall Baked Piece 007 Hard 007 Chipped Cell			RumbleSandstone	Elemental/Graphics V5/Rumble Rock Lit	d0239ba4c83ca2a4e8f8ebeea7e809c4	112	60.71
Earth Magic Runtime/Earth Wall 01/Baked Piece 007	Earth Wall Baked Piece 007 Hard 007 Chipped Cell			RumbleSandstone	Elemental/Graphics V5/Rumble Rock Lit	d0239ba4c83ca2a4e8f8ebeea7e809c4	112	60.71
Earth Magic Runtime/Earth Wall 01/Baked Piece 008	Earth Wall Baked Piece 008 Hard 008 Chipped Cell			RumbleSandstone	Elemental/Graphics V5/Rumble Rock Lit	d0239ba4c83ca2a4e8f8ebeea7e809c4	119	60.20
Earth Magic Runtime/Earth Wall 01/Baked Piece 008	Earth Wall Baked Piece 008 Hard 008 Chipped Cell			RumbleSandstone	Elemental/Graphics V5/Rumble Rock Lit	d0239ba4c83ca2a4e8f8ebeea7e809c4	119	60.20
Earth Magic Runtime/Earth Wall 01/Baked Piece 009	Earth Wall Baked Piece 009 Hard 009 Chipped Cell			RumbleSandstone	Elemental/Graphics V5/Rumble Rock Lit	d0239ba4c83ca2a4e8f8ebeea7e809c4	99	60.46
Earth Magic Runtime/Earth Wall 01/Baked Piece 009	Earth Wall Baked Piece 009 Hard 009 Chipped Cell			RumbleSandstone	Elemental/Graphics V5/Rumble Rock Lit	d0239ba4c83ca2a4e8f8ebeea7e809c4	99	60.46
Earth Magic Runtime/Earth Wall 01/Baked Piece 010	Earth Wall Baked Piece 010 Hard 010 Chipped Cell			RumbleSandstone	Elemental/Graphics V5/Rumble Rock Lit	d0239ba4c83ca2a4e8f8ebeea7e809c4	94	60.92
Earth Magic Runtime/Earth Wall 01/Baked Piece 010	Earth Wall Baked Piece 010 Hard 010 Chipped Cell			RumbleSandstone	Elemental/Graphics V5/Rumble Rock Lit	d0239ba4c83ca2a4e8f8ebeea7e809c4	94	60.92
Earth Magic Runtime/Earth Wall 01/Baked Piece 011	Earth Wall Baked Piece 011 Hard 011 Chipped Cell			RumbleSandstone	Elemental/Graphics V5/Rumble Rock Lit	d0239ba4c83ca2a4e8f8ebeea7e809c4	76	60.49
Earth Magic Runtime/Earth Wall 01/Baked Piece 011	Earth Wall Baked Piece 011 Hard 011 Chipped Cell			RumbleSandstone	Elemental/Graphics V5/Rumble Rock Lit	d0239ba4c83ca2a4e8f8ebeea7e809c4	76	60.49
Earth Magic Runtime/Earth Wall 01/Baked Piece 012	Earth Wall Baked Piece 012 Hard 012 Chipped Cell			RumbleSandstone	Elemental/Graphics V5/Rumble Rock Lit	d0239ba4c83ca2a4e8f8ebeea7e809c4	63	60.90
Earth Magic Runtime/Earth Wall 01/Baked Piece 012	Earth Wall Baked Piece 012 Hard 012 Chipped Cell			RumbleSandstone	Elemental/Graphics V5/Rumble Rock Lit	d0239ba4c83ca2a4e8f8ebeea7e809c4	63	60.90
Earth Magic Runtime/Earth Wall 01/Baked Piece 013	Earth Wall Baked Piece 013 Hard 013 Chipped Cell			RumbleSandstone	Elemental/Graphics V5/Rumble Rock Lit	d0239ba4c83ca2a4e8f8ebeea7e809c4	150	60.29
Earth Magic Runtime/Earth Wall 01/Baked Piece 013	Earth Wall Baked Piece 013 Hard 013 Chipped Cell			RumbleSandstone	Elemental/Graphics V5/Rumble Rock Lit	d0239ba4c83ca2a4e8f8ebeea7e809c4	150	60.29
Earth Magic Runtime/Earth Wall 01/Baked Piece 014	Earth Wall Baked Piece 014 Hard 014 Chipped Cell			RumbleSandstone	Elemental/Graphics V5/Rumble Rock Lit	d0239ba4c83ca2a4e8f8ebeea7e809c4	121	60.56
Earth Magic Runtime/Earth Wall 01/Baked Piece 014	Earth Wall Baked Piece 014 Hard 014 Chipped Cell			RumbleSandstone	Elemental/Graphics V5/Rumble Rock Lit	d0239ba4c83ca2a4e8f8ebeea7e809c4	121	60.56
Earth Magic Runtime/Earth Wall 01/Baked Piece 015	Earth Wall Baked Piece 015 Hard 015 Chipped Cell			RumbleSandstone	Elemental/Graphics V5/Rumble Rock Lit	d0239ba4c83ca2a4e8f8ebeea7e809c4	56	60.20
Earth Magic Runtime/Earth Wall 01/Baked Piece 015	Earth Wall Baked Piece 015 Hard 015 Chipped Cell			RumbleSandstone	Elemental/Graphics V5/Rumble Rock Lit	d0239ba4c83ca2a4e8f8ebeea7e809c4	56	60.20
Earth Magic Runtime/Earth Wall 01/Baked Piece 016	Earth Wall Baked Piece 016 Hard 016 Chipped Cell			RumbleSandstone	Elemental/Graphics V5/Rumble Rock Lit	d0239ba4c83ca2a4e8f8ebeea7e809c4	116	60.71
Earth Magic Runtime/Earth Wall 01/Baked Piece 016	Earth Wall Baked Piece 016 Hard 016 Chipped Cell			RumbleSandstone	Elemental/Graphics V5/Rumble Rock Lit	d0239ba4c83ca2a4e8f8ebeea7e809c4	116	60.71
Earth Magic Runtime/Earth Wall 01/Baked Piece 017	Earth Wall Baked Piece 017 Hard 017 Chipped Cell			RumbleSandstone	Elemental/Graphics V5/Rumble Rock Lit	d0239ba4c83ca2a4e8f8ebeea7e809c4	105	60.91
Earth Magic Runtime/Earth Wall 01/Baked Piece 017	Earth Wall Baked Piece 017 Hard 017 Chipped Cell			RumbleSandstone	Elemental/Graphics V5/Rumble Rock Lit	d0239ba4c83ca2a4e8f8ebeea7e809c4	105	60.91
Earth Magic Runtime/Earth Wall 01/Baked Piece 018	Earth Wall Baked Piece 018 Hard 018 Chipped Cell			RumbleSandstone	Elemental/Graphics V5/Rumble Rock Lit	d0239ba4c83ca2a4e8f8ebeea7e809c4	137	60.47
Earth Magic Runtime/Earth Wall 01/Baked Piece 018	Earth Wall Baked Piece 018 Hard 018 Chipped Cell			RumbleSandstone	Elemental/Graphics V5/Rumble Rock Lit	d0239ba4c83ca2a4e8f8ebeea7e809c4	137	60.47
Earth Magic Runtime/Earth Wall 01/Baked Piece 019	Earth Wall Baked Piece 019 Hard 019 Chipped Cell			RumbleSandstone	Elemental/Graphics V5/Rumble Rock Lit	d0239ba4c83ca2a4e8f8ebeea7e809c4	140	60.94
Earth Magic Runtime/Earth Wall 01/Baked Piece 019	Earth Wall Baked Piece 019 Hard 019 Chipped Cell			RumbleSandstone	Elemental/Graphics V5/Rumble Rock Lit	d0239ba4c83ca2a4e8f8ebeea7e809c4	140	60.94
Earth Magic Runtime/Earth Wall 01/Baked Piece 020	Earth Wall Baked Piece 020 Hard 020 Chipped Cell			RumbleSandstone	Elemental/Graphics V5/Rumble Rock Lit	d0239ba4c83ca2a4e8f8ebeea7e809c4	105	60.91
Earth Magic Runtime/Earth Wall 01/Baked Piece 020	Earth Wall Baked Piece 020 Hard 020 Chipped Cell			RumbleSandstone	Elemental/Graphics V5/Rumble Rock Lit	d0239ba4c83ca2a4e8f8ebeea7e809c4	105	60.91
Earth Magic Runtime/Earth Wall 01/Baked Piece 021	Earth Wall Baked Piece 021 Hard 021 Chipped Cell			RumbleSandstone	Elemental/Graphics V5/Rumble Rock Lit	d0239ba4c83ca2a4e8f8ebeea7e809c4	122	60.22
Earth Magic Runtime/Earth Wall 01/Baked Piece 021	Earth Wall Baked Piece 021 Hard 021 Chipped Cell			RumbleSandstone	Elemental/Graphics V5/Rumble Rock Lit	d0239ba4c83ca2a4e8f8ebeea7e809c4	122	60.22
Earth Magic Runtime/Earth Wall 01/Baked Piece 022	Earth Wall Baked Piece 022 Hard 022 Chipped Cell			RumbleSandstone	Elemental/Graphics V5/Rumble Rock Lit	d0239ba4c83ca2a4e8f8ebeea7e809c4	91	60.95
Earth Magic Runtime/Earth Wall 01/Baked Piece 022	Earth Wall Baked Piece 022 Hard 022 Chipped Cell			RumbleSandstone	Elemental/Graphics V5/Rumble Rock Lit	d0239ba4c83ca2a4e8f8ebeea7e809c4	91	60.95
Earth Magic Runtime/Earth Wall 01/Baked Piece 023	Earth Wall Baked Piece 023 Hard 023 Chipped Cell			RumbleSandstone	Elemental/Graphics V5/Rumble Rock Lit	d0239ba4c83ca2a4e8f8ebeea7e809c4	129	60.69
Earth Magic Runtime/Earth Wall 01/Baked Piece 023	Earth Wall Baked Piece 023 Hard 023 Chipped Cell			RumbleSandstone	Elemental/Graphics V5/Rumble Rock Lit	d0239ba4c83ca2a4e8f8ebeea7e809c4	129	60.69
Earth Magic Runtime/Earth Wall 01/Baked Piece 024	Earth Wall Baked Piece 024 Hard 024 Chipped Cell			RumbleSandstone	Elemental/Graphics V5/Rumble Rock Lit	d0239ba4c83ca2a4e8f8ebeea7e809c4	90	60.87
Earth Magic Runtime/Earth Wall 01/Baked Piece 024	Earth Wall Baked Piece 024 Hard 024 Chipped Cell			RumbleSandstone	Elemental/Graphics V5/Rumble Rock Lit	d0239ba4c83ca2a4e8f8ebeea7e809c4	90	60.87
Earth Magic Runtime/Earth Wall 01/Baked Piece 025	Earth Wall Baked Piece 025 Hard 025 Chipped Cell			RumbleSandstone	Elemental/Graphics V5/Rumble Rock Lit	d0239ba4c83ca2a4e8f8ebeea7e809c4	118	60.69
Earth Magic Runtime/Earth Wall 01/Baked Piece 025	Earth Wall Baked Piece 025 Hard 025 Chipped Cell			RumbleSandstone	Elemental/Graphics V5/Rumble Rock Lit	d0239ba4c83ca2a4e8f8ebeea7e809c4	118	60.69
Earth Magic Runtime/Earth Wall 01/Baked Piece 026	Earth Wall Baked Piece 026 Hard 026 Chipped Cell			RumbleSandstone	Elemental/Graphics V5/Rumble Rock Lit	d0239ba4c83ca2a4e8f8ebeea7e809c4	80	60.47
Earth Magic Runtime/Earth Wall 01/Baked Piece 026	Earth Wall Baked Piece 026 Hard 026 Chipped Cell			RumbleSandstone	Elemental/Graphics V5/Rumble Rock Lit	d0239ba4c83ca2a4e8f8ebeea7e809c4	80	60.47
Earth Magic Runtime/Earth Wall 01/Baked Piece 027	Earth Wall Baked Piece 027 Hard 027 Chipped Cell			RumbleSandstone	Elemental/Graphics V5/Rumble Rock Lit	d0239ba4c83ca2a4e8f8ebeea7e809c4	96	60.35
Earth Magic Runtime/Earth Wall 01/Baked Piece 027	Earth Wall Baked Piece 027 Hard 027 Chipped Cell			RumbleSandstone	Elemental/Graphics V5/Rumble Rock Lit	d0239ba4c83ca2a4e8f8ebeea7e809c4	96	60.35
Earth Magic Runtime/Earth Wall 01/Baked Piece 028	Earth Wall Baked Piece 028 Hard 028 Chipped Cell			RumbleSandstone	Elemental/Graphics V5/Rumble Rock Lit	d0239ba4c83ca2a4e8f8ebeea7e809c4	130	60.82
Earth Magic Runtime/Earth Wall 01/Baked Piece 028	Earth Wall Baked Piece 028 Hard 028 Chipped Cell			RumbleSandstone	Elemental/Graphics V5/Rumble Rock Lit	d0239ba4c83ca2a4e8f8ebeea7e809c4	130	60.82
Earth Magic Runtime/Earth Wall 01/Baked Piece 029	Earth Wall Baked Piece 029 Hard 029 Chipped Cell			RumbleSandstone	Elemental/Graphics V5/Rumble Rock Lit	d0239ba4c83ca2a4e8f8ebeea7e809c4	113	60.23
Earth Magic Runtime/Earth Wall 01/Baked Piece 029	Earth Wall Baked Piece 029 Hard 029 Chipped Cell			RumbleSandstone	Elemental/Graphics V5/Rumble Rock Lit	d0239ba4c83ca2a4e8f8ebeea7e809c4	113	60.23
Earth Magic Runtime/Earth Wall 01/Baked Piece 030	Earth Wall Baked Piece 030 Hard 030 Chipped Cell			RumbleSandstone	Elemental/Graphics V5/Rumble Rock Lit	d0239ba4c83ca2a4e8f8ebeea7e809c4	79	60.92
Earth Magic Runtime/Earth Wall 01/Baked Piece 030	Earth Wall Baked Piece 030 Hard 030 Chipped Cell			RumbleSandstone	Elemental/Graphics V5/Rumble Rock Lit	d0239ba4c83ca2a4e8f8ebeea7e809c4	79	60.92
Earth Magic Runtime/Earth Wall 01/Baked Piece 031	Earth Wall Baked Piece 031 Hard 031 Chipped Cell			RumbleSandstone	Elemental/Graphics V5/Rumble Rock Lit	d0239ba4c83ca2a4e8f8ebeea7e809c4	115	60.70
Earth Magic Runtime/Earth Wall 01/Baked Piece 031	Earth Wall Baked Piece 031 Hard 031 Chipped Cell			RumbleSandstone	Elemental/Graphics V5/Rumble Rock Lit	d0239ba4c83ca2a4e8f8ebeea7e809c4	115	60.70
Earth Magic Runtime/Earth Wall 01/Baked Piece 032	Earth Wall Baked Piece 032 Hard 032 Chipped Cell			RumbleSandstone	Elemental/Graphics V5/Rumble Rock Lit	d0239ba4c83ca2a4e8f8ebeea7e809c4	126	60.94
Earth Magic Runtime/Earth Wall 01/Baked Piece 032	Earth Wall Baked Piece 032 Hard 032 Chipped Cell			RumbleSandstone	Elemental/Graphics V5/Rumble Rock Lit	d0239ba4c83ca2a4e8f8ebeea7e809c4	126	60.94
Earth Magic Runtime/Earth Wall 01/Baked Piece 033	Earth Wall Baked Piece 033 Hard 033 Chipped Cell			RumbleSandstone	Elemental/Graphics V5/Rumble Rock Lit	d0239ba4c83ca2a4e8f8ebeea7e809c4	87	60.97
Earth Magic Runtime/Earth Wall 01/Baked Piece 033	Earth Wall Baked Piece 033 Hard 033 Chipped Cell			RumbleSandstone	Elemental/Graphics V5/Rumble Rock Lit	d0239ba4c83ca2a4e8f8ebeea7e809c4	87	60.97
Earth Magic Runtime/Earth Wall 01/Baked Piece 034	Earth Wall Baked Piece 034 Hard 034 Chipped Cell			RumbleSandstone	Elemental/Graphics V5/Rumble Rock Lit	d0239ba4c83ca2a4e8f8ebeea7e809c4	119	60.26
Earth Magic Runtime/Earth Wall 01/Baked Piece 034	Earth Wall Baked Piece 034 Hard 034 Chipped Cell			RumbleSandstone	Elemental/Graphics V5/Rumble Rock Lit	d0239ba4c83ca2a4e8f8ebeea7e809c4	119	60.26
Earth Magic Runtime/Earth Wall 01/Baked Piece 035	Earth Wall Baked Piece 035 Hard 035 Chipped Cell			RumbleSandstone	Elemental/Graphics V5/Rumble Rock Lit	d0239ba4c83ca2a4e8f8ebeea7e809c4	62	60.29
Earth Magic Runtime/Earth Wall 01/Baked Piece 035	Earth Wall Baked Piece 035 Hard 035 Chipped Cell			RumbleSandstone	Elemental/Graphics V5/Rumble Rock Lit	d0239ba4c83ca2a4e8f8ebeea7e809c4	62	60.29
Earth Magic Runtime/Earth Wall 01/Baked Piece 036	Earth Wall Baked Piece 036 Hard 036 Chipped Cell			RumbleSandstone	Elemental/Graphics V5/Rumble Rock Lit	d0239ba4c83ca2a4e8f8ebeea7e809c4	87	60.97
Earth Magic Runtime/Earth Wall 01/Baked Piece 036	Earth Wall Baked Piece 036 Hard 036 Chipped Cell			RumbleSandstone	Elemental/Graphics V5/Rumble Rock Lit	d0239ba4c83ca2a4e8f8ebeea7e809c4	87	60.97
Earth Magic Runtime/Earth Wall 01/Baked Piece 037	Earth Wall Baked Piece 037 Hard 037 Chipped Cell			RumbleSandstone	Elemental/Graphics V5/Rumble Rock Lit	d0239ba4c83ca2a4e8f8ebeea7e809c4	86	61.02
Earth Magic Runtime/Earth Wall 01/Baked Piece 037	Earth Wall Baked Piece 037 Hard 037 Chipped Cell			RumbleSandstone	Elemental/Graphics V5/Rumble Rock Lit	d0239ba4c83ca2a4e8f8ebeea7e809c4	86	61.02
Earth Magic Runtime/Earth Wall 01/Baked Piece 038	Earth Wall Baked Piece 038 Hard 038 Chipped Cell			RumbleSandstone	Elemental/Graphics V5/Rumble Rock Lit	d0239ba4c83ca2a4e8f8ebeea7e809c4	60	61.03
Earth Magic Runtime/Earth Wall 01/Baked Piece 038	Earth Wall Baked Piece 038 Hard 038 Chipped Cell			RumbleSandstone	Elemental/Graphics V5/Rumble Rock Lit	d0239ba4c83ca2a4e8f8ebeea7e809c4	60	61.03
Earth Magic Runtime/Earth Wall 01/Baked Piece 039	Earth Wall Baked Piece 039 Hard 039 Chipped Cell			RumbleSandstone	Elemental/Graphics V5/Rumble Rock Lit	d0239ba4c83ca2a4e8f8ebeea7e809c4	119	60.67
Earth Magic Runtime/Earth Wall 01/Baked Piece 039	Earth Wall Baked Piece 039 Hard 039 Chipped Cell			RumbleSandstone	Elemental/Graphics V5/Rumble Rock Lit	d0239ba4c83ca2a4e8f8ebeea7e809c4	119	60.67
Earth Magic Runtime/Earth Wall 01/Baked Piece 040	Earth Wall Baked Piece 040 Hard 040 Chipped Cell			RumbleSandstone	Elemental/Graphics V5/Rumble Rock Lit	d0239ba4c83ca2a4e8f8ebeea7e809c4	86	60.97
Earth Magic Runtime/Earth Wall 01/Baked Piece 040	Earth Wall Baked Piece 040 Hard 040 Chipped Cell			RumbleSandstone	Elemental/Graphics V5/Rumble Rock Lit	d0239ba4c83ca2a4e8f8ebeea7e809c4	86	60.97
Earth Magic Runtime/Earth Fragment 01	V5_Physics_Boulder_00_CenteredUnit	Assets/Elemental/Content/GraphicsV5/Physics/V5_Physics_Boulder_00_CenteredUnit.asset	23ad7314d6415c2489a6043042c898cb	RumbleSandstone	Elemental/Graphics V5/Rumble Rock Lit	d0239ba4c83ca2a4e8f8ebeea7e809c4	164	60.57
Earth Magic Runtime/Earth Fragment 02	V5_Physics_Boulder_00_CenteredUnit	Assets/Elemental/Content/GraphicsV5/Physics/V5_Physics_Boulder_00_CenteredUnit.asset	23ad7314d6415c2489a6043042c898cb	RumbleSandstone	Elemental/Graphics V5/Rumble Rock Lit	d0239ba4c83ca2a4e8f8ebeea7e809c4	164	60.57
Earth Magic Runtime/Earth Fragment 03	V5_Physics_Boulder_00_CenteredUnit	Assets/Elemental/Content/GraphicsV5/Physics/V5_Physics_Boulder_00_CenteredUnit.asset	23ad7314d6415c2489a6043042c898cb	RumbleSandstone	Elemental/Graphics V5/Rumble Rock Lit	d0239ba4c83ca2a4e8f8ebeea7e809c4	164	60.57
Earth Magic Runtime/Earth Fragment 04	V5_Physics_Boulder_00_CenteredUnit	Assets/Elemental/Content/GraphicsV5/Physics/V5_Physics_Boulder_00_CenteredUnit.asset	23ad7314d6415c2489a6043042c898cb	RumbleSandstone	Elemental/Graphics V5/Rumble Rock Lit	d0239ba4c83ca2a4e8f8ebeea7e809c4	164	60.57
Earth Magic Runtime/Earth Fragment 05	V5_Physics_Boulder_00_CenteredUnit	Assets/Elemental/Content/GraphicsV5/Physics/V5_Physics_Boulder_00_CenteredUnit.asset	23ad7314d6415c2489a6043042c898cb	RumbleSandstone	Elemental/Graphics V5/Rumble Rock Lit	d0239ba4c83ca2a4e8f8ebeea7e809c4	164	60.57
Earth Magic Runtime/Earth Fragment 06	V5_Physics_Boulder_00_CenteredUnit	Assets/Elemental/Content/GraphicsV5/Physics/V5_Physics_Boulder_00_CenteredUnit.asset	23ad7314d6415c2489a6043042c898cb	RumbleSandstone	Elemental/Graphics V5/Rumble Rock Lit	d0239ba4c83ca2a4e8f8ebeea7e809c4	164	60.57
Earth Magic Runtime/Earth Fragment 07	V5_Physics_Boulder_00_CenteredUnit	Assets/Elemental/Content/GraphicsV5/Physics/V5_Physics_Boulder_00_CenteredUnit.asset	23ad7314d6415c2489a6043042c898cb	RumbleSandstone	Elemental/Graphics V5/Rumble Rock Lit	d0239ba4c83ca2a4e8f8ebeea7e809c4	164	60.57
Earth Magic Runtime/Earth Fragment 08	V5_Physics_Boulder_00_CenteredUnit	Assets/Elemental/Content/GraphicsV5/Physics/V5_Physics_Boulder_00_CenteredUnit.asset	23ad7314d6415c2489a6043042c898cb	RumbleSandstone	Elemental/Graphics V5/Rumble Rock Lit	d0239ba4c83ca2a4e8f8ebeea7e809c4	164	60.57
Earth Magic Runtime/Earth Fragment 09	V5_Physics_Boulder_00_CenteredUnit	Assets/Elemental/Content/GraphicsV5/Physics/V5_Physics_Boulder_00_CenteredUnit.asset	23ad7314d6415c2489a6043042c898cb	RumbleSandstone	Elemental/Graphics V5/Rumble Rock Lit	d0239ba4c83ca2a4e8f8ebeea7e809c4	164	60.57
Earth Magic Runtime/Earth Fragment 10	V5_Physics_Boulder_00_CenteredUnit	Assets/Elemental/Content/GraphicsV5/Physics/V5_Physics_Boulder_00_CenteredUnit.asset	23ad7314d6415c2489a6043042c898cb	RumbleSandstone	Elemental/Graphics V5/Rumble Rock Lit	d0239ba4c83ca2a4e8f8ebeea7e809c4	164	60.57
Earth Magic Runtime/Earth Fragment 11	V5_Physics_Boulder_00_CenteredUnit	Assets/Elemental/Content/GraphicsV5/Physics/V5_Physics_Boulder_00_CenteredUnit.asset	23ad7314d6415c2489a6043042c898cb	RumbleSandstone	Elemental/Graphics V5/Rumble Rock Lit	d0239ba4c83ca2a4e8f8ebeea7e809c4	164	60.57
Earth Magic Runtime/Earth Fragment 12	V5_Physics_Boulder_00_CenteredUnit	Assets/Elemental/Content/GraphicsV5/Physics/V5_Physics_Boulder_00_CenteredUnit.asset	23ad7314d6415c2489a6043042c898cb	RumbleSandstone	Elemental/Graphics V5/Rumble Rock Lit	d0239ba4c83ca2a4e8f8ebeea7e809c4	164	60.57
Earth Magic Runtime/Earth Fragment 13	V5_Physics_Boulder_00_CenteredUnit	Assets/Elemental/Content/GraphicsV5/Physics/V5_Physics_Boulder_00_CenteredUnit.asset	23ad7314d6415c2489a6043042c898cb	RumbleSandstone	Elemental/Graphics V5/Rumble Rock Lit	d0239ba4c83ca2a4e8f8ebeea7e809c4	164	60.57
Earth Magic Runtime/Earth Fragment 14	V5_Physics_Boulder_00_CenteredUnit	Assets/Elemental/Content/GraphicsV5/Physics/V5_Physics_Boulder_00_CenteredUnit.asset	23ad7314d6415c2489a6043042c898cb	RumbleSandstone	Elemental/Graphics V5/Rumble Rock Lit	d0239ba4c83ca2a4e8f8ebeea7e809c4	164	60.57
Earth Magic Runtime/Earth Fragment 15	V5_Physics_Boulder_00_CenteredUnit	Assets/Elemental/Content/GraphicsV5/Physics/V5_Physics_Boulder_00_CenteredUnit.asset	23ad7314d6415c2489a6043042c898cb	RumbleSandstone	Elemental/Graphics V5/Rumble Rock Lit	d0239ba4c83ca2a4e8f8ebeea7e809c4	164	60.57
Earth Magic Runtime/Earth Fragment 16	V5_Physics_Boulder_00_CenteredUnit	Assets/Elemental/Content/GraphicsV5/Physics/V5_Physics_Boulder_00_CenteredUnit.asset	23ad7314d6415c2489a6043042c898cb	RumbleSandstone	Elemental/Graphics V5/Rumble Rock Lit	d0239ba4c83ca2a4e8f8ebeea7e809c4	164	60.57
Earth Magic Runtime/Earth Fragment 17	V5_Physics_Boulder_00_CenteredUnit	Assets/Elemental/Content/GraphicsV5/Physics/V5_Physics_Boulder_00_CenteredUnit.asset	23ad7314d6415c2489a6043042c898cb	RumbleSandstone	Elemental/Graphics V5/Rumble Rock Lit	d0239ba4c83ca2a4e8f8ebeea7e809c4	164	60.57
Earth Magic Runtime/Earth Fragment 18	V5_Physics_Boulder_00_CenteredUnit	Assets/Elemental/Content/GraphicsV5/Physics/V5_Physics_Boulder_00_CenteredUnit.asset	23ad7314d6415c2489a6043042c898cb	RumbleSandstone	Elemental/Graphics V5/Rumble Rock Lit	d0239ba4c83ca2a4e8f8ebeea7e809c4	164	60.57
Earth Magic Runtime/Earth Fragment 19	V5_Physics_Boulder_00_CenteredUnit	Assets/Elemental/Content/GraphicsV5/Physics/V5_Physics_Boulder_00_CenteredUnit.asset	23ad7314d6415c2489a6043042c898cb	RumbleSandstone	Elemental/Graphics V5/Rumble Rock Lit	d0239ba4c83ca2a4e8f8ebeea7e809c4	164	60.57
Earth Magic Runtime/Earth Fragment 20	V5_Physics_Boulder_00_CenteredUnit	Assets/Elemental/Content/GraphicsV5/Physics/V5_Physics_Boulder_00_CenteredUnit.asset	23ad7314d6415c2489a6043042c898cb	RumbleSandstone	Elemental/Graphics V5/Rumble Rock Lit	d0239ba4c83ca2a4e8f8ebeea7e809c4	164	60.57
Earth Magic Runtime/Earth Fragment 21	V5_Physics_Boulder_00_CenteredUnit	Assets/Elemental/Content/GraphicsV5/Physics/V5_Physics_Boulder_00_CenteredUnit.asset	23ad7314d6415c2489a6043042c898cb	RumbleSandstone	Elemental/Graphics V5/Rumble Rock Lit	d0239ba4c83ca2a4e8f8ebeea7e809c4	164	60.57
Earth Magic Runtime/Earth Fragment 22	V5_Physics_Boulder_00_CenteredUnit	Assets/Elemental/Content/GraphicsV5/Physics/V5_Physics_Boulder_00_CenteredUnit.asset	23ad7314d6415c2489a6043042c898cb	RumbleSandstone	Elemental/Graphics V5/Rumble Rock Lit	d0239ba4c83ca2a4e8f8ebeea7e809c4	164	60.57
Earth Magic Runtime/Earth Fragment 23	V5_Physics_Boulder_00_CenteredUnit	Assets/Elemental/Content/GraphicsV5/Physics/V5_Physics_Boulder_00_CenteredUnit.asset	23ad7314d6415c2489a6043042c898cb	RumbleSandstone	Elemental/Graphics V5/Rumble Rock Lit	d0239ba4c83ca2a4e8f8ebeea7e809c4	164	60.57
Earth Magic Runtime/Earth Fragment 24	V5_Physics_Boulder_00_CenteredUnit	Assets/Elemental/Content/GraphicsV5/Physics/V5_Physics_Boulder_00_CenteredUnit.asset	23ad7314d6415c2489a6043042c898cb	RumbleSandstone	Elemental/Graphics V5/Rumble Rock Lit	d0239ba4c83ca2a4e8f8ebeea7e809c4	164	60.57
Earth Magic Runtime/Earth Fragment 25	V5_Physics_Boulder_00_CenteredUnit	Assets/Elemental/Content/GraphicsV5/Physics/V5_Physics_Boulder_00_CenteredUnit.asset	23ad7314d6415c2489a6043042c898cb	RumbleSandstone	Elemental/Graphics V5/Rumble Rock Lit	d0239ba4c83ca2a4e8f8ebeea7e809c4	164	60.57
Earth Magic Runtime/Earth Fragment 26	V5_Physics_Boulder_00_CenteredUnit	Assets/Elemental/Content/GraphicsV5/Physics/V5_Physics_Boulder_00_CenteredUnit.asset	23ad7314d6415c2489a6043042c898cb	RumbleSandstone	Elemental/Graphics V5/Rumble Rock Lit	d0239ba4c83ca2a4e8f8ebeea7e809c4	164	60.57
Earth Magic Runtime/Earth Fragment 27	V5_Physics_Boulder_00_CenteredUnit	Assets/Elemental/Content/GraphicsV5/Physics/V5_Physics_Boulder_00_CenteredUnit.asset	23ad7314d6415c2489a6043042c898cb	RumbleSandstone	Elemental/Graphics V5/Rumble Rock Lit	d0239ba4c83ca2a4e8f8ebeea7e809c4	164	60.57
Earth Magic Runtime/Earth Fragment 28	V5_Physics_Boulder_00_CenteredUnit	Assets/Elemental/Content/GraphicsV5/Physics/V5_Physics_Boulder_00_CenteredUnit.asset	23ad7314d6415c2489a6043042c898cb	RumbleSandstone	Elemental/Graphics V5/Rumble Rock Lit	d0239ba4c83ca2a4e8f8ebeea7e809c4	164	60.57
Earth Magic Runtime/Earth Fragment 29	V5_Physics_Boulder_00_CenteredUnit	Assets/Elemental/Content/GraphicsV5/Physics/V5_Physics_Boulder_00_CenteredUnit.asset	23ad7314d6415c2489a6043042c898cb	RumbleSandstone	Elemental/Graphics V5/Rumble Rock Lit	d0239ba4c83ca2a4e8f8ebeea7e809c4	164	60.57
Earth Magic Runtime/Earth Fragment 30	V5_Physics_Boulder_00_CenteredUnit	Assets/Elemental/Content/GraphicsV5/Physics/V5_Physics_Boulder_00_CenteredUnit.asset	23ad7314d6415c2489a6043042c898cb	RumbleSandstone	Elemental/Graphics V5/Rumble Rock Lit	d0239ba4c83ca2a4e8f8ebeea7e809c4	164	60.57
Earth Magic Runtime/Earth Fragment 31	V5_Physics_Boulder_00_CenteredUnit	Assets/Elemental/Content/GraphicsV5/Physics/V5_Physics_Boulder_00_CenteredUnit.asset	23ad7314d6415c2489a6043042c898cb	RumbleSandstone	Elemental/Graphics V5/Rumble Rock Lit	d0239ba4c83ca2a4e8f8ebeea7e809c4	164	60.57
Earth Magic Runtime/Earth Fragment 32	V5_Physics_Boulder_00_CenteredUnit	Assets/Elemental/Content/GraphicsV5/Physics/V5_Physics_Boulder_00_CenteredUnit.asset	23ad7314d6415c2489a6043042c898cb	RumbleSandstone	Elemental/Graphics V5/Rumble Rock Lit	d0239ba4c83ca2a4e8f8ebeea7e809c4	164	60.57
Earth Landing Cushion Preview	ChippedEarthWall	Assets/Elemental/Content/Meshes/ChippedEarthWall.asset	e2e168286652409479e7622df81604fd	RumbleSandstone	Elemental/Graphics V5/Rumble Rock Lit	d0239ba4c83ca2a4e8f8ebeea7e809c4	44	60.57
Earth Landing Cushion Preview/Cushion stone 1	EarthFacetedCell_1201			RumbleSandstone	Elemental/Graphics V5/Rumble Rock Lit	d0239ba4c83ca2a4e8f8ebeea7e809c4	50	60.87
Earth Landing Cushion Preview/Cushion stone 2	EarthFacetedCell_1202			RumbleSandstone	Elemental/Graphics V5/Rumble Rock Lit	d0239ba4c83ca2a4e8f8ebeea7e809c4	70	60.87
Earth Landing Cushion Preview/Cushion stone 3	EarthFacetedCell_1203			RumbleSandstone	Elemental/Graphics V5/Rumble Rock Lit	d0239ba4c83ca2a4e8f8ebeea7e809c4	30	60.93
Earth Landing Cushion Preview/Cushion stone 4	EarthFacetedCell_1204			RumbleSandstone	Elemental/Graphics V5/Rumble Rock Lit	d0239ba4c83ca2a4e8f8ebeea7e809c4	50	60.93
Earth Landing Cushion Preview/Cushion stone 5	EarthFacetedCell_1205			RumbleSandstone	Elemental/Graphics V5/Rumble Rock Lit	d0239ba4c83ca2a4e8f8ebeea7e809c4	70	60.54
Earth Landing Cushion Preview/Cushion stone 6	EarthFacetedCell_1206			RumbleSandstone	Elemental/Graphics V5/Rumble Rock Lit	d0239ba4c83ca2a4e8f8ebeea7e809c4	30	60.55
Earth Landing Cushion Preview/Cushion stone 7	EarthFacetedCell_1207			RumbleSandstone	Elemental/Graphics V5/Rumble Rock Lit	d0239ba4c83ca2a4e8f8ebeea7e809c4	50	60.61
Earth Landing Cushion Preview/Cushion stone 8	EarthFacetedCell_1208			RumbleSandstone	Elemental/Graphics V5/Rumble Rock Lit	d0239ba4c83ca2a4e8f8ebeea7e809c4	70	60.60
Earth Landing Cushion Preview/Cushion stone 9	EarthFacetedCell_1209			RumbleSandstone	Elemental/Graphics V5/Rumble Rock Lit	d0239ba4c83ca2a4e8f8ebeea7e809c4	30	60.20
Earth Landing Cushion Preview/Cushion stone 10	EarthFacetedCell_1210			RumbleSandstone	Elemental/Graphics V5/Rumble Rock Lit	d0239ba4c83ca2a4e8f8ebeea7e809c4	50	60.21
Earth Landing Cushion Preview/Cushion stone 11	EarthFacetedCell_1211			RumbleSandstone	Elemental/Graphics V5/Rumble Rock Lit	d0239ba4c83ca2a4e8f8ebeea7e809c4	70	60.27
Earth Landing Cushion Preview/Cushion stone 12	EarthFacetedCell_1212			RumbleSandstone	Elemental/Graphics V5/Rumble Rock Lit	d0239ba4c83ca2a4e8f8ebeea7e809c4	30	60.26
Earth Ground Footprint Preview/Footprint Pebble 01	Cube	Library/unity default resources	0000000000000000e000000000000000	GroundPreviewPebble	Universal Render Pipeline/Lit	58b0e9e12f6adf54aafdd945d86edad3	12	60.57
Earth Ground Footprint Preview/Footprint Pebble 02	Cube	Library/unity default resources	0000000000000000e000000000000000	GroundPreviewPebble	Universal Render Pipeline/Lit	58b0e9e12f6adf54aafdd945d86edad3	12	60.57
Earth Ground Footprint Preview/Footprint Pebble 03	Cube	Library/unity default resources	0000000000000000e000000000000000	GroundPreviewPebble	Universal Render Pipeline/Lit	58b0e9e12f6adf54aafdd945d86edad3	12	60.57
Earth Ground Footprint Preview/Footprint Pebble 04	Cube	Library/unity default resources	0000000000000000e000000000000000	GroundPreviewPebble	Universal Render Pipeline/Lit	58b0e9e12f6adf54aafdd945d86edad3	12	60.57
Earth Ground Footprint Preview/Footprint Pebble 05	Cube	Library/unity default resources	0000000000000000e000000000000000	GroundPreviewPebble	Universal Render Pipeline/Lit	58b0e9e12f6adf54aafdd945d86edad3	12	60.57
Earth Ground Footprint Preview/Footprint Pebble 06	Cube	Library/unity default resources	0000000000000000e000000000000000	GroundPreviewPebble	Universal Render Pipeline/Lit	58b0e9e12f6adf54aafdd945d86edad3	12	60.57
Earth Ground Footprint Preview/Footprint Pebble 07	Cube	Library/unity default resources	0000000000000000e000000000000000	GroundPreviewPebble	Universal Render Pipeline/Lit	58b0e9e12f6adf54aafdd945d86edad3	12	60.57
Earth Ground Footprint Preview/Footprint Pebble 08	Cube	Library/unity default resources	0000000000000000e000000000000000	GroundPreviewPebble	Universal Render Pipeline/Lit	58b0e9e12f6adf54aafdd945d86edad3	12	60.57
Earth Ground Footprint Preview/Footprint Pebble 09	Cube	Library/unity default resources	0000000000000000e000000000000000	GroundPreviewPebble	Universal Render Pipeline/Lit	58b0e9e12f6adf54aafdd945d86edad3	12	60.57
Earth Ground Footprint Preview/Footprint Pebble 10	Cube	Library/unity default resources	0000000000000000e000000000000000	GroundPreviewPebble	Universal Render Pipeline/Lit	58b0e9e12f6adf54aafdd945d86edad3	12	60.57
Earth Ground Footprint Preview/Footprint Pebble 11	Cube	Library/unity default resources	0000000000000000e000000000000000	GroundPreviewPebble	Universal Render Pipeline/Lit	58b0e9e12f6adf54aafdd945d86edad3	12	60.57
Earth Ground Footprint Preview/Footprint Pebble 12	Cube	Library/unity default resources	0000000000000000e000000000000000	GroundPreviewPebble	Universal Render Pipeline/Lit	58b0e9e12f6adf54aafdd945d86edad3	12	60.57
Earth Ground Footprint Preview/Footprint Pebble 13	Cube	Library/unity default resources	0000000000000000e000000000000000	GroundPreviewPebble	Universal Render Pipeline/Lit	58b0e9e12f6adf54aafdd945d86edad3	12	60.57
Earth Ground Footprint Preview/Footprint Pebble 14	Cube	Library/unity default resources	0000000000000000e000000000000000	GroundPreviewPebble	Universal Render Pipeline/Lit	58b0e9e12f6adf54aafdd945d86edad3	12	60.57
Earth Ground Footprint Preview/Footprint Pebble 15	Cube	Library/unity default resources	0000000000000000e000000000000000	GroundPreviewPebble	Universal Render Pipeline/Lit	58b0e9e12f6adf54aafdd945d86edad3	12	60.57
Earth Ground Footprint Preview/Footprint Pebble 16	Cube	Library/unity default resources	0000000000000000e000000000000000	GroundPreviewPebble	Universal Render Pipeline/Lit	58b0e9e12f6adf54aafdd945d86edad3	12	60.57
Earth Ground Footprint Preview/Footprint Pebble 18	Cube	Library/unity default resources	0000000000000000e000000000000000	GroundPreviewPebble	Universal Render Pipeline/Lit	58b0e9e12f6adf54aafdd945d86edad3	12	60.57
Earth Ground Footprint Preview/Footprint Pebble 19	Cube	Library/unity default resources	0000000000000000e000000000000000	GroundPreviewPebble	Universal Render Pipeline/Lit	58b0e9e12f6adf54aafdd945d86edad3	12	60.57
Earth Ground Footprint Preview/Footprint Pebble 20	Cube	Library/unity default resources	0000000000000000e000000000000000	GroundPreviewPebble	Universal Render Pipeline/Lit	58b0e9e12f6adf54aafdd945d86edad3	12	60.57
Earth Ground Footprint Preview/Footprint Pebble 21	Cube	Library/unity default resources	0000000000000000e000000000000000	GroundPreviewPebble	Universal Render Pipeline/Lit	58b0e9e12f6adf54aafdd945d86edad3	12	60.57
Earth Ground Footprint Preview/Footprint Pebble 22	Cube	Library/unity default resources	0000000000000000e000000000000000	GroundPreviewPebble	Universal Render Pipeline/Lit	58b0e9e12f6adf54aafdd945d86edad3	12	60.57
Earth Ground Footprint Preview/Footprint Pebble 24	Cube	Library/unity default resources	0000000000000000e000000000000000	GroundPreviewPebble	Universal Render Pipeline/Lit	58b0e9e12f6adf54aafdd945d86edad3	12	60.57
Earth Shaper Puppet/Puppet Chest	Capsule	Library/unity default resources	0000000000000000e000000000000000	EarthShaperBody	Universal Render Pipeline/Lit	f212ff953e8fc044fabdc46d2198f9b7	832	8.34
Earth Shaper Puppet/Puppet Chest/Scarf	Cylinder	Library/unity default resources	0000000000000000e000000000000000	EarthShaperScarf	Universal Render Pipeline/Lit	57c85131215f5464b8b9798bff983031	80	8.27
Earth Shaper Puppet/Puppet Head	Sphere	Library/unity default resources	0000000000000000e000000000000000	EarthShaperBody	Universal Render Pipeline/Lit	f212ff953e8fc044fabdc46d2198f9b7	768	8.07
Earth Shaper Puppet/Puppet Head/Left Eye	Sphere	Library/unity default resources	0000000000000000e000000000000000	EarthShaperEyes	Universal Render Pipeline/Lit	c6c8ed9dc2ee33043b39b87157b9ea9c	768	8.43
Earth Shaper Puppet/Puppet Head/Right Eye	Sphere	Library/unity default resources	0000000000000000e000000000000000	EarthShaperEyes	Universal Render Pipeline/Lit	c6c8ed9dc2ee33043b39b87157b9ea9c	768	8.40
Earth Shaper Puppet/Puppet Arm L	Capsule	Library/unity default resources	0000000000000000e000000000000000	EarthShaperBody	Universal Render Pipeline/Lit	f212ff953e8fc044fabdc46d2198f9b7	832	8.42
Earth Shaper Puppet/Puppet Arm R	Capsule	Library/unity default resources	0000000000000000e000000000000000	EarthShaperBody	Universal Render Pipeline/Lit	f212ff953e8fc044fabdc46d2198f9b7	832	8.31
Earth Shaper Puppet/Puppet Upper Leg L	Capsule	Library/unity default resources	0000000000000000e000000000000000	EarthShaperBody	Universal Render Pipeline/Lit	f212ff953e8fc044fabdc46d2198f9b7	832	8.73
Earth Shaper Puppet/Puppet Upper Leg R	Capsule	Library/unity default resources	0000000000000000e000000000000000	EarthShaperBody	Universal Render Pipeline/Lit	f212ff953e8fc044fabdc46d2198f9b7	832	8.69
Earth Shaper Puppet/Puppet Lower Leg L	Capsule	Library/unity default resources	0000000000000000e000000000000000	EarthShaperBoots	Universal Render Pipeline/Lit	237773c8af156fc4aa3c64a02ce9a324	832	9.06
Earth Shaper Puppet/Puppet Lower Leg R	Capsule	Library/unity default resources	0000000000000000e000000000000000	EarthShaperBoots	Universal Render Pipeline/Lit	237773c8af156fc4aa3c64a02ce9a324	832	9.02
Earth Diorama Landmarks/Rumble Formation 01	V5_Boulder_00	Assets/Elemental/Content/GraphicsV5/Rocks/V5_Boulder_00.asset	19368fc806b04c440ba80b79a9f513e7	RumbleSandstone	Elemental/Graphics V5/Rumble Rock Lit	d0239ba4c83ca2a4e8f8ebeea7e809c4	164	34.20
Earth Diorama Landmarks/Rumble Formation 02	V5_Boulder_01	Assets/Elemental/Content/GraphicsV5/Rocks/V5_Boulder_01.asset	3f58b5b1a6a21bd43b85711043fd1848	RumbleLimestone	Elemental/Graphics V5/Rumble Rock Lit	fa0cfd60e46a73240ae444a52b67f684	140	36.67
Earth Diorama Landmarks/Rumble Formation 03	V5_Boulder_02	Assets/Elemental/Content/GraphicsV5/Rocks/V5_Boulder_02.asset	cb696defd4b20174ab187459f804d584	RumbleBasalt	Elemental/Graphics V5/Rumble Rock Lit	373f9a58a752e7b4783fb2271576a0c2	128	30.67
Earth Diorama Landmarks/Rumble Formation 04	V5_Boulder_03	Assets/Elemental/Content/GraphicsV5/Rocks/V5_Boulder_03.asset	ea127db908b6a044e8213e93e8b208c1	RumbleSandstone	Elemental/Graphics V5/Rumble Rock Lit	d0239ba4c83ca2a4e8f8ebeea7e809c4	140	35.22
Earth Diorama Landmarks/Rumble Formation 05	V5_Boulder_04	Assets/Elemental/Content/GraphicsV5/Rocks/V5_Boulder_04.asset	c012ea7cd7248904a91882cc7d73fb37	RumbleLimestone	Elemental/Graphics V5/Rumble Rock Lit	fa0cfd60e46a73240ae444a52b67f684	152	45.14
Earth Diorama Landmarks/Rumble Formation 06	V5_Boulder_05	Assets/Elemental/Content/GraphicsV5/Rocks/V5_Boulder_05.asset	d6f34670fc91fe443bb88601bf978c9a	RumbleBasalt	Elemental/Graphics V5/Rumble Rock Lit	373f9a58a752e7b4783fb2271576a0c2	152	48.71
Celestial Diorama Backdrop/Visible Sun	Sphere	Library/unity default resources	0000000000000000e000000000000000	ScaledSun	Elemental/Scaled Sun	b5245d58f1400cd428537094c4e78014	768	60.57
Celestial Diorama Backdrop/Distant Moon	Sphere	Library/unity default resources	0000000000000000e000000000000000	ScaledMoon	Elemental/Scaled Celestial Body	68f700ebd4464134ca772ec1d739ad0a	768	984.00
Celestial Diorama Backdrop/Ringed Ember Planet	Sphere	Library/unity default resources	0000000000000000e000000000000000	ScaledPlanet	Elemental/Scaled Celestial Body	ff7bac3d7adb492408dc18044743cd8d	768	1128.00
Meteor Shower Runtime/Physical Meteor 01	EarthFacetedCell_6200 Beveled Render			Lit	Universal Render Pipeline/Lit	31321ba15b8f8eb4c954353edc038b1d	435	60.57
Meteor Shower Runtime/Physical Meteor 01	EarthFacetedCell_6200 Beveled Render			MeteorStreak	Universal Render Pipeline/Unlit	bde88af213432a5438b4863cd2e40a90	435	60.57
Meteor Shower Runtime/Physical Meteor 02	EarthFacetedCell_6247 Beveled Render			Lit	Universal Render Pipeline/Lit	31321ba15b8f8eb4c954353edc038b1d	294	60.58
Meteor Shower Runtime/Physical Meteor 02	EarthFacetedCell_6247 Beveled Render			MeteorStreak	Universal Render Pipeline/Unlit	bde88af213432a5438b4863cd2e40a90	294	60.57
Meteor Shower Runtime/Physical Meteor 03	EarthFacetedCell_6294 Beveled Render			Lit	Universal Render Pipeline/Lit	31321ba15b8f8eb4c954353edc038b1d	154	60.59
Meteor Shower Runtime/Physical Meteor 03	EarthFacetedCell_6294 Beveled Render			MeteorStreak	Universal Render Pipeline/Unlit	bde88af213432a5438b4863cd2e40a90	154	60.57
Meteor Shower Runtime/Physical Meteor 04	EarthFacetedCell_6341 Beveled Render			Lit	Universal Render Pipeline/Lit	31321ba15b8f8eb4c954353edc038b1d	439	60.57
Meteor Shower Runtime/Physical Meteor 04	EarthFacetedCell_6341 Beveled Render			MeteorStreak	Universal Render Pipeline/Unlit	bde88af213432a5438b4863cd2e40a90	439	60.57
Meteor Shower Runtime/Scaled Approach Meteor 01	EarthFacetedCell_7100 Beveled Render			MeteorStreak	Universal Render Pipeline/Unlit	bde88af213432a5438b4863cd2e40a90	432	60.57
Meteor Shower Runtime/Scaled Approach Meteor 02	EarthFacetedCell_7159 Beveled Render			MeteorStreak	Universal Render Pipeline/Unlit	bde88af213432a5438b4863cd2e40a90	289	60.57
Meteor Shower Runtime/Scaled Approach Meteor 03	EarthFacetedCell_7218 Beveled Render			MeteorStreak	Universal Render Pipeline/Unlit	bde88af213432a5438b4863cd2e40a90	154	60.57
Meteor Shower Runtime/Scaled Approach Meteor 04	EarthFacetedCell_7277 Beveled Render			MeteorStreak	Universal Render Pipeline/Unlit	bde88af213432a5438b4863cd2e40a90	410	60.57
Meteor Shower Runtime/Scaled Approach Meteor 05	EarthFacetedCell_7336 Beveled Render			MeteorStreak	Universal Render Pipeline/Unlit	bde88af213432a5438b4863cd2e40a90	286	60.57
Meteor Shower Runtime/Scaled Approach Meteor 06	EarthFacetedCell_7395 Beveled Render			MeteorStreak	Universal Render Pipeline/Unlit	bde88af213432a5438b4863cd2e40a90	143	60.57
Earth Pillar Feedback/Rising Earth Pillar	BeveledEarthPillar Beveled Render			RumbleSandstone	Elemental/Graphics V5/Rumble Rock Lit	d0239ba4c83ca2a4e8f8ebeea7e809c4	236	60.57
Earth Pillar Feedback/Rising Earth Pillar/Pillar Edge Chip 01	ChippedEarthWall	Assets/Elemental/Content/Meshes/ChippedEarthWall.asset	e2e168286652409479e7622df81604fd	RumbleSandstone	Elemental/Graphics V5/Rumble Rock Lit	d0239ba4c83ca2a4e8f8ebeea7e809c4	44	61.29
Earth Pillar Feedback/Rising Earth Pillar/Pillar Edge Chip 02	ChippedEarthWall	Assets/Elemental/Content/Meshes/ChippedEarthWall.asset	e2e168286652409479e7622df81604fd	RumbleSandstone	Elemental/Graphics V5/Rumble Rock Lit	d0239ba4c83ca2a4e8f8ebeea7e809c4	44	60.91
Earth Pillar Feedback/Rising Earth Pillar/Pillar Edge Chip 04	ChippedEarthWall	Assets/Elemental/Content/Meshes/ChippedEarthWall.asset	e2e168286652409479e7622df81604fd	RumbleSandstone	Elemental/Graphics V5/Rumble Rock Lit	d0239ba4c83ca2a4e8f8ebeea7e809c4	44	60.03
Earth Pillar Feedback/Rising Earth Pillar/Pillar Edge Chip 05	ChippedEarthWall	Assets/Elemental/Content/Meshes/ChippedEarthWall.asset	e2e168286652409479e7622df81604fd	RumbleSandstone	Elemental/Graphics V5/Rumble Rock Lit	d0239ba4c83ca2a4e8f8ebeea7e809c4	44	61.34
Earth Pillar Feedback/Rising Earth Pillar/Pillar Edge Chip 06	ChippedEarthWall	Assets/Elemental/Content/Meshes/ChippedEarthWall.asset	e2e168286652409479e7622df81604fd	RumbleSandstone	Elemental/Graphics V5/Rumble Rock Lit	d0239ba4c83ca2a4e8f8ebeea7e809c4	44	60.80
Earth Pillar Feedback/Rising Earth Pillar/Pillar Edge Chip 07	ChippedEarthWall	Assets/Elemental/Content/Meshes/ChippedEarthWall.asset	e2e168286652409479e7622df81604fd	RumbleSandstone	Elemental/Graphics V5/Rumble Rock Lit	d0239ba4c83ca2a4e8f8ebeea7e809c4	44	60.29
Earth Pillar Feedback/Rising Earth Pillar/Pillar Edge Chip 08	ChippedEarthWall	Assets/Elemental/Content/Meshes/ChippedEarthWall.asset	e2e168286652409479e7622df81604fd	RumbleSandstone	Elemental/Graphics V5/Rumble Rock Lit	d0239ba4c83ca2a4e8f8ebeea7e809c4	44	59.81
Earth Pillar Feedback/Rising Earth Pillar/Pillar Edge Chip 09	ChippedEarthWall	Assets/Elemental/Content/Meshes/ChippedEarthWall.asset	e2e168286652409479e7622df81604fd	RumbleSandstone	Elemental/Graphics V5/Rumble Rock Lit	d0239ba4c83ca2a4e8f8ebeea7e809c4	44	61.22
Earth Pillar Feedback/Lift Ground Chip 01	ChippedEarthWall Beveled Render			RumbleSandstone (Cosmetic FX)	Elemental/Graphics V5/Rumble Rock Lit		236	60.57
Earth Pillar Feedback/Lift Ground Chip 02	ChippedEarthWall Beveled Render			RumbleSandstone (Cosmetic FX)	Elemental/Graphics V5/Rumble Rock Lit		236	60.57
Earth Pillar Feedback/Lift Ground Chip 04	ChippedEarthWall Beveled Render			RumbleSandstone (Cosmetic FX)	Elemental/Graphics V5/Rumble Rock Lit		236	60.57
Earth Pillar Feedback/Lift Ground Chip 05	ChippedEarthWall Beveled Render			RumbleSandstone (Cosmetic FX)	Elemental/Graphics V5/Rumble Rock Lit		236	60.57
Earth Pillar Feedback/Lift Ground Chip 06	ChippedEarthWall Beveled Render			RumbleSandstone (Cosmetic FX)	Elemental/Graphics V5/Rumble Rock Lit		236	60.57
Earth Pillar Feedback/Lift Ground Chip 07	ChippedEarthWall Beveled Render			RumbleSandstone (Cosmetic FX)	Elemental/Graphics V5/Rumble Rock Lit		236	60.57
Earth Pillar Feedback/Lift Ground Chip 08	ChippedEarthWall Beveled Render			RumbleSandstone (Cosmetic FX)	Elemental/Graphics V5/Rumble Rock Lit		236	60.57
Earth Pillar Feedback/Lift Ground Chip 09	ChippedEarthWall Beveled Render			RumbleSandstone (Cosmetic FX)	Elemental/Graphics V5/Rumble Rock Lit		236	60.57
Earth Pillar Feedback/Lift Ground Chip 10	ChippedEarthWall Beveled Render			RumbleSandstone (Cosmetic FX)	Elemental/Graphics V5/Rumble Rock Lit		236	60.57
Earth Pillar Feedback/Lift Ground Chip 11	ChippedEarthWall Beveled Render			RumbleSandstone (Cosmetic FX)	Elemental/Graphics V5/Rumble Rock Lit		236	60.57
Earth Pillar Feedback/Lift Ground Chip 12	ChippedEarthWall Beveled Render			RumbleSandstone (Cosmetic FX)	Elemental/Graphics V5/Rumble Rock Lit		236	60.57
Earth Pillar Feedback/Lift Ground Chip 13	ChippedEarthWall Beveled Render			RumbleSandstone (Cosmetic FX)	Elemental/Graphics V5/Rumble Rock Lit		236	60.57
Earth Pillar Feedback/Lift Ground Chip 14	ChippedEarthWall Beveled Render			RumbleSandstone (Cosmetic FX)	Elemental/Graphics V5/Rumble Rock Lit		236	60.57
Earth Pillar Feedback/Lift Ground Chip 16	ChippedEarthWall Beveled Render			RumbleSandstone (Cosmetic FX)	Elemental/Graphics V5/Rumble Rock Lit		236	60.57
Earth Pillar Feedback/Lift Ground Chip 17	ChippedEarthWall Beveled Render			RumbleSandstone (Cosmetic FX)	Elemental/Graphics V5/Rumble Rock Lit		236	60.57
Earth Pillar Feedback/Lift Ground Chip 18	ChippedEarthWall Beveled Render			RumbleSandstone (Cosmetic FX)	Elemental/Graphics V5/Rumble Rock Lit		236	60.57
Earth Pillar Feedback/Lift Ground Chip 19	ChippedEarthWall Beveled Render			RumbleSandstone (Cosmetic FX)	Elemental/Graphics V5/Rumble Rock Lit		236	60.57
Earth Pillar Feedback/Lift Ground Chip 20	ChippedEarthWall Beveled Render			RumbleSandstone (Cosmetic FX)	Elemental/Graphics V5/Rumble Rock Lit		236	60.57
Rumble Linebreaker Bot/Linebreaker X Bot Presentation/LinebreakerBody	LinebreakerBody	Assets/Elemental/Content/Characters/Linebreaker/Linebreaker.fbx	768c61288998aaf42ac2dcbe0e55b8db	LinebreakerMaterial_768c6128	Elemental/Graphics V5/Rumble Rock Lit	1441b9a013077754ca61b0150b15e158	6349	11.87
Broken Crown Arena/Arena_Column_NorthEast_INTACT	Arena_Column_NorthEast_INTACT	Assets/Elemental/Content/Arena/BrokenCrown/BrokenCrownArena.fbx	f69e60c4c194a2648a804484ba1ab563	RumbleArenaSandstone	Elemental/Graphics V5/Rumble Rock Lit	91fc0cc0e76ed8348bf172edefa7fd44	450	13.93
Broken Crown Arena/Arena_Column_NorthWest_INTACT	Arena_Column_NorthWest_INTACT	Assets/Elemental/Content/Arena/BrokenCrown/BrokenCrownArena.fbx	f69e60c4c194a2648a804484ba1ab563	RumbleArenaSandstone	Elemental/Graphics V5/Rumble Rock Lit	91fc0cc0e76ed8348bf172edefa7fd44	426	14.24
Broken Crown Arena/Arena_Column_SouthEast_INTACT	Arena_Column_SouthEast_INTACT	Assets/Elemental/Content/Arena/BrokenCrown/BrokenCrownArena.fbx	f69e60c4c194a2648a804484ba1ab563	RumbleArenaSandstone	Elemental/Graphics V5/Rumble Rock Lit	91fc0cc0e76ed8348bf172edefa7fd44	454	9.50
Broken Crown Arena/Arena_Column_SouthWest_INTACT	Arena_Column_SouthWest_INTACT	Assets/Elemental/Content/Arena/BrokenCrown/BrokenCrownArena.fbx	f69e60c4c194a2648a804484ba1ab563	RumbleArenaSandstone	Elemental/Graphics V5/Rumble Rock Lit	91fc0cc0e76ed8348bf172edefa7fd44	378	10.12
Broken Crown Arena/Arena_FloorBase_INTACT	Arena_FloorBase_INTACT	Assets/Elemental/Content/Arena/BrokenCrown/BrokenCrownArena.fbx	f69e60c4c194a2648a804484ba1ab563	RumbleArenaSandstone	Elemental/Graphics V5/Rumble Rock Lit	91fc0cc0e76ed8348bf172edefa7fd44	4814	9.35
Broken Crown Arena/Arena_Gate_INTACT	Arena_Gate_INTACT	Assets/Elemental/Content/Arena/BrokenCrown/BrokenCrownArena.fbx	f69e60c4c194a2648a804484ba1ab563	RumbleArenaSandstone	Elemental/Graphics V5/Rumble Rock Lit	91fc0cc0e76ed8348bf172edefa7fd44	1052	13.87
Broken Crown Arena/Arena_GateThreshold_STATIC	Arena_GateThreshold_STATIC	Assets/Elemental/Content/Arena/BrokenCrown/BrokenCrownArena.fbx	f69e60c4c194a2648a804484ba1ab563	RumbleArenaSandstone	Elemental/Graphics V5/Rumble Rock Lit	91fc0cc0e76ed8348bf172edefa7fd44	21	14.65
Broken Crown Arena/Arena_Rock_NorthEast_Large	Arena_Rock_NorthEast_Large	Assets/Elemental/Content/Arena/BrokenCrown/BrokenCrownArena.fbx	f69e60c4c194a2648a804484ba1ab563	RumbleArenaSandstone	Elemental/Graphics V5/Rumble Rock Lit	91fc0cc0e76ed8348bf172edefa7fd44	98	14.77
Broken Crown Arena/Arena_Rock_NorthWest_Large	Arena_Rock_NorthWest_Large	Assets/Elemental/Content/Arena/BrokenCrown/BrokenCrownArena.fbx	f69e60c4c194a2648a804484ba1ab563	RumbleArenaSandstone	Elemental/Graphics V5/Rumble Rock Lit	91fc0cc0e76ed8348bf172edefa7fd44	58	15.30
Broken Crown Arena/Arena_Rock_SouthEast_Large	Arena_Rock_SouthEast_Large	Assets/Elemental/Content/Arena/BrokenCrown/BrokenCrownArena.fbx	f69e60c4c194a2648a804484ba1ab563	RumbleArenaSandstone	Elemental/Graphics V5/Rumble Rock Lit	91fc0cc0e76ed8348bf172edefa7fd44	199	9.44
Broken Crown Arena/Arena_Rock_SouthEast_Small	Arena_Rock_SouthEast_Small	Assets/Elemental/Content/Arena/BrokenCrown/BrokenCrownArena.fbx	f69e60c4c194a2648a804484ba1ab563	RumbleArenaSandstone	Elemental/Graphics V5/Rumble Rock Lit	91fc0cc0e76ed8348bf172edefa7fd44	88	7.36
Broken Crown Arena/Arena_Rock_SouthWest_Large	Arena_Rock_SouthWest_Large	Assets/Elemental/Content/Arena/BrokenCrown/BrokenCrownArena.fbx	f69e60c4c194a2648a804484ba1ab563	RumbleArenaSandstone	Elemental/Graphics V5/Rumble Rock Lit	91fc0cc0e76ed8348bf172edefa7fd44	179	9.78
Broken Crown Arena/Arena_Rock_SouthWest_Slab	Arena_Rock_SouthWest_Slab	Assets/Elemental/Content/Arena/BrokenCrown/BrokenCrownArena.fbx	f69e60c4c194a2648a804484ba1ab563	RumbleArenaSandstone	Elemental/Graphics V5/Rumble Rock Lit	91fc0cc0e76ed8348bf172edefa7fd44	219	6.69
Broken Crown Arena/Arena_Rock_West_Slab	Arena_Rock_West_Slab	Assets/Elemental/Content/Arena/BrokenCrown/BrokenCrownArena.fbx	f69e60c4c194a2648a804484ba1ab563	RumbleArenaSandstone	Elemental/Graphics V5/Rumble Rock Lit	91fc0cc0e76ed8348bf172edefa7fd44	53	12.78
Broken Crown Arena/Arena_Rubble_SouthWest_01	Arena_Rubble_SouthWest_01	Assets/Elemental/Content/Arena/BrokenCrown/BrokenCrownArena.fbx	f69e60c4c194a2648a804484ba1ab563	RumbleArenaSandstone	Elemental/Graphics V5/Rumble Rock Lit	91fc0cc0e76ed8348bf172edefa7fd44	56	9.19
Broken Crown Arena/Arena_Rubble_SouthWest_02	Arena_Rubble_SouthWest_02	Assets/Elemental/Content/Arena/BrokenCrown/BrokenCrownArena.fbx	f69e60c4c194a2648a804484ba1ab563	RumbleArenaSandstone	Elemental/Graphics V5/Rumble Rock Lit	91fc0cc0e76ed8348bf172edefa7fd44	16	10.03
Broken Crown Arena/Arena_Wall_East_INTACT	Arena_Wall_East_INTACT	Assets/Elemental/Content/Arena/BrokenCrown/BrokenCrownArena.fbx	f69e60c4c194a2648a804484ba1ab563	RumbleArenaSandstone	Elemental/Graphics V5/Rumble Rock Lit	91fc0cc0e76ed8348bf172edefa7fd44	586	14.38
Broken Crown Arena/Arena_Wall_West_INTACT	Arena_Wall_West_INTACT	Assets/Elemental/Content/Arena/BrokenCrown/BrokenCrownArena.fbx	f69e60c4c194a2648a804484ba1ab563	RumbleArenaSandstone	Elemental/Graphics V5/Rumble Rock Lit	91fc0cc0e76ed8348bf172edefa7fd44	756	14.54
Broken Crown Arena/FR_arena_column_north_east_ROOT/COL_FR_arena_column_north_east_P001	COL_FR_arena_column_north_east_P001	Assets/Elemental/Content/Arena/BrokenCrown/BrokenCrownArena.fbx	f69e60c4c194a2648a804484ba1ab563	Lit	Universal Render Pipeline/Lit	31321ba15b8f8eb4c954353edc038b1d	122	14.13
Broken Crown Arena/FR_arena_column_north_east_ROOT/COL_FR_arena_column_north_east_P002	COL_FR_arena_column_north_east_P002	Assets/Elemental/Content/Arena/BrokenCrown/BrokenCrownArena.fbx	f69e60c4c194a2648a804484ba1ab563	Lit	Universal Render Pipeline/Lit	31321ba15b8f8eb4c954353edc038b1d	128	14.62
Broken Crown Arena/FR_arena_column_north_east_ROOT/COL_FR_arena_column_north_east_P003	COL_FR_arena_column_north_east_P003	Assets/Elemental/Content/Arena/BrokenCrown/BrokenCrownArena.fbx	f69e60c4c194a2648a804484ba1ab563	Lit	Universal Render Pipeline/Lit	31321ba15b8f8eb4c954353edc038b1d	60	13.64
Broken Crown Arena/FR_arena_column_north_east_ROOT/COL_FR_arena_column_north_east_P004	COL_FR_arena_column_north_east_P004	Assets/Elemental/Content/Arena/BrokenCrown/BrokenCrownArena.fbx	f69e60c4c194a2648a804484ba1ab563	Lit	Universal Render Pipeline/Lit	31321ba15b8f8eb4c954353edc038b1d	50	14.16
Broken Crown Arena/FR_arena_column_north_east_ROOT/COL_FR_arena_column_north_east_P005	COL_FR_arena_column_north_east_P005	Assets/Elemental/Content/Arena/BrokenCrown/BrokenCrownArena.fbx	f69e60c4c194a2648a804484ba1ab563	Lit	Universal Render Pipeline/Lit	31321ba15b8f8eb4c954353edc038b1d	68	13.87
Broken Crown Arena/FR_arena_column_north_east_ROOT/FR_arena_column_north_east_P001	ArenaColumnNorthEastFracturePiece001Render Beveled Render			RumbleArenaSandstone	Elemental/Graphics V5/Rumble Rock Lit	91fc0cc0e76ed8348bf172edefa7fd44	1039	14.13
Broken Crown Arena/FR_arena_column_north_east_ROOT/FR_arena_column_north_east_P001	ArenaColumnNorthEastFracturePiece001Render Beveled Render			RumbleSandstoneFractureInterior	Elemental/Graphics V5/Rumble Rock Lit	e318bcc672b00554f9504b2493470036	1039	14.13
Broken Crown Arena/FR_arena_column_north_east_ROOT/FR_arena_column_north_east_P002	ArenaColumnNorthEastFracturePiece002Render Beveled Render			RumbleArenaSandstone	Elemental/Graphics V5/Rumble Rock Lit	91fc0cc0e76ed8348bf172edefa7fd44	930	14.62
Broken Crown Arena/FR_arena_column_north_east_ROOT/FR_arena_column_north_east_P002	ArenaColumnNorthEastFracturePiece002Render Beveled Render			RumbleSandstoneFractureInterior	Elemental/Graphics V5/Rumble Rock Lit	e318bcc672b00554f9504b2493470036	930	14.62
Broken Crown Arena/FR_arena_column_north_east_ROOT/FR_arena_column_north_east_P003	ArenaColumnNorthEastFracturePiece003Render Beveled Render			RumbleArenaSandstone	Elemental/Graphics V5/Rumble Rock Lit	91fc0cc0e76ed8348bf172edefa7fd44	591	13.64
Broken Crown Arena/FR_arena_column_north_east_ROOT/FR_arena_column_north_east_P003	ArenaColumnNorthEastFracturePiece003Render Beveled Render			RumbleSandstoneFractureInterior	Elemental/Graphics V5/Rumble Rock Lit	e318bcc672b00554f9504b2493470036	591	13.64
Broken Crown Arena/FR_arena_column_north_east_ROOT/FR_arena_column_north_east_P004	ArenaColumnNorthEastFracturePiece004Render Beveled Render			RumbleArenaSandstone	Elemental/Graphics V5/Rumble Rock Lit	91fc0cc0e76ed8348bf172edefa7fd44	300	14.16
Broken Crown Arena/FR_arena_column_north_east_ROOT/FR_arena_column_north_east_P004	ArenaColumnNorthEastFracturePiece004Render Beveled Render			RumbleSandstoneFractureInterior	Elemental/Graphics V5/Rumble Rock Lit	e318bcc672b00554f9504b2493470036	300	14.16
Broken Crown Arena/FR_arena_column_north_east_ROOT/FR_arena_column_north_east_P005	ArenaColumnNorthEastFracturePiece005Render Beveled Render			RumbleArenaSandstone	Elemental/Graphics V5/Rumble Rock Lit	91fc0cc0e76ed8348bf172edefa7fd44	524	13.87
Broken Crown Arena/FR_arena_column_north_east_ROOT/FR_arena_column_north_east_P005	ArenaColumnNorthEastFracturePiece005Render Beveled Render			RumbleSandstoneFractureInterior	Elemental/Graphics V5/Rumble Rock Lit	e318bcc672b00554f9504b2493470036	524	13.87
Broken Crown Arena/FR_arena_column_north_west_ROOT/COL_FR_arena_column_north_west_P001	COL_FR_arena_column_north_west_P001	Assets/Elemental/Content/Arena/BrokenCrown/BrokenCrownArena.fbx	f69e60c4c194a2648a804484ba1ab563	Lit	Universal Render Pipeline/Lit	31321ba15b8f8eb4c954353edc038b1d	70	14.32
Broken Crown Arena/FR_arena_column_north_west_ROOT/COL_FR_arena_column_north_west_P002	COL_FR_arena_column_north_west_P002	Assets/Elemental/Content/Arena/BrokenCrown/BrokenCrownArena.fbx	f69e60c4c194a2648a804484ba1ab563	Lit	Universal Render Pipeline/Lit	31321ba15b8f8eb4c954353edc038b1d	130	14.93
Broken Crown Arena/FR_arena_column_north_west_ROOT/COL_FR_arena_column_north_west_P003	COL_FR_arena_column_north_west_P003	Assets/Elemental/Content/Arena/BrokenCrown/BrokenCrownArena.fbx	f69e60c4c194a2648a804484ba1ab563	Lit	Universal Render Pipeline/Lit	31321ba15b8f8eb4c954353edc038b1d	114	14.38
Broken Crown Arena/FR_arena_column_north_west_ROOT/COL_FR_arena_column_north_west_P004	COL_FR_arena_column_north_west_P004	Assets/Elemental/Content/Arena/BrokenCrown/BrokenCrownArena.fbx	f69e60c4c194a2648a804484ba1ab563	Lit	Universal Render Pipeline/Lit	31321ba15b8f8eb4c954353edc038b1d	60	14.22
Broken Crown Arena/FR_arena_column_north_west_ROOT/COL_FR_arena_column_north_west_P005	COL_FR_arena_column_north_west_P005	Assets/Elemental/Content/Arena/BrokenCrown/BrokenCrownArena.fbx	f69e60c4c194a2648a804484ba1ab563	Lit	Universal Render Pipeline/Lit	31321ba15b8f8eb4c954353edc038b1d	76	14.08
Broken Crown Arena/FR_arena_column_north_west_ROOT/FR_arena_column_north_west_P001	ArenaColumnNorthWestFracturePiece001Render Beveled Render			RumbleArenaSandstone	Elemental/Graphics V5/Rumble Rock Lit	91fc0cc0e76ed8348bf172edefa7fd44	351	14.32
Broken Crown Arena/FR_arena_column_north_west_ROOT/FR_arena_column_north_west_P001	ArenaColumnNorthWestFracturePiece001Render Beveled Render			RumbleSandstoneFractureInterior	Elemental/Graphics V5/Rumble Rock Lit	e318bcc672b00554f9504b2493470036	351	14.32
Broken Crown Arena/FR_arena_column_north_west_ROOT/FR_arena_column_north_west_P002	ArenaColumnNorthWestFracturePiece002Render Beveled Render			RumbleArenaSandstone	Elemental/Graphics V5/Rumble Rock Lit	91fc0cc0e76ed8348bf172edefa7fd44	961	14.93
Broken Crown Arena/FR_arena_column_north_west_ROOT/FR_arena_column_north_west_P002	ArenaColumnNorthWestFracturePiece002Render Beveled Render			RumbleSandstoneFractureInterior	Elemental/Graphics V5/Rumble Rock Lit	e318bcc672b00554f9504b2493470036	961	14.93
Broken Crown Arena/FR_arena_column_north_west_ROOT/FR_arena_column_north_west_P003	ArenaColumnNorthWestFracturePiece003Render Beveled Render			RumbleArenaSandstone	Elemental/Graphics V5/Rumble Rock Lit	91fc0cc0e76ed8348bf172edefa7fd44	996	14.38
Broken Crown Arena/FR_arena_column_north_west_ROOT/FR_arena_column_north_west_P003	ArenaColumnNorthWestFracturePiece003Render Beveled Render			RumbleSandstoneFractureInterior	Elemental/Graphics V5/Rumble Rock Lit	e318bcc672b00554f9504b2493470036	996	14.38
Broken Crown Arena/FR_arena_column_north_west_ROOT/FR_arena_column_north_west_P004	ArenaColumnNorthWestFracturePiece004Render Beveled Render			RumbleArenaSandstone	Elemental/Graphics V5/Rumble Rock Lit	91fc0cc0e76ed8348bf172edefa7fd44	230	14.22
Broken Crown Arena/FR_arena_column_north_west_ROOT/FR_arena_column_north_west_P004	ArenaColumnNorthWestFracturePiece004Render Beveled Render			RumbleSandstoneFractureInterior	Elemental/Graphics V5/Rumble Rock Lit	e318bcc672b00554f9504b2493470036	230	14.22
Broken Crown Arena/FR_arena_column_north_west_ROOT/FR_arena_column_north_west_P005	ArenaColumnNorthWestFracturePiece005Render Beveled Render			RumbleArenaSandstone	Elemental/Graphics V5/Rumble Rock Lit	91fc0cc0e76ed8348bf172edefa7fd44	640	14.08
Broken Crown Arena/FR_arena_column_north_west_ROOT/FR_arena_column_north_west_P005	ArenaColumnNorthWestFracturePiece005Render Beveled Render			RumbleSandstoneFractureInterior	Elemental/Graphics V5/Rumble Rock Lit	e318bcc672b00554f9504b2493470036	640	14.08
Broken Crown Arena/FR_arena_column_south_east_ROOT/COL_FR_arena_column_south_east_P001	COL_FR_arena_column_south_east_P001	Assets/Elemental/Content/Arena/BrokenCrown/BrokenCrownArena.fbx	f69e60c4c194a2648a804484ba1ab563	Lit	Universal Render Pipeline/Lit	31321ba15b8f8eb4c954353edc038b1d	88	9.28
Broken Crown Arena/FR_arena_column_south_east_ROOT/COL_FR_arena_column_south_east_P002	COL_FR_arena_column_south_east_P002	Assets/Elemental/Content/Arena/BrokenCrown/BrokenCrownArena.fbx	f69e60c4c194a2648a804484ba1ab563	Lit	Universal Render Pipeline/Lit	31321ba15b8f8eb4c954353edc038b1d	84	9.22
Broken Crown Arena/FR_arena_column_south_east_ROOT/COL_FR_arena_column_south_east_P003	COL_FR_arena_column_south_east_P003	Assets/Elemental/Content/Arena/BrokenCrown/BrokenCrownArena.fbx	f69e60c4c194a2648a804484ba1ab563	Lit	Universal Render Pipeline/Lit	31321ba15b8f8eb4c954353edc038b1d	84	10.22
Broken Crown Arena/FR_arena_column_south_east_ROOT/COL_FR_arena_column_south_east_P004	COL_FR_arena_column_south_east_P004	Assets/Elemental/Content/Arena/BrokenCrown/BrokenCrownArena.fbx	f69e60c4c194a2648a804484ba1ab563	Lit	Universal Render Pipeline/Lit	31321ba15b8f8eb4c954353edc038b1d	96	9.92
Broken Crown Arena/FR_arena_column_south_east_ROOT/FR_arena_column_south_east_P001	ArenaColumnSouthEastFracturePiece001Render Beveled Render			RumbleArenaSandstone	Elemental/Graphics V5/Rumble Rock Lit	91fc0cc0e76ed8348bf172edefa7fd44	652	9.27
Broken Crown Arena/FR_arena_column_south_east_ROOT/FR_arena_column_south_east_P001	ArenaColumnSouthEastFracturePiece001Render Beveled Render			RumbleSandstoneFractureInterior	Elemental/Graphics V5/Rumble Rock Lit	e318bcc672b00554f9504b2493470036	652	9.27
Broken Crown Arena/FR_arena_column_south_east_ROOT/FR_arena_column_south_east_P002	ArenaColumnSouthEastFracturePiece002Render Beveled Render			RumbleArenaSandstone	Elemental/Graphics V5/Rumble Rock Lit	91fc0cc0e76ed8348bf172edefa7fd44	675	9.22
Broken Crown Arena/FR_arena_column_south_east_ROOT/FR_arena_column_south_east_P002	ArenaColumnSouthEastFracturePiece002Render Beveled Render			RumbleSandstoneFractureInterior	Elemental/Graphics V5/Rumble Rock Lit	e318bcc672b00554f9504b2493470036	675	9.22
Broken Crown Arena/FR_arena_column_south_east_ROOT/FR_arena_column_south_east_P003	ArenaColumnSouthEastFracturePiece003Render Beveled Render			RumbleArenaSandstone	Elemental/Graphics V5/Rumble Rock Lit	91fc0cc0e76ed8348bf172edefa7fd44	473	10.22
Broken Crown Arena/FR_arena_column_south_east_ROOT/FR_arena_column_south_east_P003	ArenaColumnSouthEastFracturePiece003Render Beveled Render			RumbleSandstoneFractureInterior	Elemental/Graphics V5/Rumble Rock Lit	e318bcc672b00554f9504b2493470036	473	10.22
Broken Crown Arena/FR_arena_column_south_east_ROOT/FR_arena_column_south_east_P004	ArenaColumnSouthEastFracturePiece004Render Beveled Render			RumbleArenaSandstone	Elemental/Graphics V5/Rumble Rock Lit	91fc0cc0e76ed8348bf172edefa7fd44	1160	9.92
Broken Crown Arena/FR_arena_column_south_east_ROOT/FR_arena_column_south_east_P004	ArenaColumnSouthEastFracturePiece004Render Beveled Render			RumbleSandstoneFractureInterior	Elemental/Graphics V5/Rumble Rock Lit	e318bcc672b00554f9504b2493470036	1160	9.92
Broken Crown Arena/FR_arena_column_south_west_ROOT/COL_FR_arena_column_south_west_P001	COL_FR_arena_column_south_west_P001	Assets/Elemental/Content/Arena/BrokenCrown/BrokenCrownArena.fbx	f69e60c4c194a2648a804484ba1ab563	Lit	Universal Render Pipeline/Lit	31321ba15b8f8eb4c954353edc038b1d	50	9.97
Broken Crown Arena/FR_arena_column_south_west_ROOT/COL_FR_arena_column_south_west_P002	COL_FR_arena_column_south_west_P002	Assets/Elemental/Content/Arena/BrokenCrown/BrokenCrownArena.fbx	f69e60c4c194a2648a804484ba1ab563	Lit	Universal Render Pipeline/Lit	31321ba15b8f8eb4c954353edc038b1d	80	9.76
Broken Crown Arena/FR_arena_column_south_west_ROOT/COL_FR_arena_column_south_west_P003	COL_FR_arena_column_south_west_P003	Assets/Elemental/Content/Arena/BrokenCrown/BrokenCrownArena.fbx	f69e60c4c194a2648a804484ba1ab563	Lit	Universal Render Pipeline/Lit	31321ba15b8f8eb4c954353edc038b1d	104	10.72
Broken Crown Arena/FR_arena_column_south_west_ROOT/COL_FR_arena_column_south_west_P004	COL_FR_arena_column_south_west_P004	Assets/Elemental/Content/Arena/BrokenCrown/BrokenCrownArena.fbx	f69e60c4c194a2648a804484ba1ab563	Lit	Universal Render Pipeline/Lit	31321ba15b8f8eb4c954353edc038b1d	74	10.26
Broken Crown Arena/FR_arena_column_south_west_ROOT/FR_arena_column_south_west_P001	ArenaColumnSouthWestFracturePiece001Render Beveled Render			RumbleArenaSandstone	Elemental/Graphics V5/Rumble Rock Lit	91fc0cc0e76ed8348bf172edefa7fd44	385	9.98
Broken Crown Arena/FR_arena_column_south_west_ROOT/FR_arena_column_south_west_P001	ArenaColumnSouthWestFracturePiece001Render Beveled Render			RumbleSandstoneFractureInterior	Elemental/Graphics V5/Rumble Rock Lit	e318bcc672b00554f9504b2493470036	385	9.98
Broken Crown Arena/FR_arena_column_south_west_ROOT/FR_arena_column_south_west_P002	ArenaColumnSouthWestFracturePiece002Render Beveled Render			RumbleArenaSandstone	Elemental/Graphics V5/Rumble Rock Lit	91fc0cc0e76ed8348bf172edefa7fd44	524	9.76
Broken Crown Arena/FR_arena_column_south_west_ROOT/FR_arena_column_south_west_P002	ArenaColumnSouthWestFracturePiece002Render Beveled Render			RumbleSandstoneFractureInterior	Elemental/Graphics V5/Rumble Rock Lit	e318bcc672b00554f9504b2493470036	524	9.76
Broken Crown Arena/FR_arena_column_south_west_ROOT/FR_arena_column_south_west_P003	ArenaColumnSouthWestFracturePiece003Render Beveled Render			RumbleArenaSandstone	Elemental/Graphics V5/Rumble Rock Lit	91fc0cc0e76ed8348bf172edefa7fd44	955	10.72
Broken Crown Arena/FR_arena_column_south_west_ROOT/FR_arena_column_south_west_P003	ArenaColumnSouthWestFracturePiece003Render Beveled Render			RumbleSandstoneFractureInterior	Elemental/Graphics V5/Rumble Rock Lit	e318bcc672b00554f9504b2493470036	955	10.72
Broken Crown Arena/FR_arena_column_south_west_ROOT/FR_arena_column_south_west_P004	ArenaColumnSouthWestFracturePiece004Render Beveled Render			RumbleArenaSandstone	Elemental/Graphics V5/Rumble Rock Lit	91fc0cc0e76ed8348bf172edefa7fd44	779	10.26
Broken Crown Arena/FR_arena_column_south_west_ROOT/FR_arena_column_south_west_P004	ArenaColumnSouthWestFracturePiece004Render Beveled Render			RumbleSandstoneFractureInterior	Elemental/Graphics V5/Rumble Rock Lit	e318bcc672b00554f9504b2493470036	779	10.26
Broken Crown Arena/FR_arena_floor_base_ROOT/COL_FR_arena_floor_base_P001	COL_FR_arena_floor_base_P001	Assets/Elemental/Content/Arena/BrokenCrown/BrokenCrownArena.fbx	f69e60c4c194a2648a804484ba1ab563	Lit	Universal Render Pipeline/Lit	31321ba15b8f8eb4c954353edc038b1d	102	8.40
Broken Crown Arena/FR_arena_floor_base_ROOT/COL_FR_arena_floor_base_P002	COL_FR_arena_floor_base_P002	Assets/Elemental/Content/Arena/BrokenCrown/BrokenCrownArena.fbx	f69e60c4c194a2648a804484ba1ab563	Lit	Universal Render Pipeline/Lit	31321ba15b8f8eb4c954353edc038b1d	80	12.37
Broken Crown Arena/FR_arena_floor_base_ROOT/COL_FR_arena_floor_base_P003	COL_FR_arena_floor_base_P003	Assets/Elemental/Content/Arena/BrokenCrown/BrokenCrownArena.fbx	f69e60c4c194a2648a804484ba1ab563	Lit	Universal Render Pipeline/Lit	31321ba15b8f8eb4c954353edc038b1d	48	9.18
Broken Crown Arena/FR_arena_floor_base_ROOT/COL_FR_arena_floor_base_P004	COL_FR_arena_floor_base_P004	Assets/Elemental/Content/Arena/BrokenCrown/BrokenCrownArena.fbx	f69e60c4c194a2648a804484ba1ab563	Lit	Universal Render Pipeline/Lit	31321ba15b8f8eb4c954353edc038b1d	40	11.26
Broken Crown Arena/FR_arena_floor_base_ROOT/COL_FR_arena_floor_base_P005	COL_FR_arena_floor_base_P005	Assets/Elemental/Content/Arena/BrokenCrown/BrokenCrownArena.fbx	f69e60c4c194a2648a804484ba1ab563	Lit	Universal Render Pipeline/Lit	31321ba15b8f8eb4c954353edc038b1d	80	13.27
Broken Crown Arena/FR_arena_floor_base_ROOT/COL_FR_arena_floor_base_P006	COL_FR_arena_floor_base_P006	Assets/Elemental/Content/Arena/BrokenCrown/BrokenCrownArena.fbx	f69e60c4c194a2648a804484ba1ab563	Lit	Universal Render Pipeline/Lit	31321ba15b8f8eb4c954353edc038b1d	112	13.87
Broken Crown Arena/FR_arena_floor_base_ROOT/COL_FR_arena_floor_base_P007	COL_FR_arena_floor_base_P007	Assets/Elemental/Content/Arena/BrokenCrown/BrokenCrownArena.fbx	f69e60c4c194a2648a804484ba1ab563	Lit	Universal Render Pipeline/Lit	31321ba15b8f8eb4c954353edc038b1d	66	9.16
Broken Crown Arena/FR_arena_floor_base_ROOT/COL_FR_arena_floor_base_P008	COL_FR_arena_floor_base_P008	Assets/Elemental/Content/Arena/BrokenCrown/BrokenCrownArena.fbx	f69e60c4c194a2648a804484ba1ab563	Lit	Universal Render Pipeline/Lit	31321ba15b8f8eb4c954353edc038b1d	48	9.50
Broken Crown Arena/FR_arena_floor_base_ROOT/COL_FR_arena_floor_base_P009	COL_FR_arena_floor_base_P009	Assets/Elemental/Content/Arena/BrokenCrown/BrokenCrownArena.fbx	f69e60c4c194a2648a804484ba1ab563	Lit	Universal Render Pipeline/Lit	31321ba15b8f8eb4c954353edc038b1d	100	12.13
Broken Crown Arena/FR_arena_floor_base_ROOT/COL_FR_arena_floor_base_P010	COL_FR_arena_floor_base_P010	Assets/Elemental/Content/Arena/BrokenCrown/BrokenCrownArena.fbx	f69e60c4c194a2648a804484ba1ab563	Lit	Universal Render Pipeline/Lit	31321ba15b8f8eb4c954353edc038b1d	62	8.36
Broken Crown Arena/FR_arena_floor_base_ROOT/COL_FR_arena_floor_base_P011	COL_FR_arena_floor_base_P011	Assets/Elemental/Content/Arena/BrokenCrown/BrokenCrownArena.fbx	f69e60c4c194a2648a804484ba1ab563	Lit	Universal Render Pipeline/Lit	31321ba15b8f8eb4c954353edc038b1d	164	8.83
Broken Crown Arena/FR_arena_floor_base_ROOT/COL_FR_arena_floor_base_P012	COL_FR_arena_floor_base_P012	Assets/Elemental/Content/Arena/BrokenCrown/BrokenCrownArena.fbx	f69e60c4c194a2648a804484ba1ab563	Lit	Universal Render Pipeline/Lit	31321ba15b8f8eb4c954353edc038b1d	158	6.75
Broken Crown Arena/FR_arena_floor_base_ROOT/COL_FR_arena_floor_base_P013	COL_FR_arena_floor_base_P013	Assets/Elemental/Content/Arena/BrokenCrown/BrokenCrownArena.fbx	f69e60c4c194a2648a804484ba1ab563	Lit	Universal Render Pipeline/Lit	31321ba15b8f8eb4c954353edc038b1d	168	12.21
Broken Crown Arena/FR_arena_floor_base_ROOT/COL_FR_arena_floor_base_P014	COL_FR_arena_floor_base_P014	Assets/Elemental/Content/Arena/BrokenCrown/BrokenCrownArena.fbx	f69e60c4c194a2648a804484ba1ab563	Lit	Universal Render Pipeline/Lit	31321ba15b8f8eb4c954353edc038b1d	78	11.25
Broken Crown Arena/FR_arena_floor_base_ROOT/COL_FR_arena_floor_base_P015	COL_FR_arena_floor_base_P015	Assets/Elemental/Content/Arena/BrokenCrown/BrokenCrownArena.fbx	f69e60c4c194a2648a804484ba1ab563	Lit	Universal Render Pipeline/Lit	31321ba15b8f8eb4c954353edc038b1d	118	6.45
Broken Crown Arena/FR_arena_floor_base_ROOT/COL_FR_arena_floor_base_P016	COL_FR_arena_floor_base_P016	Assets/Elemental/Content/Arena/BrokenCrown/BrokenCrownArena.fbx	f69e60c4c194a2648a804484ba1ab563	Lit	Universal Render Pipeline/Lit	31321ba15b8f8eb4c954353edc038b1d	50	9.15
Broken Crown Arena/FR_arena_floor_base_ROOT/COL_FR_arena_floor_base_P017	COL_FR_arena_floor_base_P017	Assets/Elemental/Content/Arena/BrokenCrown/BrokenCrownArena.fbx	f69e60c4c194a2648a804484ba1ab563	Lit	Universal Render Pipeline/Lit	31321ba15b8f8eb4c954353edc038b1d	48	6.21
Broken Crown Arena/FR_arena_floor_base_ROOT/COL_FR_arena_floor_base_P018	COL_FR_arena_floor_base_P018	Assets/Elemental/Content/Arena/BrokenCrown/BrokenCrownArena.fbx	f69e60c4c194a2648a804484ba1ab563	Lit	Universal Render Pipeline/Lit	31321ba15b8f8eb4c954353edc038b1d	82	7.23
Broken Crown Arena/FR_arena_floor_base_ROOT/COL_FR_arena_floor_base_P019	COL_FR_arena_floor_base_P019	Assets/Elemental/Content/Arena/BrokenCrown/BrokenCrownArena.fbx	f69e60c4c194a2648a804484ba1ab563	Lit	Universal Render Pipeline/Lit	31321ba15b8f8eb4c954353edc038b1d	66	8.12
Broken Crown Arena/FR_arena_floor_base_ROOT/COL_FR_arena_floor_base_P020	COL_FR_arena_floor_base_P020	Assets/Elemental/Content/Arena/BrokenCrown/BrokenCrownArena.fbx	f69e60c4c194a2648a804484ba1ab563	Lit	Universal Render Pipeline/Lit	31321ba15b8f8eb4c954353edc038b1d	58	8.69
Broken Crown Arena/FR_arena_floor_base_ROOT/COL_FR_arena_floor_base_P021	COL_FR_arena_floor_base_P021	Assets/Elemental/Content/Arena/BrokenCrown/BrokenCrownArena.fbx	f69e60c4c194a2648a804484ba1ab563	Lit	Universal Render Pipeline/Lit	31321ba15b8f8eb4c954353edc038b1d	56	8.79
Broken Crown Arena/FR_arena_floor_base_ROOT/COL_FR_arena_floor_base_P022	COL_FR_arena_floor_base_P022	Assets/Elemental/Content/Arena/BrokenCrown/BrokenCrownArena.fbx	f69e60c4c194a2648a804484ba1ab563	Lit	Universal Render Pipeline/Lit	31321ba15b8f8eb4c954353edc038b1d	124	9.66
Broken Crown Arena/FR_arena_floor_base_ROOT/COL_FR_arena_floor_base_P023	COL_FR_arena_floor_base_P023	Assets/Elemental/Content/Arena/BrokenCrown/BrokenCrownArena.fbx	f69e60c4c194a2648a804484ba1ab563	Lit	Universal Render Pipeline/Lit	31321ba15b8f8eb4c954353edc038b1d	80	14.08
Broken Crown Arena/FR_arena_floor_base_ROOT/COL_FR_arena_floor_base_P024	COL_FR_arena_floor_base_P024	Assets/Elemental/Content/Arena/BrokenCrown/BrokenCrownArena.fbx	f69e60c4c194a2648a804484ba1ab563	Lit	Universal Render Pipeline/Lit	31321ba15b8f8eb4c954353edc038b1d	124	14.37
Broken Crown Arena/FR_arena_floor_base_ROOT/COL_FR_arena_floor_base_P025	COL_FR_arena_floor_base_P025	Assets/Elemental/Content/Arena/BrokenCrown/BrokenCrownArena.fbx	f69e60c4c194a2648a804484ba1ab563	Lit	Universal Render Pipeline/Lit	31321ba15b8f8eb4c954353edc038b1d	140	12.18
Broken Crown Arena/FR_arena_floor_base_ROOT/COL_FR_arena_floor_base_P026	COL_FR_arena_floor_base_P026	Assets/Elemental/Content/Arena/BrokenCrown/BrokenCrownArena.fbx	f69e60c4c194a2648a804484ba1ab563	Lit	Universal Render Pipeline/Lit	31321ba15b8f8eb4c954353edc038b1d	52	10.92
Broken Crown Arena/FR_arena_floor_base_ROOT/COL_FR_arena_floor_base_P027	COL_FR_arena_floor_base_P027	Assets/Elemental/Content/Arena/BrokenCrown/BrokenCrownArena.fbx	f69e60c4c194a2648a804484ba1ab563	Lit	Universal Render Pipeline/Lit	31321ba15b8f8eb4c954353edc038b1d	102	12.99
Broken Crown Arena/FR_arena_floor_base_ROOT/COL_FR_arena_floor_base_P028	COL_FR_arena_floor_base_P028	Assets/Elemental/Content/Arena/BrokenCrown/BrokenCrownArena.fbx	f69e60c4c194a2648a804484ba1ab563	Lit	Universal Render Pipeline/Lit	31321ba15b8f8eb4c954353edc038b1d	88	12.06
Broken Crown Arena/FR_arena_floor_base_ROOT/COL_FR_arena_floor_base_P029	COL_FR_arena_floor_base_P029	Assets/Elemental/Content/Arena/BrokenCrown/BrokenCrownArena.fbx	f69e60c4c194a2648a804484ba1ab563	Lit	Universal Render Pipeline/Lit	31321ba15b8f8eb4c954353edc038b1d	68	7.92
Broken Crown Arena/FR_arena_floor_base_ROOT/COL_FR_arena_floor_base_P030	COL_FR_arena_floor_base_P030	Assets/Elemental/Content/Arena/BrokenCrown/BrokenCrownArena.fbx	f69e60c4c194a2648a804484ba1ab563	Lit	Universal Render Pipeline/Lit	31321ba15b8f8eb4c954353edc038b1d	64	10.94
Broken Crown Arena/FR_arena_floor_base_ROOT/COL_FR_arena_floor_base_P031	COL_FR_arena_floor_base_P031	Assets/Elemental/Content/Arena/BrokenCrown/BrokenCrownArena.fbx	f69e60c4c194a2648a804484ba1ab563	Lit	Universal Render Pipeline/Lit	31321ba15b8f8eb4c954353edc038b1d	94	12.55
Broken Crown Arena/FR_arena_floor_base_ROOT/COL_FR_arena_floor_base_P032	COL_FR_arena_floor_base_P032	Assets/Elemental/Content/Arena/BrokenCrown/BrokenCrownArena.fbx	f69e60c4c194a2648a804484ba1ab563	Lit	Universal Render Pipeline/Lit	31321ba15b8f8eb4c954353edc038b1d	100	13.16
Broken Crown Arena/FR_arena_floor_base_ROOT/COL_FR_arena_floor_base_P033	COL_FR_arena_floor_base_P033	Assets/Elemental/Content/Arena/BrokenCrown/BrokenCrownArena.fbx	f69e60c4c194a2648a804484ba1ab563	Lit	Universal Render Pipeline/Lit	31321ba15b8f8eb4c954353edc038b1d	98	14.04
Broken Crown Arena/FR_arena_floor_base_ROOT/COL_FR_arena_floor_base_P034	COL_FR_arena_floor_base_P034	Assets/Elemental/Content/Arena/BrokenCrown/BrokenCrownArena.fbx	f69e60c4c194a2648a804484ba1ab563	Lit	Universal Render Pipeline/Lit	31321ba15b8f8eb4c954353edc038b1d	66	13.12
Broken Crown Arena/FR_arena_floor_base_ROOT/COL_FR_arena_floor_base_P035	COL_FR_arena_floor_base_P035	Assets/Elemental/Content/Arena/BrokenCrown/BrokenCrownArena.fbx	f69e60c4c194a2648a804484ba1ab563	Lit	Universal Render Pipeline/Lit	31321ba15b8f8eb4c954353edc038b1d	132	5.38
Broken Crown Arena/FR_arena_floor_base_ROOT/COL_FR_arena_floor_base_P036	COL_FR_arena_floor_base_P036	Assets/Elemental/Content/Arena/BrokenCrown/BrokenCrownArena.fbx	f69e60c4c194a2648a804484ba1ab563	Lit	Universal Render Pipeline/Lit	31321ba15b8f8eb4c954353edc038b1d	120	6.45
Broken Crown Arena/FR_arena_floor_base_ROOT/FR_arena_floor_base_P001	ArenaFloorBaseFracturePiece001Render Beveled Render			RumbleArenaSandstone	Elemental/Graphics V5/Rumble Rock Lit	91fc0cc0e76ed8348bf172edefa7fd44	987	8.40
Broken Crown Arena/FR_arena_floor_base_ROOT/FR_arena_floor_base_P001	ArenaFloorBaseFracturePiece001Render Beveled Render			RumbleSandstoneFractureInterior	Elemental/Graphics V5/Rumble Rock Lit	e318bcc672b00554f9504b2493470036	987	8.40
Broken Crown Arena/FR_arena_floor_base_ROOT/FR_arena_floor_base_P002	ArenaFloorBaseFracturePiece002Render Beveled Render			RumbleArenaSandstone	Elemental/Graphics V5/Rumble Rock Lit	91fc0cc0e76ed8348bf172edefa7fd44	1181	12.36
Broken Crown Arena/FR_arena_floor_base_ROOT/FR_arena_floor_base_P002	ArenaFloorBaseFracturePiece002Render Beveled Render			RumbleSandstoneFractureInterior	Elemental/Graphics V5/Rumble Rock Lit	e318bcc672b00554f9504b2493470036	1181	12.36
Broken Crown Arena/FR_arena_floor_base_ROOT/FR_arena_floor_base_P003	ArenaFloorBaseFracturePiece003Render Beveled Render			RumbleArenaSandstone	Elemental/Graphics V5/Rumble Rock Lit	91fc0cc0e76ed8348bf172edefa7fd44	609	9.18
Broken Crown Arena/FR_arena_floor_base_ROOT/FR_arena_floor_base_P003	ArenaFloorBaseFracturePiece003Render Beveled Render			RumbleSandstoneFractureInterior	Elemental/Graphics V5/Rumble Rock Lit	e318bcc672b00554f9504b2493470036	609	9.18
Broken Crown Arena/FR_arena_floor_base_ROOT/FR_arena_floor_base_P004	ArenaFloorBaseFracturePiece004Render Beveled Render			RumbleArenaSandstone	Elemental/Graphics V5/Rumble Rock Lit	91fc0cc0e76ed8348bf172edefa7fd44	388	11.27
Broken Crown Arena/FR_arena_floor_base_ROOT/FR_arena_floor_base_P004	ArenaFloorBaseFracturePiece004Render Beveled Render			RumbleSandstoneFractureInterior	Elemental/Graphics V5/Rumble Rock Lit	e318bcc672b00554f9504b2493470036	388	11.27
Broken Crown Arena/FR_arena_floor_base_ROOT/FR_arena_floor_base_P005	ArenaFloorBaseFracturePiece005Render Beveled Render			RumbleArenaSandstone	Elemental/Graphics V5/Rumble Rock Lit	91fc0cc0e76ed8348bf172edefa7fd44	764	13.28
Broken Crown Arena/FR_arena_floor_base_ROOT/FR_arena_floor_base_P005	ArenaFloorBaseFracturePiece005Render Beveled Render			RumbleSandstoneFractureInterior	Elemental/Graphics V5/Rumble Rock Lit	e318bcc672b00554f9504b2493470036	764	13.28
Broken Crown Arena/FR_arena_floor_base_ROOT/FR_arena_floor_base_P006	ArenaFloorBaseFracturePiece006Render Beveled Render			RumbleArenaSandstone	Elemental/Graphics V5/Rumble Rock Lit	91fc0cc0e76ed8348bf172edefa7fd44	1648	13.88
Broken Crown Arena/FR_arena_floor_base_ROOT/FR_arena_floor_base_P006	ArenaFloorBaseFracturePiece006Render Beveled Render			RumbleSandstoneFractureInterior	Elemental/Graphics V5/Rumble Rock Lit	e318bcc672b00554f9504b2493470036	1648	13.88
Broken Crown Arena/FR_arena_floor_base_ROOT/FR_arena_floor_base_P007	ArenaFloorBaseFracturePiece007Render Beveled Render			RumbleArenaSandstone	Elemental/Graphics V5/Rumble Rock Lit	91fc0cc0e76ed8348bf172edefa7fd44	650	9.16
Broken Crown Arena/FR_arena_floor_base_ROOT/FR_arena_floor_base_P007	ArenaFloorBaseFracturePiece007Render Beveled Render			RumbleSandstoneFractureInterior	Elemental/Graphics V5/Rumble Rock Lit	e318bcc672b00554f9504b2493470036	650	9.16
Broken Crown Arena/FR_arena_floor_base_ROOT/FR_arena_floor_base_P008	ArenaFloorBaseFracturePiece008Render Beveled Render			RumbleArenaSandstone	Elemental/Graphics V5/Rumble Rock Lit	91fc0cc0e76ed8348bf172edefa7fd44	436	9.50
Broken Crown Arena/FR_arena_floor_base_ROOT/FR_arena_floor_base_P008	ArenaFloorBaseFracturePiece008Render Beveled Render			RumbleSandstoneFractureInterior	Elemental/Graphics V5/Rumble Rock Lit	e318bcc672b00554f9504b2493470036	436	9.50
Broken Crown Arena/FR_arena_floor_base_ROOT/FR_arena_floor_base_P009	ArenaFloorBaseFracturePiece009Render Beveled Render			RumbleArenaSandstone	Elemental/Graphics V5/Rumble Rock Lit	91fc0cc0e76ed8348bf172edefa7fd44	1151	12.13
Broken Crown Arena/FR_arena_floor_base_ROOT/FR_arena_floor_base_P009	ArenaFloorBaseFracturePiece009Render Beveled Render			RumbleSandstoneFractureInterior	Elemental/Graphics V5/Rumble Rock Lit	e318bcc672b00554f9504b2493470036	1151	12.13
Broken Crown Arena/FR_arena_floor_base_ROOT/FR_arena_floor_base_P010	ArenaFloorBaseFracturePiece010Render Beveled Render			RumbleArenaSandstone	Elemental/Graphics V5/Rumble Rock Lit	91fc0cc0e76ed8348bf172edefa7fd44	273	8.35
Broken Crown Arena/FR_arena_floor_base_ROOT/FR_arena_floor_base_P010	ArenaFloorBaseFracturePiece010Render Beveled Render			RumbleSandstoneFractureInterior	Elemental/Graphics V5/Rumble Rock Lit	e318bcc672b00554f9504b2493470036	273	8.35
Broken Crown Arena/FR_arena_floor_base_ROOT/FR_arena_floor_base_P011	ArenaFloorBaseFracturePiece011Render Beveled Render			RumbleArenaSandstone	Elemental/Graphics V5/Rumble Rock Lit	91fc0cc0e76ed8348bf172edefa7fd44	3437	8.84
Broken Crown Arena/FR_arena_floor_base_ROOT/FR_arena_floor_base_P011	ArenaFloorBaseFracturePiece011Render Beveled Render			RumbleSandstoneFractureInterior	Elemental/Graphics V5/Rumble Rock Lit	e318bcc672b00554f9504b2493470036	3437	8.84
Broken Crown Arena/FR_arena_floor_base_ROOT/FR_arena_floor_base_P012	ArenaFloorBaseFracturePiece012Render Beveled Render			RumbleArenaSandstone	Elemental/Graphics V5/Rumble Rock Lit	91fc0cc0e76ed8348bf172edefa7fd44	1987	6.75
Broken Crown Arena/FR_arena_floor_base_ROOT/FR_arena_floor_base_P012	ArenaFloorBaseFracturePiece012Render Beveled Render			RumbleSandstoneFractureInterior	Elemental/Graphics V5/Rumble Rock Lit	e318bcc672b00554f9504b2493470036	1987	6.75
Broken Crown Arena/FR_arena_floor_base_ROOT/FR_arena_floor_base_P013	ArenaFloorBaseFracturePiece013Render Beveled Render			RumbleArenaSandstone	Elemental/Graphics V5/Rumble Rock Lit	91fc0cc0e76ed8348bf172edefa7fd44	2799	12.21
Broken Crown Arena/FR_arena_floor_base_ROOT/FR_arena_floor_base_P013	ArenaFloorBaseFracturePiece013Render Beveled Render			RumbleSandstoneFractureInterior	Elemental/Graphics V5/Rumble Rock Lit	e318bcc672b00554f9504b2493470036	2799	12.21
Broken Crown Arena/FR_arena_floor_base_ROOT/FR_arena_floor_base_P014	ArenaFloorBaseFracturePiece014Render Beveled Render			RumbleArenaSandstone	Elemental/Graphics V5/Rumble Rock Lit	91fc0cc0e76ed8348bf172edefa7fd44	1075	11.25
Broken Crown Arena/FR_arena_floor_base_ROOT/FR_arena_floor_base_P014	ArenaFloorBaseFracturePiece014Render Beveled Render			RumbleSandstoneFractureInterior	Elemental/Graphics V5/Rumble Rock Lit	e318bcc672b00554f9504b2493470036	1075	11.25
Broken Crown Arena/FR_arena_floor_base_ROOT/FR_arena_floor_base_P015	ArenaFloorBaseFracturePiece015Render Beveled Render			RumbleArenaSandstone	Elemental/Graphics V5/Rumble Rock Lit	91fc0cc0e76ed8348bf172edefa7fd44	1562	6.46
Broken Crown Arena/FR_arena_floor_base_ROOT/FR_arena_floor_base_P015	ArenaFloorBaseFracturePiece015Render Beveled Render			RumbleSandstoneFractureInterior	Elemental/Graphics V5/Rumble Rock Lit	e318bcc672b00554f9504b2493470036	1562	6.46
Broken Crown Arena/FR_arena_floor_base_ROOT/FR_arena_floor_base_P016	ArenaFloorBaseFracturePiece016Render Beveled Render			RumbleArenaSandstone	Elemental/Graphics V5/Rumble Rock Lit	91fc0cc0e76ed8348bf172edefa7fd44	379	9.15
Broken Crown Arena/FR_arena_floor_base_ROOT/FR_arena_floor_base_P016	ArenaFloorBaseFracturePiece016Render Beveled Render			RumbleSandstoneFractureInterior	Elemental/Graphics V5/Rumble Rock Lit	e318bcc672b00554f9504b2493470036	379	9.15
Broken Crown Arena/FR_arena_floor_base_ROOT/FR_arena_floor_base_P017	ArenaFloorBaseFracturePiece017Render Beveled Render			RumbleArenaSandstone	Elemental/Graphics V5/Rumble Rock Lit	91fc0cc0e76ed8348bf172edefa7fd44	408	6.22
Broken Crown Arena/FR_arena_floor_base_ROOT/FR_arena_floor_base_P017	ArenaFloorBaseFracturePiece017Render Beveled Render			RumbleSandstoneFractureInterior	Elemental/Graphics V5/Rumble Rock Lit	e318bcc672b00554f9504b2493470036	408	6.22
Broken Crown Arena/FR_arena_floor_base_ROOT/FR_arena_floor_base_P018	ArenaFloorBaseFracturePiece018Render Beveled Render			RumbleArenaSandstone	Elemental/Graphics V5/Rumble Rock Lit	91fc0cc0e76ed8348bf172edefa7fd44	844	7.23
Broken Crown Arena/FR_arena_floor_base_ROOT/FR_arena_floor_base_P018	ArenaFloorBaseFracturePiece018Render Beveled Render			RumbleSandstoneFractureInterior	Elemental/Graphics V5/Rumble Rock Lit	e318bcc672b00554f9504b2493470036	844	7.23
Broken Crown Arena/FR_arena_floor_base_ROOT/FR_arena_floor_base_P019	ArenaFloorBaseFracturePiece019Render Beveled Render			RumbleArenaSandstone	Elemental/Graphics V5/Rumble Rock Lit	91fc0cc0e76ed8348bf172edefa7fd44	463	8.12
Broken Crown Arena/FR_arena_floor_base_ROOT/FR_arena_floor_base_P019	ArenaFloorBaseFracturePiece019Render Beveled Render			RumbleSandstoneFractureInterior	Elemental/Graphics V5/Rumble Rock Lit	e318bcc672b00554f9504b2493470036	463	8.12
Broken Crown Arena/FR_arena_floor_base_ROOT/FR_arena_floor_base_P020	ArenaFloorBaseFracturePiece020Render Beveled Render			RumbleArenaSandstone	Elemental/Graphics V5/Rumble Rock Lit	91fc0cc0e76ed8348bf172edefa7fd44	592	8.69
Broken Crown Arena/FR_arena_floor_base_ROOT/FR_arena_floor_base_P020	ArenaFloorBaseFracturePiece020Render Beveled Render			RumbleSandstoneFractureInterior	Elemental/Graphics V5/Rumble Rock Lit	e318bcc672b00554f9504b2493470036	592	8.69
Broken Crown Arena/FR_arena_floor_base_ROOT/FR_arena_floor_base_P021	ArenaFloorBaseFracturePiece021Render Beveled Render			RumbleArenaSandstone	Elemental/Graphics V5/Rumble Rock Lit	91fc0cc0e76ed8348bf172edefa7fd44	346	8.79
Broken Crown Arena/FR_arena_floor_base_ROOT/FR_arena_floor_base_P021	ArenaFloorBaseFracturePiece021Render Beveled Render			RumbleSandstoneFractureInterior	Elemental/Graphics V5/Rumble Rock Lit	e318bcc672b00554f9504b2493470036	346	8.79
Broken Crown Arena/FR_arena_floor_base_ROOT/FR_arena_floor_base_P022	ArenaFloorBaseFracturePiece022Render Beveled Render			RumbleArenaSandstone	Elemental/Graphics V5/Rumble Rock Lit	91fc0cc0e76ed8348bf172edefa7fd44	1712	9.66
Broken Crown Arena/FR_arena_floor_base_ROOT/FR_arena_floor_base_P022	ArenaFloorBaseFracturePiece022Render Beveled Render			RumbleSandstoneFractureInterior	Elemental/Graphics V5/Rumble Rock Lit	e318bcc672b00554f9504b2493470036	1712	9.66
Broken Crown Arena/FR_arena_floor_base_ROOT/FR_arena_floor_base_P023	ArenaFloorBaseFracturePiece023Render Beveled Render			RumbleArenaSandstone	Elemental/Graphics V5/Rumble Rock Lit	91fc0cc0e76ed8348bf172edefa7fd44	681	14.08
Broken Crown Arena/FR_arena_floor_base_ROOT/FR_arena_floor_base_P023	ArenaFloorBaseFracturePiece023Render Beveled Render			RumbleSandstoneFractureInterior	Elemental/Graphics V5/Rumble Rock Lit	e318bcc672b00554f9504b2493470036	681	14.08
Broken Crown Arena/FR_arena_floor_base_ROOT/FR_arena_floor_base_P024	ArenaFloorBaseFracturePiece024Render Beveled Render			RumbleArenaSandstone	Elemental/Graphics V5/Rumble Rock Lit	91fc0cc0e76ed8348bf172edefa7fd44	1666	14.37
Broken Crown Arena/FR_arena_floor_base_ROOT/FR_arena_floor_base_P024	ArenaFloorBaseFracturePiece024Render Beveled Render			RumbleSandstoneFractureInterior	Elemental/Graphics V5/Rumble Rock Lit	e318bcc672b00554f9504b2493470036	1666	14.37
Broken Crown Arena/FR_arena_floor_base_ROOT/FR_arena_floor_base_P025	ArenaFloorBaseFracturePiece025Render Beveled Render			RumbleArenaSandstone	Elemental/Graphics V5/Rumble Rock Lit	91fc0cc0e76ed8348bf172edefa7fd44	1196	12.19
Broken Crown Arena/FR_arena_floor_base_ROOT/FR_arena_floor_base_P025	ArenaFloorBaseFracturePiece025Render Beveled Render			RumbleSandstoneFractureInterior	Elemental/Graphics V5/Rumble Rock Lit	e318bcc672b00554f9504b2493470036	1196	12.19
Broken Crown Arena/FR_arena_floor_base_ROOT/FR_arena_floor_base_P026	ArenaFloorBaseFracturePiece026Render Beveled Render			RumbleArenaSandstone	Elemental/Graphics V5/Rumble Rock Lit	91fc0cc0e76ed8348bf172edefa7fd44	501	10.92
Broken Crown Arena/FR_arena_floor_base_ROOT/FR_arena_floor_base_P026	ArenaFloorBaseFracturePiece026Render Beveled Render			RumbleSandstoneFractureInterior	Elemental/Graphics V5/Rumble Rock Lit	e318bcc672b00554f9504b2493470036	501	10.92
Broken Crown Arena/FR_arena_floor_base_ROOT/FR_arena_floor_base_P027	ArenaFloorBaseFracturePiece027Render Beveled Render			RumbleArenaSandstone	Elemental/Graphics V5/Rumble Rock Lit	91fc0cc0e76ed8348bf172edefa7fd44	1408	12.99
Broken Crown Arena/FR_arena_floor_base_ROOT/FR_arena_floor_base_P027	ArenaFloorBaseFracturePiece027Render Beveled Render			RumbleSandstoneFractureInterior	Elemental/Graphics V5/Rumble Rock Lit	e318bcc672b00554f9504b2493470036	1408	12.99
Broken Crown Arena/FR_arena_floor_base_ROOT/FR_arena_floor_base_P028	ArenaFloorBaseFracturePiece028Render Beveled Render			RumbleArenaSandstone	Elemental/Graphics V5/Rumble Rock Lit	91fc0cc0e76ed8348bf172edefa7fd44	621	12.06
Broken Crown Arena/FR_arena_floor_base_ROOT/FR_arena_floor_base_P028	ArenaFloorBaseFracturePiece028Render Beveled Render			RumbleSandstoneFractureInterior	Elemental/Graphics V5/Rumble Rock Lit	e318bcc672b00554f9504b2493470036	621	12.06
Broken Crown Arena/FR_arena_floor_base_ROOT/FR_arena_floor_base_P029	ArenaFloorBaseFracturePiece029Render Beveled Render			RumbleArenaSandstone	Elemental/Graphics V5/Rumble Rock Lit	91fc0cc0e76ed8348bf172edefa7fd44	863	7.92
Broken Crown Arena/FR_arena_floor_base_ROOT/FR_arena_floor_base_P029	ArenaFloorBaseFracturePiece029Render Beveled Render			RumbleSandstoneFractureInterior	Elemental/Graphics V5/Rumble Rock Lit	e318bcc672b00554f9504b2493470036	863	7.92
Broken Crown Arena/FR_arena_floor_base_ROOT/FR_arena_floor_base_P030	ArenaFloorBaseFracturePiece030Render Beveled Render			RumbleArenaSandstone	Elemental/Graphics V5/Rumble Rock Lit	91fc0cc0e76ed8348bf172edefa7fd44	700	10.94
Broken Crown Arena/FR_arena_floor_base_ROOT/FR_arena_floor_base_P030	ArenaFloorBaseFracturePiece030Render Beveled Render			RumbleSandstoneFractureInterior	Elemental/Graphics V5/Rumble Rock Lit	e318bcc672b00554f9504b2493470036	700	10.94
Broken Crown Arena/FR_arena_floor_base_ROOT/FR_arena_floor_base_P031	ArenaFloorBaseFracturePiece031Render Beveled Render			RumbleArenaSandstone	Elemental/Graphics V5/Rumble Rock Lit	91fc0cc0e76ed8348bf172edefa7fd44	609	12.55
Broken Crown Arena/FR_arena_floor_base_ROOT/FR_arena_floor_base_P031	ArenaFloorBaseFracturePiece031Render Beveled Render			RumbleSandstoneFractureInterior	Elemental/Graphics V5/Rumble Rock Lit	e318bcc672b00554f9504b2493470036	609	12.55
Broken Crown Arena/FR_arena_floor_base_ROOT/FR_arena_floor_base_P032	ArenaFloorBaseFracturePiece032Render Beveled Render			RumbleArenaSandstone	Elemental/Graphics V5/Rumble Rock Lit	91fc0cc0e76ed8348bf172edefa7fd44	1008	13.16
Broken Crown Arena/FR_arena_floor_base_ROOT/FR_arena_floor_base_P032	ArenaFloorBaseFracturePiece032Render Beveled Render			RumbleSandstoneFractureInterior	Elemental/Graphics V5/Rumble Rock Lit	e318bcc672b00554f9504b2493470036	1008	13.16
Broken Crown Arena/FR_arena_floor_base_ROOT/FR_arena_floor_base_P033	ArenaFloorBaseFracturePiece033Render Beveled Render			RumbleArenaSandstone	Elemental/Graphics V5/Rumble Rock Lit	91fc0cc0e76ed8348bf172edefa7fd44	833	14.05
Broken Crown Arena/FR_arena_floor_base_ROOT/FR_arena_floor_base_P033	ArenaFloorBaseFracturePiece033Render Beveled Render			RumbleSandstoneFractureInterior	Elemental/Graphics V5/Rumble Rock Lit	e318bcc672b00554f9504b2493470036	833	14.05
Broken Crown Arena/FR_arena_floor_base_ROOT/FR_arena_floor_base_P034	ArenaFloorBaseFracturePiece034Render Beveled Render			RumbleArenaSandstone	Elemental/Graphics V5/Rumble Rock Lit	91fc0cc0e76ed8348bf172edefa7fd44	507	13.12
Broken Crown Arena/FR_arena_floor_base_ROOT/FR_arena_floor_base_P034	ArenaFloorBaseFracturePiece034Render Beveled Render			RumbleSandstoneFractureInterior	Elemental/Graphics V5/Rumble Rock Lit	e318bcc672b00554f9504b2493470036	507	13.12
Broken Crown Arena/FR_arena_floor_base_ROOT/FR_arena_floor_base_P035	ArenaFloorBaseFracturePiece035Render Beveled Render			RumbleArenaSandstone	Elemental/Graphics V5/Rumble Rock Lit	91fc0cc0e76ed8348bf172edefa7fd44	1516	5.38
Broken Crown Arena/FR_arena_floor_base_ROOT/FR_arena_floor_base_P035	ArenaFloorBaseFracturePiece035Render Beveled Render			RumbleSandstoneFractureInterior	Elemental/Graphics V5/Rumble Rock Lit	e318bcc672b00554f9504b2493470036	1516	5.38
Broken Crown Arena/FR_arena_floor_base_ROOT/FR_arena_floor_base_P036	ArenaFloorBaseFracturePiece036Render Beveled Render			RumbleArenaSandstone	Elemental/Graphics V5/Rumble Rock Lit	91fc0cc0e76ed8348bf172edefa7fd44	1163	6.45
Broken Crown Arena/FR_arena_floor_base_ROOT/FR_arena_floor_base_P036	ArenaFloorBaseFracturePiece036Render Beveled Render			RumbleSandstoneFractureInterior	Elemental/Graphics V5/Rumble Rock Lit	e318bcc672b00554f9504b2493470036	1163	6.45
Broken Crown Arena/FR_arena_gate_ROOT/COL_FR_arena_gate_P001	COL_FR_arena_gate_P001	Assets/Elemental/Content/Arena/BrokenCrown/BrokenCrownArena.fbx	f69e60c4c194a2648a804484ba1ab563	Lit	Universal Render Pipeline/Lit	31321ba15b8f8eb4c954353edc038b1d	94	14.14
Broken Crown Arena/FR_arena_gate_ROOT/COL_FR_arena_gate_P002	COL_FR_arena_gate_P002	Assets/Elemental/Content/Arena/BrokenCrown/BrokenCrownArena.fbx	f69e60c4c194a2648a804484ba1ab563	Lit	Universal Render Pipeline/Lit	31321ba15b8f8eb4c954353edc038b1d	108	14.16
Broken Crown Arena/FR_arena_gate_ROOT/COL_FR_arena_gate_P003	COL_FR_arena_gate_P003	Assets/Elemental/Content/Arena/BrokenCrown/BrokenCrownArena.fbx	f69e60c4c194a2648a804484ba1ab563	Lit	Universal Render Pipeline/Lit	31321ba15b8f8eb4c954353edc038b1d	80	14.15
Broken Crown Arena/FR_arena_gate_ROOT/COL_FR_arena_gate_P004	COL_FR_arena_gate_P004	Assets/Elemental/Content/Arena/BrokenCrown/BrokenCrownArena.fbx	f69e60c4c194a2648a804484ba1ab563	Lit	Universal Render Pipeline/Lit	31321ba15b8f8eb4c954353edc038b1d	80	14.30
Broken Crown Arena/FR_arena_gate_ROOT/COL_FR_arena_gate_P005	COL_FR_arena_gate_P005	Assets/Elemental/Content/Arena/BrokenCrown/BrokenCrownArena.fbx	f69e60c4c194a2648a804484ba1ab563	Lit	Universal Render Pipeline/Lit	31321ba15b8f8eb4c954353edc038b1d	66	14.17
Broken Crown Arena/FR_arena_gate_ROOT/COL_FR_arena_gate_P006	COL_FR_arena_gate_P006	Assets/Elemental/Content/Arena/BrokenCrown/BrokenCrownArena.fbx	f69e60c4c194a2648a804484ba1ab563	Lit	Universal Render Pipeline/Lit	31321ba15b8f8eb4c954353edc038b1d	112	13.95
Broken Crown Arena/FR_arena_gate_ROOT/COL_FR_arena_gate_P007	COL_FR_arena_gate_P007	Assets/Elemental/Content/Arena/BrokenCrown/BrokenCrownArena.fbx	f69e60c4c194a2648a804484ba1ab563	Lit	Universal Render Pipeline/Lit	31321ba15b8f8eb4c954353edc038b1d	70	14.42
Broken Crown Arena/FR_arena_gate_ROOT/COL_FR_arena_gate_P008	COL_FR_arena_gate_P008	Assets/Elemental/Content/Arena/BrokenCrown/BrokenCrownArena.fbx	f69e60c4c194a2648a804484ba1ab563	Lit	Universal Render Pipeline/Lit	31321ba15b8f8eb4c954353edc038b1d	88	14.30
Broken Crown Arena/FR_arena_gate_ROOT/COL_FR_arena_gate_P009	COL_FR_arena_gate_P009	Assets/Elemental/Content/Arena/BrokenCrown/BrokenCrownArena.fbx	f69e60c4c194a2648a804484ba1ab563	Lit	Universal Render Pipeline/Lit	31321ba15b8f8eb4c954353edc038b1d	90	13.92
Broken Crown Arena/FR_arena_gate_ROOT/COL_FR_arena_gate_P010	COL_FR_arena_gate_P010	Assets/Elemental/Content/Arena/BrokenCrown/BrokenCrownArena.fbx	f69e60c4c194a2648a804484ba1ab563	Lit	Universal Render Pipeline/Lit	31321ba15b8f8eb4c954353edc038b1d	108	13.76
Broken Crown Arena/FR_arena_gate_ROOT/COL_FR_arena_gate_P011	COL_FR_arena_gate_P011	Assets/Elemental/Content/Arena/BrokenCrown/BrokenCrownArena.fbx	f69e60c4c194a2648a804484ba1ab563	Lit	Universal Render Pipeline/Lit	31321ba15b8f8eb4c954353edc038b1d	88	13.88
Broken Crown Arena/FR_arena_gate_ROOT/COL_FR_arena_gate_P012	COL_FR_arena_gate_P012	Assets/Elemental/Content/Arena/BrokenCrown/BrokenCrownArena.fbx	f69e60c4c194a2648a804484ba1ab563	Lit	Universal Render Pipeline/Lit	31321ba15b8f8eb4c954353edc038b1d	58	14.73
Broken Crown Arena/FR_arena_gate_ROOT/FR_arena_gate_P001	ArenaGateFracturePiece001Render Beveled Render			RumbleArenaSandstone	Elemental/Graphics V5/Rumble Rock Lit	91fc0cc0e76ed8348bf172edefa7fd44	1551	14.14
Broken Crown Arena/FR_arena_gate_ROOT/FR_arena_gate_P001	ArenaGateFracturePiece001Render Beveled Render			RumbleSandstoneFractureInterior	Elemental/Graphics V5/Rumble Rock Lit	e318bcc672b00554f9504b2493470036	1551	14.14
Broken Crown Arena/FR_arena_gate_ROOT/FR_arena_gate_P002	ArenaGateFracturePiece002Render Beveled Render			RumbleArenaSandstone	Elemental/Graphics V5/Rumble Rock Lit	91fc0cc0e76ed8348bf172edefa7fd44	858	14.16
Broken Crown Arena/FR_arena_gate_ROOT/FR_arena_gate_P002	ArenaGateFracturePiece002Render Beveled Render			RumbleSandstoneFractureInterior	Elemental/Graphics V5/Rumble Rock Lit	e318bcc672b00554f9504b2493470036	858	14.16
Broken Crown Arena/FR_arena_gate_ROOT/FR_arena_gate_P003	ArenaGateFracturePiece003Render Beveled Render			RumbleArenaSandstone	Elemental/Graphics V5/Rumble Rock Lit	91fc0cc0e76ed8348bf172edefa7fd44	858	14.15
Broken Crown Arena/FR_arena_gate_ROOT/FR_arena_gate_P003	ArenaGateFracturePiece003Render Beveled Render			RumbleSandstoneFractureInterior	Elemental/Graphics V5/Rumble Rock Lit	e318bcc672b00554f9504b2493470036	858	14.15
Broken Crown Arena/FR_arena_gate_ROOT/FR_arena_gate_P004	ArenaGateFracturePiece004Render Beveled Render			RumbleArenaSandstone	Elemental/Graphics V5/Rumble Rock Lit	91fc0cc0e76ed8348bf172edefa7fd44	513	14.30
Broken Crown Arena/FR_arena_gate_ROOT/FR_arena_gate_P004	ArenaGateFracturePiece004Render Beveled Render			RumbleSandstoneFractureInterior	Elemental/Graphics V5/Rumble Rock Lit	e318bcc672b00554f9504b2493470036	513	14.30
Broken Crown Arena/FR_arena_gate_ROOT/FR_arena_gate_P005	ArenaGateFracturePiece005Render Beveled Render			RumbleArenaSandstone	Elemental/Graphics V5/Rumble Rock Lit	91fc0cc0e76ed8348bf172edefa7fd44	673	14.17
Broken Crown Arena/FR_arena_gate_ROOT/FR_arena_gate_P005	ArenaGateFracturePiece005Render Beveled Render			RumbleSandstoneFractureInterior	Elemental/Graphics V5/Rumble Rock Lit	e318bcc672b00554f9504b2493470036	673	14.17
Broken Crown Arena/FR_arena_gate_ROOT/FR_arena_gate_P006	ArenaGateFracturePiece006Render Beveled Render			RumbleArenaSandstone	Elemental/Graphics V5/Rumble Rock Lit	91fc0cc0e76ed8348bf172edefa7fd44	803	13.95
Broken Crown Arena/FR_arena_gate_ROOT/FR_arena_gate_P006	ArenaGateFracturePiece006Render Beveled Render			RumbleSandstoneFractureInterior	Elemental/Graphics V5/Rumble Rock Lit	e318bcc672b00554f9504b2493470036	803	13.95
Broken Crown Arena/FR_arena_gate_ROOT/FR_arena_gate_P007	ArenaGateFracturePiece007Render Beveled Render			RumbleArenaSandstone	Elemental/Graphics V5/Rumble Rock Lit	91fc0cc0e76ed8348bf172edefa7fd44	755	14.42
Broken Crown Arena/FR_arena_gate_ROOT/FR_arena_gate_P007	ArenaGateFracturePiece007Render Beveled Render			RumbleSandstoneFractureInterior	Elemental/Graphics V5/Rumble Rock Lit	e318bcc672b00554f9504b2493470036	755	14.42
Broken Crown Arena/FR_arena_gate_ROOT/FR_arena_gate_P008	ArenaGateFracturePiece008Render Beveled Render			RumbleArenaSandstone	Elemental/Graphics V5/Rumble Rock Lit	91fc0cc0e76ed8348bf172edefa7fd44	701	14.30
Broken Crown Arena/FR_arena_gate_ROOT/FR_arena_gate_P008	ArenaGateFracturePiece008Render Beveled Render			RumbleSandstoneFractureInterior	Elemental/Graphics V5/Rumble Rock Lit	e318bcc672b00554f9504b2493470036	701	14.30
Broken Crown Arena/FR_arena_gate_ROOT/FR_arena_gate_P009	ArenaGateFracturePiece009Render Beveled Render			RumbleArenaSandstone	Elemental/Graphics V5/Rumble Rock Lit	91fc0cc0e76ed8348bf172edefa7fd44	495	13.92
Broken Crown Arena/FR_arena_gate_ROOT/FR_arena_gate_P009	ArenaGateFracturePiece009Render Beveled Render			RumbleSandstoneFractureInterior	Elemental/Graphics V5/Rumble Rock Lit	e318bcc672b00554f9504b2493470036	495	13.92
Broken Crown Arena/FR_arena_gate_ROOT/FR_arena_gate_P010	ArenaGateFracturePiece010Render Beveled Render			RumbleArenaSandstone	Elemental/Graphics V5/Rumble Rock Lit	91fc0cc0e76ed8348bf172edefa7fd44	750	13.76
Broken Crown Arena/FR_arena_gate_ROOT/FR_arena_gate_P010	ArenaGateFracturePiece010Render Beveled Render			RumbleSandstoneFractureInterior	Elemental/Graphics V5/Rumble Rock Lit	e318bcc672b00554f9504b2493470036	750	13.76
Broken Crown Arena/FR_arena_gate_ROOT/FR_arena_gate_P011	ArenaGateFracturePiece011Render Beveled Render			RumbleArenaSandstone	Elemental/Graphics V5/Rumble Rock Lit	91fc0cc0e76ed8348bf172edefa7fd44	1003	13.88
Broken Crown Arena/FR_arena_gate_ROOT/FR_arena_gate_P011	ArenaGateFracturePiece011Render Beveled Render			RumbleSandstoneFractureInterior	Elemental/Graphics V5/Rumble Rock Lit	e318bcc672b00554f9504b2493470036	1003	13.88
Broken Crown Arena/FR_arena_gate_ROOT/FR_arena_gate_P012	ArenaGateFracturePiece012Render Beveled Render			RumbleArenaSandstone	Elemental/Graphics V5/Rumble Rock Lit	91fc0cc0e76ed8348bf172edefa7fd44	644	14.73
Broken Crown Arena/FR_arena_gate_ROOT/FR_arena_gate_P012	ArenaGateFracturePiece012Render Beveled Render			RumbleSandstoneFractureInterior	Elemental/Graphics V5/Rumble Rock Lit	e318bcc672b00554f9504b2493470036	644	14.73
Broken Crown Arena/FR_arena_wall_east_ROOT/COL_FR_arena_wall_east_P001	COL_FR_arena_wall_east_P001	Assets/Elemental/Content/Arena/BrokenCrown/BrokenCrownArena.fbx	f69e60c4c194a2648a804484ba1ab563	Lit	Universal Render Pipeline/Lit	31321ba15b8f8eb4c954353edc038b1d	72	14.69
Broken Crown Arena/FR_arena_wall_east_ROOT/COL_FR_arena_wall_east_P002	COL_FR_arena_wall_east_P002	Assets/Elemental/Content/Arena/BrokenCrown/BrokenCrownArena.fbx	f69e60c4c194a2648a804484ba1ab563	Lit	Universal Render Pipeline/Lit	31321ba15b8f8eb4c954353edc038b1d	54	14.45
Broken Crown Arena/FR_arena_wall_east_ROOT/COL_FR_arena_wall_east_P003	COL_FR_arena_wall_east_P003	Assets/Elemental/Content/Arena/BrokenCrown/BrokenCrownArena.fbx	f69e60c4c194a2648a804484ba1ab563	Lit	Universal Render Pipeline/Lit	31321ba15b8f8eb4c954353edc038b1d	78	14.74
Broken Crown Arena/FR_arena_wall_east_ROOT/COL_FR_arena_wall_east_P004	COL_FR_arena_wall_east_P004	Assets/Elemental/Content/Arena/BrokenCrown/BrokenCrownArena.fbx	f69e60c4c194a2648a804484ba1ab563	Lit	Universal Render Pipeline/Lit	31321ba15b8f8eb4c954353edc038b1d	58	14.77
Broken Crown Arena/FR_arena_wall_east_ROOT/COL_FR_arena_wall_east_P005	COL_FR_arena_wall_east_P005	Assets/Elemental/Content/Arena/BrokenCrown/BrokenCrownArena.fbx	f69e60c4c194a2648a804484ba1ab563	Lit	Universal Render Pipeline/Lit	31321ba15b8f8eb4c954353edc038b1d	92	13.59
Broken Crown Arena/FR_arena_wall_east_ROOT/COL_FR_arena_wall_east_P006	COL_FR_arena_wall_east_P006	Assets/Elemental/Content/Arena/BrokenCrown/BrokenCrownArena.fbx	f69e60c4c194a2648a804484ba1ab563	Lit	Universal Render Pipeline/Lit	31321ba15b8f8eb4c954353edc038b1d	92	14.41
Broken Crown Arena/FR_arena_wall_east_ROOT/COL_FR_arena_wall_east_P007	COL_FR_arena_wall_east_P007	Assets/Elemental/Content/Arena/BrokenCrown/BrokenCrownArena.fbx	f69e60c4c194a2648a804484ba1ab563	Lit	Universal Render Pipeline/Lit	31321ba15b8f8eb4c954353edc038b1d	82	14.49
Broken Crown Arena/FR_arena_wall_east_ROOT/COL_FR_arena_wall_east_P008	COL_FR_arena_wall_east_P008	Assets/Elemental/Content/Arena/BrokenCrown/BrokenCrownArena.fbx	f69e60c4c194a2648a804484ba1ab563	Lit	Universal Render Pipeline/Lit	31321ba15b8f8eb4c954353edc038b1d	82	14.66
Broken Crown Arena/FR_arena_wall_east_ROOT/COL_FR_arena_wall_east_P009	COL_FR_arena_wall_east_P009	Assets/Elemental/Content/Arena/BrokenCrown/BrokenCrownArena.fbx	f69e60c4c194a2648a804484ba1ab563	Lit	Universal Render Pipeline/Lit	31321ba15b8f8eb4c954353edc038b1d	54	15.06
Broken Crown Arena/FR_arena_wall_east_ROOT/COL_FR_arena_wall_east_P010	COL_FR_arena_wall_east_P010	Assets/Elemental/Content/Arena/BrokenCrown/BrokenCrownArena.fbx	f69e60c4c194a2648a804484ba1ab563	Lit	Universal Render Pipeline/Lit	31321ba15b8f8eb4c954353edc038b1d	64	14.72
Broken Crown Arena/FR_arena_wall_east_ROOT/COL_FR_arena_wall_east_P011	COL_FR_arena_wall_east_P011	Assets/Elemental/Content/Arena/BrokenCrown/BrokenCrownArena.fbx	f69e60c4c194a2648a804484ba1ab563	Lit	Universal Render Pipeline/Lit	31321ba15b8f8eb4c954353edc038b1d	72	14.76
Broken Crown Arena/FR_arena_wall_east_ROOT/COL_FR_arena_wall_east_P012	COL_FR_arena_wall_east_P012	Assets/Elemental/Content/Arena/BrokenCrown/BrokenCrownArena.fbx	f69e60c4c194a2648a804484ba1ab563	Lit	Universal Render Pipeline/Lit	31321ba15b8f8eb4c954353edc038b1d	50	14.59
Broken Crown Arena/FR_arena_wall_east_ROOT/FR_arena_wall_east_P001	ArenaWallEastFracturePiece001Render Beveled Render			RumbleArenaSandstone	Elemental/Graphics V5/Rumble Rock Lit	91fc0cc0e76ed8348bf172edefa7fd44	373	14.69
Broken Crown Arena/FR_arena_wall_east_ROOT/FR_arena_wall_east_P001	ArenaWallEastFracturePiece001Render Beveled Render			RumbleSandstoneFractureInterior	Elemental/Graphics V5/Rumble Rock Lit	e318bcc672b00554f9504b2493470036	373	14.69
Broken Crown Arena/FR_arena_wall_east_ROOT/FR_arena_wall_east_P002	ArenaWallEastFracturePiece002Render Beveled Render			RumbleArenaSandstone	Elemental/Graphics V5/Rumble Rock Lit	91fc0cc0e76ed8348bf172edefa7fd44	356	14.45
Broken Crown Arena/FR_arena_wall_east_ROOT/FR_arena_wall_east_P002	ArenaWallEastFracturePiece002Render Beveled Render			RumbleSandstoneFractureInterior	Elemental/Graphics V5/Rumble Rock Lit	e318bcc672b00554f9504b2493470036	356	14.45
Broken Crown Arena/FR_arena_wall_east_ROOT/FR_arena_wall_east_P003	ArenaWallEastFracturePiece003Render Beveled Render			RumbleArenaSandstone	Elemental/Graphics V5/Rumble Rock Lit	91fc0cc0e76ed8348bf172edefa7fd44	619	14.74
Broken Crown Arena/FR_arena_wall_east_ROOT/FR_arena_wall_east_P003	ArenaWallEastFracturePiece003Render Beveled Render			RumbleSandstoneFractureInterior	Elemental/Graphics V5/Rumble Rock Lit	e318bcc672b00554f9504b2493470036	619	14.74
Broken Crown Arena/FR_arena_wall_east_ROOT/FR_arena_wall_east_P004	ArenaWallEastFracturePiece004Render Beveled Render			RumbleArenaSandstone	Elemental/Graphics V5/Rumble Rock Lit	91fc0cc0e76ed8348bf172edefa7fd44	469	14.77
Broken Crown Arena/FR_arena_wall_east_ROOT/FR_arena_wall_east_P004	ArenaWallEastFracturePiece004Render Beveled Render			RumbleSandstoneFractureInterior	Elemental/Graphics V5/Rumble Rock Lit	e318bcc672b00554f9504b2493470036	469	14.77
Broken Crown Arena/FR_arena_wall_east_ROOT/FR_arena_wall_east_P005	ArenaWallEastFracturePiece005Render Beveled Render			RumbleArenaSandstone	Elemental/Graphics V5/Rumble Rock Lit	91fc0cc0e76ed8348bf172edefa7fd44	666	13.59
Broken Crown Arena/FR_arena_wall_east_ROOT/FR_arena_wall_east_P005	ArenaWallEastFracturePiece005Render Beveled Render			RumbleSandstoneFractureInterior	Elemental/Graphics V5/Rumble Rock Lit	e318bcc672b00554f9504b2493470036	666	13.59
Broken Crown Arena/FR_arena_wall_east_ROOT/FR_arena_wall_east_P006	ArenaWallEastFracturePiece006Render Beveled Render			RumbleArenaSandstone	Elemental/Graphics V5/Rumble Rock Lit	91fc0cc0e76ed8348bf172edefa7fd44	1009	14.41
Broken Crown Arena/FR_arena_wall_east_ROOT/FR_arena_wall_east_P006	ArenaWallEastFracturePiece006Render Beveled Render			RumbleSandstoneFractureInterior	Elemental/Graphics V5/Rumble Rock Lit	e318bcc672b00554f9504b2493470036	1009	14.41
Broken Crown Arena/FR_arena_wall_east_ROOT/FR_arena_wall_east_P007	ArenaWallEastFracturePiece007Render Beveled Render			RumbleArenaSandstone	Elemental/Graphics V5/Rumble Rock Lit	91fc0cc0e76ed8348bf172edefa7fd44	509	14.49
Broken Crown Arena/FR_arena_wall_east_ROOT/FR_arena_wall_east_P007	ArenaWallEastFracturePiece007Render Beveled Render			RumbleSandstoneFractureInterior	Elemental/Graphics V5/Rumble Rock Lit	e318bcc672b00554f9504b2493470036	509	14.49
Broken Crown Arena/FR_arena_wall_east_ROOT/FR_arena_wall_east_P008	ArenaWallEastFracturePiece008Render Beveled Render			RumbleArenaSandstone	Elemental/Graphics V5/Rumble Rock Lit	91fc0cc0e76ed8348bf172edefa7fd44	413	14.66
Broken Crown Arena/FR_arena_wall_east_ROOT/FR_arena_wall_east_P008	ArenaWallEastFracturePiece008Render Beveled Render			RumbleSandstoneFractureInterior	Elemental/Graphics V5/Rumble Rock Lit	e318bcc672b00554f9504b2493470036	413	14.66
Broken Crown Arena/FR_arena_wall_east_ROOT/FR_arena_wall_east_P009	ArenaWallEastFracturePiece009Render Beveled Render			RumbleArenaSandstone	Elemental/Graphics V5/Rumble Rock Lit	91fc0cc0e76ed8348bf172edefa7fd44	363	15.06
Broken Crown Arena/FR_arena_wall_east_ROOT/FR_arena_wall_east_P009	ArenaWallEastFracturePiece009Render Beveled Render			RumbleSandstoneFractureInterior	Elemental/Graphics V5/Rumble Rock Lit	e318bcc672b00554f9504b2493470036	363	15.06
Broken Crown Arena/FR_arena_wall_east_ROOT/FR_arena_wall_east_P010	ArenaWallEastFracturePiece010Render Beveled Render			RumbleArenaSandstone	Elemental/Graphics V5/Rumble Rock Lit	91fc0cc0e76ed8348bf172edefa7fd44	424	14.73
Broken Crown Arena/FR_arena_wall_east_ROOT/FR_arena_wall_east_P010	ArenaWallEastFracturePiece010Render Beveled Render			RumbleSandstoneFractureInterior	Elemental/Graphics V5/Rumble Rock Lit	e318bcc672b00554f9504b2493470036	424	14.73
Broken Crown Arena/FR_arena_wall_east_ROOT/FR_arena_wall_east_P011	ArenaWallEastFracturePiece011Render Beveled Render			RumbleArenaSandstone	Elemental/Graphics V5/Rumble Rock Lit	91fc0cc0e76ed8348bf172edefa7fd44	407	14.76
Broken Crown Arena/FR_arena_wall_east_ROOT/FR_arena_wall_east_P011	ArenaWallEastFracturePiece011Render Beveled Render			RumbleSandstoneFractureInterior	Elemental/Graphics V5/Rumble Rock Lit	e318bcc672b00554f9504b2493470036	407	14.76
Broken Crown Arena/FR_arena_wall_east_ROOT/FR_arena_wall_east_P012	ArenaWallEastFracturePiece012Render Beveled Render			RumbleArenaSandstone	Elemental/Graphics V5/Rumble Rock Lit	91fc0cc0e76ed8348bf172edefa7fd44	235	14.59
Broken Crown Arena/FR_arena_wall_east_ROOT/FR_arena_wall_east_P012	ArenaWallEastFracturePiece012Render Beveled Render			RumbleSandstoneFractureInterior	Elemental/Graphics V5/Rumble Rock Lit	e318bcc672b00554f9504b2493470036	235	14.59
Broken Crown Arena/FR_arena_wall_west_ROOT/COL_FR_arena_wall_west_P001	COL_FR_arena_wall_west_P001	Assets/Elemental/Content/Arena/BrokenCrown/BrokenCrownArena.fbx	f69e60c4c194a2648a804484ba1ab563	Lit	Universal Render Pipeline/Lit	31321ba15b8f8eb4c954353edc038b1d	64	14.66
Broken Crown Arena/FR_arena_wall_west_ROOT/COL_FR_arena_wall_west_P002	COL_FR_arena_wall_west_P002	Assets/Elemental/Content/Arena/BrokenCrown/BrokenCrownArena.fbx	f69e60c4c194a2648a804484ba1ab563	Lit	Universal Render Pipeline/Lit	31321ba15b8f8eb4c954353edc038b1d	126	14.35
Broken Crown Arena/FR_arena_wall_west_ROOT/COL_FR_arena_wall_west_P003	COL_FR_arena_wall_west_P003	Assets/Elemental/Content/Arena/BrokenCrown/BrokenCrownArena.fbx	f69e60c4c194a2648a804484ba1ab563	Lit	Universal Render Pipeline/Lit	31321ba15b8f8eb4c954353edc038b1d	58	14.86
Broken Crown Arena/FR_arena_wall_west_ROOT/COL_FR_arena_wall_west_P004	COL_FR_arena_wall_west_P004	Assets/Elemental/Content/Arena/BrokenCrown/BrokenCrownArena.fbx	f69e60c4c194a2648a804484ba1ab563	Lit	Universal Render Pipeline/Lit	31321ba15b8f8eb4c954353edc038b1d	64	14.76
Broken Crown Arena/FR_arena_wall_west_ROOT/COL_FR_arena_wall_west_P005	COL_FR_arena_wall_west_P005	Assets/Elemental/Content/Arena/BrokenCrown/BrokenCrownArena.fbx	f69e60c4c194a2648a804484ba1ab563	Lit	Universal Render Pipeline/Lit	31321ba15b8f8eb4c954353edc038b1d	76	15.06
Broken Crown Arena/FR_arena_wall_west_ROOT/COL_FR_arena_wall_west_P006	COL_FR_arena_wall_west_P006	Assets/Elemental/Content/Arena/BrokenCrown/BrokenCrownArena.fbx	f69e60c4c194a2648a804484ba1ab563	Lit	Universal Render Pipeline/Lit	31321ba15b8f8eb4c954353edc038b1d	52	14.53
Broken Crown Arena/FR_arena_wall_west_ROOT/COL_FR_arena_wall_west_P007	COL_FR_arena_wall_west_P007	Assets/Elemental/Content/Arena/BrokenCrown/BrokenCrownArena.fbx	f69e60c4c194a2648a804484ba1ab563	Lit	Universal Render Pipeline/Lit	31321ba15b8f8eb4c954353edc038b1d	76	14.80
Broken Crown Arena/FR_arena_wall_west_ROOT/COL_FR_arena_wall_west_P008	COL_FR_arena_wall_west_P008	Assets/Elemental/Content/Arena/BrokenCrown/BrokenCrownArena.fbx	f69e60c4c194a2648a804484ba1ab563	Lit	Universal Render Pipeline/Lit	31321ba15b8f8eb4c954353edc038b1d	90	14.83
Broken Crown Arena/FR_arena_wall_west_ROOT/COL_FR_arena_wall_west_P009	COL_FR_arena_wall_west_P009	Assets/Elemental/Content/Arena/BrokenCrown/BrokenCrownArena.fbx	f69e60c4c194a2648a804484ba1ab563	Lit	Universal Render Pipeline/Lit	31321ba15b8f8eb4c954353edc038b1d	108	14.62
Broken Crown Arena/FR_arena_wall_west_ROOT/COL_FR_arena_wall_west_P010	COL_FR_arena_wall_west_P010	Assets/Elemental/Content/Arena/BrokenCrown/BrokenCrownArena.fbx	f69e60c4c194a2648a804484ba1ab563	Lit	Universal Render Pipeline/Lit	31321ba15b8f8eb4c954353edc038b1d	64	14.82
Broken Crown Arena/FR_arena_wall_west_ROOT/COL_FR_arena_wall_west_P011	COL_FR_arena_wall_west_P011	Assets/Elemental/Content/Arena/BrokenCrown/BrokenCrownArena.fbx	f69e60c4c194a2648a804484ba1ab563	Lit	Universal Render Pipeline/Lit	31321ba15b8f8eb4c954353edc038b1d	70	14.67
Broken Crown Arena/FR_arena_wall_west_ROOT/COL_FR_arena_wall_west_P012	COL_FR_arena_wall_west_P012	Assets/Elemental/Content/Arena/BrokenCrown/BrokenCrownArena.fbx	f69e60c4c194a2648a804484ba1ab563	Lit	Universal Render Pipeline/Lit	31321ba15b8f8eb4c954353edc038b1d	76	14.63
Broken Crown Arena/FR_arena_wall_west_ROOT/FR_arena_wall_west_P001	ArenaWallWestFracturePiece001Render Beveled Render			RumbleArenaSandstone	Elemental/Graphics V5/Rumble Rock Lit	91fc0cc0e76ed8348bf172edefa7fd44	440	14.66
Broken Crown Arena/FR_arena_wall_west_ROOT/FR_arena_wall_west_P001	ArenaWallWestFracturePiece001Render Beveled Render			RumbleSandstoneFractureInterior	Elemental/Graphics V5/Rumble Rock Lit	e318bcc672b00554f9504b2493470036	440	14.66
Broken Crown Arena/FR_arena_wall_west_ROOT/FR_arena_wall_west_P002	ArenaWallWestFracturePiece002Render Beveled Render			RumbleArenaSandstone	Elemental/Graphics V5/Rumble Rock Lit	91fc0cc0e76ed8348bf172edefa7fd44	1082	14.35
Broken Crown Arena/FR_arena_wall_west_ROOT/FR_arena_wall_west_P002	ArenaWallWestFracturePiece002Render Beveled Render			RumbleSandstoneFractureInterior	Elemental/Graphics V5/Rumble Rock Lit	e318bcc672b00554f9504b2493470036	1082	14.35
Broken Crown Arena/FR_arena_wall_west_ROOT/FR_arena_wall_west_P003	ArenaWallWestFracturePiece003Render Beveled Render			RumbleArenaSandstone	Elemental/Graphics V5/Rumble Rock Lit	91fc0cc0e76ed8348bf172edefa7fd44	262	14.86
Broken Crown Arena/FR_arena_wall_west_ROOT/FR_arena_wall_west_P003	ArenaWallWestFracturePiece003Render Beveled Render			RumbleSandstoneFractureInterior	Elemental/Graphics V5/Rumble Rock Lit	e318bcc672b00554f9504b2493470036	262	14.86
Broken Crown Arena/FR_arena_wall_west_ROOT/FR_arena_wall_west_P004	ArenaWallWestFracturePiece004Render Beveled Render			RumbleArenaSandstone	Elemental/Graphics V5/Rumble Rock Lit	91fc0cc0e76ed8348bf172edefa7fd44	605	14.76
Broken Crown Arena/FR_arena_wall_west_ROOT/FR_arena_wall_west_P004	ArenaWallWestFracturePiece004Render Beveled Render			RumbleSandstoneFractureInterior	Elemental/Graphics V5/Rumble Rock Lit	e318bcc672b00554f9504b2493470036	605	14.76
Broken Crown Arena/FR_arena_wall_west_ROOT/FR_arena_wall_west_P005	ArenaWallWestFracturePiece005Render Beveled Render			RumbleArenaSandstone	Elemental/Graphics V5/Rumble Rock Lit	91fc0cc0e76ed8348bf172edefa7fd44	753	15.06
Broken Crown Arena/FR_arena_wall_west_ROOT/FR_arena_wall_west_P005	ArenaWallWestFracturePiece005Render Beveled Render			RumbleSandstoneFractureInterior	Elemental/Graphics V5/Rumble Rock Lit	e318bcc672b00554f9504b2493470036	753	15.06
Broken Crown Arena/FR_arena_wall_west_ROOT/FR_arena_wall_west_P006	ArenaWallWestFracturePiece006Render Beveled Render			RumbleArenaSandstone	Elemental/Graphics V5/Rumble Rock Lit	91fc0cc0e76ed8348bf172edefa7fd44	572	14.54
Broken Crown Arena/FR_arena_wall_west_ROOT/FR_arena_wall_west_P006	ArenaWallWestFracturePiece006Render Beveled Render			RumbleSandstoneFractureInterior	Elemental/Graphics V5/Rumble Rock Lit	e318bcc672b00554f9504b2493470036	572	14.54
Broken Crown Arena/FR_arena_wall_west_ROOT/FR_arena_wall_west_P007	ArenaWallWestFracturePiece007Render Beveled Render			RumbleArenaSandstone	Elemental/Graphics V5/Rumble Rock Lit	91fc0cc0e76ed8348bf172edefa7fd44	665	14.80
Broken Crown Arena/FR_arena_wall_west_ROOT/FR_arena_wall_west_P007	ArenaWallWestFracturePiece007Render Beveled Render			RumbleSandstoneFractureInterior	Elemental/Graphics V5/Rumble Rock Lit	e318bcc672b00554f9504b2493470036	665	14.80
Broken Crown Arena/FR_arena_wall_west_ROOT/FR_arena_wall_west_P008	ArenaWallWestFracturePiece008Render Beveled Render			RumbleArenaSandstone	Elemental/Graphics V5/Rumble Rock Lit	91fc0cc0e76ed8348bf172edefa7fd44	549	14.83
Broken Crown Arena/FR_arena_wall_west_ROOT/FR_arena_wall_west_P008	ArenaWallWestFracturePiece008Render Beveled Render			RumbleSandstoneFractureInterior	Elemental/Graphics V5/Rumble Rock Lit	e318bcc672b00554f9504b2493470036	549	14.83
Broken Crown Arena/FR_arena_wall_west_ROOT/FR_arena_wall_west_P009	ArenaWallWestFracturePiece009Render Beveled Render			RumbleArenaSandstone	Elemental/Graphics V5/Rumble Rock Lit	91fc0cc0e76ed8348bf172edefa7fd44	658	14.62
Broken Crown Arena/FR_arena_wall_west_ROOT/FR_arena_wall_west_P009	ArenaWallWestFracturePiece009Render Beveled Render			RumbleSandstoneFractureInterior	Elemental/Graphics V5/Rumble Rock Lit	e318bcc672b00554f9504b2493470036	658	14.62
Broken Crown Arena/FR_arena_wall_west_ROOT/FR_arena_wall_west_P010	ArenaWallWestFracturePiece010Render Beveled Render			RumbleArenaSandstone	Elemental/Graphics V5/Rumble Rock Lit	91fc0cc0e76ed8348bf172edefa7fd44	359	14.82
Broken Crown Arena/FR_arena_wall_west_ROOT/FR_arena_wall_west_P010	ArenaWallWestFracturePiece010Render Beveled Render			RumbleSandstoneFractureInterior	Elemental/Graphics V5/Rumble Rock Lit	e318bcc672b00554f9504b2493470036	359	14.82
Broken Crown Arena/FR_arena_wall_west_ROOT/FR_arena_wall_west_P011	ArenaWallWestFracturePiece011Render Beveled Render			RumbleArenaSandstone	Elemental/Graphics V5/Rumble Rock Lit	91fc0cc0e76ed8348bf172edefa7fd44	442	14.67
Broken Crown Arena/FR_arena_wall_west_ROOT/FR_arena_wall_west_P011	ArenaWallWestFracturePiece011Render Beveled Render			RumbleSandstoneFractureInterior	Elemental/Graphics V5/Rumble Rock Lit	e318bcc672b00554f9504b2493470036	442	14.67
Broken Crown Arena/FR_arena_wall_west_ROOT/FR_arena_wall_west_P012	ArenaWallWestFracturePiece012Render Beveled Render			RumbleArenaSandstone	Elemental/Graphics V5/Rumble Rock Lit	91fc0cc0e76ed8348bf172edefa7fd44	511	14.62
Broken Crown Arena/FR_arena_wall_west_ROOT/FR_arena_wall_west_P012	ArenaWallWestFracturePiece012Render Beveled Render			RumbleSandstoneFractureInterior	Elemental/Graphics V5/Rumble Rock Lit	e318bcc672b00554f9504b2493470036	511	14.62
Magic Push Boulders/Light Push Boulder	V5_Physics_Boulder_00_CenteredUnit	Assets/Elemental/Content/GraphicsV5/Physics/V5_Physics_Boulder_00_CenteredUnit.asset	23ad7314d6415c2489a6043042c898cb	RumbleSandstone	Elemental/Graphics V5/Rumble Rock Lit	d0239ba4c83ca2a4e8f8ebeea7e809c4	164	12.13
Magic Push Boulders/Heavy Push Boulder	V5_Physics_Boulder_03_CenteredUnit	Assets/Elemental/Content/GraphicsV5/Physics/V5_Physics_Boulder_03_CenteredUnit.asset	4586f8f90eb8d9142b7b13004a95328e	RumbleSandstone	Elemental/Graphics V5/Rumble Rock Lit	d0239ba4c83ca2a4e8f8ebeea7e809c4	140	11.55
Linebreaker(Clone)/LinebreakerBody	LinebreakerBody	Assets/Elemental/Content/Characters/Linebreaker/Linebreaker.fbx	768c61288998aaf42ac2dcbe0e55b8db	LinebreakerMaterial	Universal Render Pipeline/Lit	768c61288998aaf42ac2dcbe0e55b8db	6349	60.07
Platform Piece 40	V5_Physics_Boulder_07_CenteredUnit	Assets/Elemental/Content/GraphicsV5/Physics/V5_Physics_Boulder_07_CenteredUnit.asset	2d7c67f31bd7dce4bb75eb0e68552e86	RumbleSandstone	Elemental/Graphics V5/Rumble Rock Lit	d0239ba4c83ca2a4e8f8ebeea7e809c4	128	60.57
Platform Piece 45	V5_Physics_Boulder_04_CenteredUnit	Assets/Elemental/Content/GraphicsV5/Physics/V5_Physics_Boulder_04_CenteredUnit.asset	77b3da2cd22d6c64fb9a0a3d68769e71	RumbleSandstone	Elemental/Graphics V5/Rumble Rock Lit	d0239ba4c83ca2a4e8f8ebeea7e809c4	152	60.57
Platform Piece 44	V5_Physics_Boulder_03_CenteredUnit	Assets/Elemental/Content/GraphicsV5/Physics/V5_Physics_Boulder_03_CenteredUnit.asset	4586f8f90eb8d9142b7b13004a95328e	RumbleSandstone	Elemental/Graphics V5/Rumble Rock Lit	d0239ba4c83ca2a4e8f8ebeea7e809c4	140	60.57
Platform Piece 10	V5_Physics_Boulder_01_CenteredUnit	Assets/Elemental/Content/GraphicsV5/Physics/V5_Physics_Boulder_01_CenteredUnit.asset	e46e2e752a92f4445b9dff28264cc4ba	RumbleSandstone	Elemental/Graphics V5/Rumble Rock Lit	d0239ba4c83ca2a4e8f8ebeea7e809c4	140	60.57
Platform Piece 15	V5_Physics_Boulder_06_CenteredUnit	Assets/Elemental/Content/GraphicsV5/Physics/V5_Physics_Boulder_06_CenteredUnit.asset	479fb44e71569d745848cc9b592b1d5e	RumbleSandstone	Elemental/Graphics V5/Rumble Rock Lit	d0239ba4c83ca2a4e8f8ebeea7e809c4	128	60.57
Platform Piece 14	V5_Physics_Boulder_05_CenteredUnit	Assets/Elemental/Content/GraphicsV5/Physics/V5_Physics_Boulder_05_CenteredUnit.asset	9458e42ababc9504f8929a3480df0061	RumbleSandstone	Elemental/Graphics V5/Rumble Rock Lit	d0239ba4c83ca2a4e8f8ebeea7e809c4	152	60.57
Platform Piece 06	V5_Physics_Boulder_05_CenteredUnit	Assets/Elemental/Content/GraphicsV5/Physics/V5_Physics_Boulder_05_CenteredUnit.asset	9458e42ababc9504f8929a3480df0061	RumbleSandstone	Elemental/Graphics V5/Rumble Rock Lit	d0239ba4c83ca2a4e8f8ebeea7e809c4	152	60.57
Platform Piece 20	V5_Physics_Boulder_03_CenteredUnit	Assets/Elemental/Content/GraphicsV5/Physics/V5_Physics_Boulder_03_CenteredUnit.asset	4586f8f90eb8d9142b7b13004a95328e	RumbleSandstone	Elemental/Graphics V5/Rumble Rock Lit	d0239ba4c83ca2a4e8f8ebeea7e809c4	140	60.57
Platform Piece 22	V5_Physics_Boulder_05_CenteredUnit	Assets/Elemental/Content/GraphicsV5/Physics/V5_Physics_Boulder_05_CenteredUnit.asset	9458e42ababc9504f8929a3480df0061	RumbleSandstone	Elemental/Graphics V5/Rumble Rock Lit	d0239ba4c83ca2a4e8f8ebeea7e809c4	152	60.57
Platform Piece 21	V5_Physics_Boulder_04_CenteredUnit	Assets/Elemental/Content/GraphicsV5/Physics/V5_Physics_Boulder_04_CenteredUnit.asset	77b3da2cd22d6c64fb9a0a3d68769e71	RumbleSandstone	Elemental/Graphics V5/Rumble Rock Lit	d0239ba4c83ca2a4e8f8ebeea7e809c4	152	60.57
Platform Piece 46	V5_Physics_Boulder_05_CenteredUnit	Assets/Elemental/Content/GraphicsV5/Physics/V5_Physics_Boulder_05_CenteredUnit.asset	9458e42ababc9504f8929a3480df0061	RumbleSandstone	Elemental/Graphics V5/Rumble Rock Lit	d0239ba4c83ca2a4e8f8ebeea7e809c4	152	60.57
Platform Piece 33	V5_Physics_Boulder_00_CenteredUnit	Assets/Elemental/Content/GraphicsV5/Physics/V5_Physics_Boulder_00_CenteredUnit.asset	23ad7314d6415c2489a6043042c898cb	RumbleSandstone	Elemental/Graphics V5/Rumble Rock Lit	d0239ba4c83ca2a4e8f8ebeea7e809c4	164	60.57
Platform Piece 01	V5_Physics_Boulder_00_CenteredUnit	Assets/Elemental/Content/GraphicsV5/Physics/V5_Physics_Boulder_00_CenteredUnit.asset	23ad7314d6415c2489a6043042c898cb	RumbleSandstone	Elemental/Graphics V5/Rumble Rock Lit	d0239ba4c83ca2a4e8f8ebeea7e809c4	164	60.57
Platform Piece 38	V5_Physics_Boulder_05_CenteredUnit	Assets/Elemental/Content/GraphicsV5/Physics/V5_Physics_Boulder_05_CenteredUnit.asset	9458e42ababc9504f8929a3480df0061	RumbleSandstone	Elemental/Graphics V5/Rumble Rock Lit	d0239ba4c83ca2a4e8f8ebeea7e809c4	152	60.57
Platform Piece 08	V5_Physics_Boulder_07_CenteredUnit	Assets/Elemental/Content/GraphicsV5/Physics/V5_Physics_Boulder_07_CenteredUnit.asset	2d7c67f31bd7dce4bb75eb0e68552e86	RumbleSandstone	Elemental/Graphics V5/Rumble Rock Lit	d0239ba4c83ca2a4e8f8ebeea7e809c4	128	60.57
Platform Piece 34	V5_Physics_Boulder_01_CenteredUnit	Assets/Elemental/Content/GraphicsV5/Physics/V5_Physics_Boulder_01_CenteredUnit.asset	e46e2e752a92f4445b9dff28264cc4ba	RumbleSandstone	Elemental/Graphics V5/Rumble Rock Lit	d0239ba4c83ca2a4e8f8ebeea7e809c4	140	60.57
Platform Piece 16	V5_Physics_Boulder_07_CenteredUnit	Assets/Elemental/Content/GraphicsV5/Physics/V5_Physics_Boulder_07_CenteredUnit.asset	2d7c67f31bd7dce4bb75eb0e68552e86	RumbleSandstone	Elemental/Graphics V5/Rumble Rock Lit	d0239ba4c83ca2a4e8f8ebeea7e809c4	128	60.57
Platform Piece 07	V5_Physics_Boulder_06_CenteredUnit	Assets/Elemental/Content/GraphicsV5/Physics/V5_Physics_Boulder_06_CenteredUnit.asset	479fb44e71569d745848cc9b592b1d5e	RumbleSandstone	Elemental/Graphics V5/Rumble Rock Lit	d0239ba4c83ca2a4e8f8ebeea7e809c4	128	60.57
Platform Piece 11	V5_Physics_Boulder_02_CenteredUnit	Assets/Elemental/Content/GraphicsV5/Physics/V5_Physics_Boulder_02_CenteredUnit.asset	8865e400055100a48b08f0300d227217	RumbleSandstone	Elemental/Graphics V5/Rumble Rock Lit	d0239ba4c83ca2a4e8f8ebeea7e809c4	128	60.57
Platform Piece 28	V5_Physics_Boulder_03_CenteredUnit	Assets/Elemental/Content/GraphicsV5/Physics/V5_Physics_Boulder_03_CenteredUnit.asset	4586f8f90eb8d9142b7b13004a95328e	RumbleSandstone	Elemental/Graphics V5/Rumble Rock Lit	d0239ba4c83ca2a4e8f8ebeea7e809c4	140	60.57
Platform Piece 13	V5_Physics_Boulder_04_CenteredUnit	Assets/Elemental/Content/GraphicsV5/Physics/V5_Physics_Boulder_04_CenteredUnit.asset	77b3da2cd22d6c64fb9a0a3d68769e71	RumbleSandstone	Elemental/Graphics V5/Rumble Rock Lit	d0239ba4c83ca2a4e8f8ebeea7e809c4	152	60.57
Platform Piece 24	V5_Physics_Boulder_07_CenteredUnit	Assets/Elemental/Content/GraphicsV5/Physics/V5_Physics_Boulder_07_CenteredUnit.asset	2d7c67f31bd7dce4bb75eb0e68552e86	RumbleSandstone	Elemental/Graphics V5/Rumble Rock Lit	d0239ba4c83ca2a4e8f8ebeea7e809c4	128	60.57
Platform Piece 03	V5_Physics_Boulder_02_CenteredUnit	Assets/Elemental/Content/GraphicsV5/Physics/V5_Physics_Boulder_02_CenteredUnit.asset	8865e400055100a48b08f0300d227217	RumbleSandstone	Elemental/Graphics V5/Rumble Rock Lit	d0239ba4c83ca2a4e8f8ebeea7e809c4	128	60.57
Platform Piece 12	V5_Physics_Boulder_03_CenteredUnit	Assets/Elemental/Content/GraphicsV5/Physics/V5_Physics_Boulder_03_CenteredUnit.asset	4586f8f90eb8d9142b7b13004a95328e	RumbleSandstone	Elemental/Graphics V5/Rumble Rock Lit	d0239ba4c83ca2a4e8f8ebeea7e809c4	140	60.57
Platform Piece 37	V5_Physics_Boulder_04_CenteredUnit	Assets/Elemental/Content/GraphicsV5/Physics/V5_Physics_Boulder_04_CenteredUnit.asset	77b3da2cd22d6c64fb9a0a3d68769e71	RumbleSandstone	Elemental/Graphics V5/Rumble Rock Lit	d0239ba4c83ca2a4e8f8ebeea7e809c4	152	60.57
Platform Piece 26	V5_Physics_Boulder_01_CenteredUnit	Assets/Elemental/Content/GraphicsV5/Physics/V5_Physics_Boulder_01_CenteredUnit.asset	e46e2e752a92f4445b9dff28264cc4ba	RumbleSandstone	Elemental/Graphics V5/Rumble Rock Lit	d0239ba4c83ca2a4e8f8ebeea7e809c4	140	60.57
Platform Piece 48	V5_Physics_Boulder_07_CenteredUnit	Assets/Elemental/Content/GraphicsV5/Physics/V5_Physics_Boulder_07_CenteredUnit.asset	2d7c67f31bd7dce4bb75eb0e68552e86	RumbleSandstone	Elemental/Graphics V5/Rumble Rock Lit	d0239ba4c83ca2a4e8f8ebeea7e809c4	128	60.57
Platform Piece 02	V5_Physics_Boulder_01_CenteredUnit	Assets/Elemental/Content/GraphicsV5/Physics/V5_Physics_Boulder_01_CenteredUnit.asset	e46e2e752a92f4445b9dff28264cc4ba	RumbleSandstone	Elemental/Graphics V5/Rumble Rock Lit	d0239ba4c83ca2a4e8f8ebeea7e809c4	140	60.57
Platform Piece 23	V5_Physics_Boulder_06_CenteredUnit	Assets/Elemental/Content/GraphicsV5/Physics/V5_Physics_Boulder_06_CenteredUnit.asset	479fb44e71569d745848cc9b592b1d5e	RumbleSandstone	Elemental/Graphics V5/Rumble Rock Lit	d0239ba4c83ca2a4e8f8ebeea7e809c4	128	60.57
Platform Piece 42	V5_Physics_Boulder_01_CenteredUnit	Assets/Elemental/Content/GraphicsV5/Physics/V5_Physics_Boulder_01_CenteredUnit.asset	e46e2e752a92f4445b9dff28264cc4ba	RumbleSandstone	Elemental/Graphics V5/Rumble Rock Lit	d0239ba4c83ca2a4e8f8ebeea7e809c4	140	60.57
Platform Piece 35	V5_Physics_Boulder_02_CenteredUnit	Assets/Elemental/Content/GraphicsV5/Physics/V5_Physics_Boulder_02_CenteredUnit.asset	8865e400055100a48b08f0300d227217	RumbleSandstone	Elemental/Graphics V5/Rumble Rock Lit	d0239ba4c83ca2a4e8f8ebeea7e809c4	128	60.57
Hero Visual Shell	Earth Surf BrokenWedge			RumbleSandstone	Elemental/Graphics V5/Rumble Rock Lit	d0239ba4c83ca2a4e8f8ebeea7e809c4	36	60.23
Hero Visual Shell/Surf Cell 02 FootBridge	Earth Surf Semantic Cell 57BB3E76			RumbleSandstone	Elemental/Graphics V5/Rumble Rock Lit	d0239ba4c83ca2a4e8f8ebeea7e809c4	24	60.29
Hero Visual Shell/Surf Cell 03 Nose	Earth Surf Semantic Cell 5218DDB1			RumbleSandstone	Elemental/Graphics V5/Rumble Rock Lit	d0239ba4c83ca2a4e8f8ebeea7e809c4	24	60.23
Hero Visual Shell/Surf Cell 04 Nose	Earth Surf Semantic Cell 4E767CEC			RumbleSandstone	Elemental/Graphics V5/Rumble Rock Lit	d0239ba4c83ca2a4e8f8ebeea7e809c4	24	60.23
Hero Visual Shell/Surf Cell 05 Nose	Earth Surf Semantic Cell 4AD41C27			RumbleSandstone	Elemental/Graphics V5/Rumble Rock Lit	d0239ba4c83ca2a4e8f8ebeea7e809c4	24	60.23
Hero Visual Shell/Surf Cell 06 OuterRail	Earth Surf Semantic Cell 4531BB62			RumbleSandstone	Elemental/Graphics V5/Rumble Rock Lit	d0239ba4c83ca2a4e8f8ebeea7e809c4	24	60.31
Hero Visual Shell/Surf Cell 07 OuterRail	Earth Surf Semantic Cell 418F5A9D			RumbleSandstone	Elemental/Graphics V5/Rumble Rock Lit	d0239ba4c83ca2a4e8f8ebeea7e809c4	24	60.30
Hero Visual Shell/Surf Cell 08 OuterRail	Earth Surf Semantic Cell 7DECF9D8			RumbleSandstone	Elemental/Graphics V5/Rumble Rock Lit	d0239ba4c83ca2a4e8f8ebeea7e809c4	24	60.40
Hero Visual Shell/Surf Cell 09 OuterRail	Earth Surf Semantic Cell 784A9913			RumbleSandstone	Elemental/Graphics V5/Rumble Rock Lit	d0239ba4c83ca2a4e8f8ebeea7e809c4	24	60.38
Hero Visual Shell/Surf Cell 10 Tail	Earth Surf Semantic Cell 74A8384E			RumbleSandstone	Elemental/Graphics V5/Rumble Rock Lit	d0239ba4c83ca2a4e8f8ebeea7e809c4	24	60.44
Hero Visual Shell/Surf Cell 11 Tail	Earth Surf Semantic Cell 6F05D789			RumbleSandstone	Elemental/Graphics V5/Rumble Rock Lit	d0239ba4c83ca2a4e8f8ebeea7e809c4	24	60.43
Hero Visual Shell/Surf Cell 12 Tail	Earth Surf Semantic Cell 6B6376C4			RumbleSandstone	Elemental/Graphics V5/Rumble Rock Lit	d0239ba4c83ca2a4e8f8ebeea7e809c4	24	60.43
Hero Visual Shell/Surf Cell 13 OuterRail	Earth Surf Semantic Cell 67C115FF			RumbleSandstone	Elemental/Graphics V5/Rumble Rock Lit	d0239ba4c83ca2a4e8f8ebeea7e809c4	24	60.25
Hero Visual Shell/Surf Cell 14 OuterRail	Earth Surf Semantic Cell 621EB53A			RumbleSandstone	Elemental/Graphics V5/Rumble Rock Lit	d0239ba4c83ca2a4e8f8ebeea7e809c4	24	60.23
Platform Piece 36	V5_Physics_Boulder_03_CenteredUnit	Assets/Elemental/Content/GraphicsV5/Physics/V5_Physics_Boulder_03_CenteredUnit.asset	4586f8f90eb8d9142b7b13004a95328e	RumbleSandstone	Elemental/Graphics V5/Rumble Rock Lit	d0239ba4c83ca2a4e8f8ebeea7e809c4	140	60.57
Platform Piece 31	V5_Physics_Boulder_06_CenteredUnit	Assets/Elemental/Content/GraphicsV5/Physics/V5_Physics_Boulder_06_CenteredUnit.asset	479fb44e71569d745848cc9b592b1d5e	RumbleSandstone	Elemental/Graphics V5/Rumble Rock Lit	d0239ba4c83ca2a4e8f8ebeea7e809c4	128	60.57
Platform Piece 04	V5_Physics_Boulder_03_CenteredUnit	Assets/Elemental/Content/GraphicsV5/Physics/V5_Physics_Boulder_03_CenteredUnit.asset	4586f8f90eb8d9142b7b13004a95328e	RumbleSandstone	Elemental/Graphics V5/Rumble Rock Lit	d0239ba4c83ca2a4e8f8ebeea7e809c4	140	60.57
Platform Piece 25	V5_Physics_Boulder_00_CenteredUnit	Assets/Elemental/Content/GraphicsV5/Physics/V5_Physics_Boulder_00_CenteredUnit.asset	23ad7314d6415c2489a6043042c898cb	RumbleSandstone	Elemental/Graphics V5/Rumble Rock Lit	d0239ba4c83ca2a4e8f8ebeea7e809c4	164	60.57
Platform Piece 47	V5_Physics_Boulder_06_CenteredUnit	Assets/Elemental/Content/GraphicsV5/Physics/V5_Physics_Boulder_06_CenteredUnit.asset	479fb44e71569d745848cc9b592b1d5e	RumbleSandstone	Elemental/Graphics V5/Rumble Rock Lit	d0239ba4c83ca2a4e8f8ebeea7e809c4	128	60.57
Platform Piece 18	V5_Physics_Boulder_01_CenteredUnit	Assets/Elemental/Content/GraphicsV5/Physics/V5_Physics_Boulder_01_CenteredUnit.asset	e46e2e752a92f4445b9dff28264cc4ba	RumbleSandstone	Elemental/Graphics V5/Rumble Rock Lit	d0239ba4c83ca2a4e8f8ebeea7e809c4	140	60.57
Platform Piece 19	V5_Physics_Boulder_02_CenteredUnit	Assets/Elemental/Content/GraphicsV5/Physics/V5_Physics_Boulder_02_CenteredUnit.asset	8865e400055100a48b08f0300d227217	RumbleSandstone	Elemental/Graphics V5/Rumble Rock Lit	d0239ba4c83ca2a4e8f8ebeea7e809c4	128	60.57
Platform Piece 39	V5_Physics_Boulder_06_CenteredUnit	Assets/Elemental/Content/GraphicsV5/Physics/V5_Physics_Boulder_06_CenteredUnit.asset	479fb44e71569d745848cc9b592b1d5e	RumbleSandstone	Elemental/Graphics V5/Rumble Rock Lit	d0239ba4c83ca2a4e8f8ebeea7e809c4	128	60.57
Platform Piece 43	V5_Physics_Boulder_02_CenteredUnit	Assets/Elemental/Content/GraphicsV5/Physics/V5_Physics_Boulder_02_CenteredUnit.asset	8865e400055100a48b08f0300d227217	RumbleSandstone	Elemental/Graphics V5/Rumble Rock Lit	d0239ba4c83ca2a4e8f8ebeea7e809c4	128	60.57
Platform Piece 27	V5_Physics_Boulder_02_CenteredUnit	Assets/Elemental/Content/GraphicsV5/Physics/V5_Physics_Boulder_02_CenteredUnit.asset	8865e400055100a48b08f0300d227217	RumbleSandstone	Elemental/Graphics V5/Rumble Rock Lit	d0239ba4c83ca2a4e8f8ebeea7e809c4	128	60.57
Platform Piece 29	V5_Physics_Boulder_04_CenteredUnit	Assets/Elemental/Content/GraphicsV5/Physics/V5_Physics_Boulder_04_CenteredUnit.asset	77b3da2cd22d6c64fb9a0a3d68769e71	RumbleSandstone	Elemental/Graphics V5/Rumble Rock Lit	d0239ba4c83ca2a4e8f8ebeea7e809c4	152	60.57
Platform Piece 41	V5_Physics_Boulder_00_CenteredUnit	Assets/Elemental/Content/GraphicsV5/Physics/V5_Physics_Boulder_00_CenteredUnit.asset	23ad7314d6415c2489a6043042c898cb	RumbleSandstone	Elemental/Graphics V5/Rumble Rock Lit	d0239ba4c83ca2a4e8f8ebeea7e809c4	164	60.57
Outer Stone Ring/FRAME_outer_arch_01/FR_outer_arch_01_ROOT/COL_FR_outer_arch_01_P001	COL_FR_outer_arch_01_P001	Assets/Elemental/Content/Arena/OuterStoneRing/OuterStoneRing.fbx	702b10277b3fc0b45832c3e7f76e1962	Lit	Universal Render Pipeline/Lit	31321ba15b8f8eb4c954353edc038b1d	142	6.77
Outer Stone Ring/FRAME_outer_arch_01/FR_outer_arch_01_ROOT/COL_FR_outer_arch_01_P002	COL_FR_outer_arch_01_P002	Assets/Elemental/Content/Arena/OuterStoneRing/OuterStoneRing.fbx	702b10277b3fc0b45832c3e7f76e1962	Lit	Universal Render Pipeline/Lit	31321ba15b8f8eb4c954353edc038b1d	188	5.06
Outer Stone Ring/FRAME_outer_arch_01/FR_outer_arch_01_ROOT/COL_FR_outer_arch_01_P003	COL_FR_outer_arch_01_P003	Assets/Elemental/Content/Arena/OuterStoneRing/OuterStoneRing.fbx	702b10277b3fc0b45832c3e7f76e1962	Lit	Universal Render Pipeline/Lit	31321ba15b8f8eb4c954353edc038b1d	90	8.32
Outer Stone Ring/FRAME_outer_arch_01/FR_outer_arch_01_ROOT/COL_FR_outer_arch_01_P004	COL_FR_outer_arch_01_P004	Assets/Elemental/Content/Arena/OuterStoneRing/OuterStoneRing.fbx	702b10277b3fc0b45832c3e7f76e1962	Lit	Universal Render Pipeline/Lit	31321ba15b8f8eb4c954353edc038b1d	116	7.47
Outer Stone Ring/FRAME_outer_arch_01/FR_outer_arch_01_ROOT/COL_FR_outer_arch_01_P005	COL_FR_outer_arch_01_P005	Assets/Elemental/Content/Arena/OuterStoneRing/OuterStoneRing.fbx	702b10277b3fc0b45832c3e7f76e1962	Lit	Universal Render Pipeline/Lit	31321ba15b8f8eb4c954353edc038b1d	70	7.32
Outer Stone Ring/FRAME_outer_arch_01/FR_outer_arch_01_ROOT/COL_FR_outer_arch_01_P006	COL_FR_outer_arch_01_P006	Assets/Elemental/Content/Arena/OuterStoneRing/OuterStoneRing.fbx	702b10277b3fc0b45832c3e7f76e1962	Lit	Universal Render Pipeline/Lit	31321ba15b8f8eb4c954353edc038b1d	96	7.93
Outer Stone Ring/FRAME_outer_arch_01/FR_outer_arch_01_ROOT/COL_FR_outer_arch_01_P007	COL_FR_outer_arch_01_P007	Assets/Elemental/Content/Arena/OuterStoneRing/OuterStoneRing.fbx	702b10277b3fc0b45832c3e7f76e1962	Lit	Universal Render Pipeline/Lit	31321ba15b8f8eb4c954353edc038b1d	92	7.37
Outer Stone Ring/FRAME_outer_arch_01/FR_outer_arch_01_ROOT/COL_FR_outer_arch_01_P008	COL_FR_outer_arch_01_P008	Assets/Elemental/Content/Arena/OuterStoneRing/OuterStoneRing.fbx	702b10277b3fc0b45832c3e7f76e1962	Lit	Universal Render Pipeline/Lit	31321ba15b8f8eb4c954353edc038b1d	98	7.27
Outer Stone Ring/FRAME_outer_arch_01/FR_outer_arch_01_ROOT/COL_FR_outer_arch_01_P009	COL_FR_outer_arch_01_P009	Assets/Elemental/Content/Arena/OuterStoneRing/OuterStoneRing.fbx	702b10277b3fc0b45832c3e7f76e1962	Lit	Universal Render Pipeline/Lit	31321ba15b8f8eb4c954353edc038b1d	158	6.75
Outer Stone Ring/FRAME_outer_arch_01/FR_outer_arch_01_ROOT/COL_FR_outer_arch_01_P010	COL_FR_outer_arch_01_P010	Assets/Elemental/Content/Arena/OuterStoneRing/OuterStoneRing.fbx	702b10277b3fc0b45832c3e7f76e1962	Lit	Universal Render Pipeline/Lit	31321ba15b8f8eb4c954353edc038b1d	28	4.85
Outer Stone Ring/FRAME_outer_arch_01/FR_outer_arch_01_ROOT/COL_FR_outer_arch_01_P011	COL_FR_outer_arch_01_P011	Assets/Elemental/Content/Arena/OuterStoneRing/OuterStoneRing.fbx	702b10277b3fc0b45832c3e7f76e1962	Lit	Universal Render Pipeline/Lit	31321ba15b8f8eb4c954353edc038b1d	114	9.01
Outer Stone Ring/FRAME_outer_arch_01/FR_outer_arch_01_ROOT/COL_FR_outer_arch_01_P012	COL_FR_outer_arch_01_P012	Assets/Elemental/Content/Arena/OuterStoneRing/OuterStoneRing.fbx	702b10277b3fc0b45832c3e7f76e1962	Lit	Universal Render Pipeline/Lit	31321ba15b8f8eb4c954353edc038b1d	114	8.61
Outer Stone Ring/FRAME_outer_arch_01/FR_outer_arch_01_ROOT/FR_outer_arch_01_P001	OuterArch01FracturePiece001Render Beveled Render			RumbleArenaSandstone	Elemental/Graphics V5/Rumble Rock Lit	91fc0cc0e76ed8348bf172edefa7fd44	1123	6.77
Outer Stone Ring/FRAME_outer_arch_01/FR_outer_arch_01_ROOT/FR_outer_arch_01_P001	OuterArch01FracturePiece001Render Beveled Render			RumbleSandstoneFractureInterior	Elemental/Graphics V5/Rumble Rock Lit	e318bcc672b00554f9504b2493470036	1123	6.77
Outer Stone Ring/FRAME_outer_arch_01/FR_outer_arch_01_ROOT/FR_outer_arch_01_P002	OuterArch01FracturePiece002Render Beveled Render			RumbleArenaSandstone	Elemental/Graphics V5/Rumble Rock Lit	91fc0cc0e76ed8348bf172edefa7fd44	1090	5.06
Outer Stone Ring/FRAME_outer_arch_01/FR_outer_arch_01_ROOT/FR_outer_arch_01_P002	OuterArch01FracturePiece002Render Beveled Render			RumbleSandstoneFractureInterior	Elemental/Graphics V5/Rumble Rock Lit	e318bcc672b00554f9504b2493470036	1090	5.06
Outer Stone Ring/FRAME_outer_arch_01/FR_outer_arch_01_ROOT/FR_outer_arch_01_P003	OuterArch01FracturePiece003Render Beveled Render			RumbleArenaSandstone	Elemental/Graphics V5/Rumble Rock Lit	91fc0cc0e76ed8348bf172edefa7fd44	1488	8.32
Outer Stone Ring/FRAME_outer_arch_01/FR_outer_arch_01_ROOT/FR_outer_arch_01_P003	OuterArch01FracturePiece003Render Beveled Render			RumbleSandstoneFractureInterior	Elemental/Graphics V5/Rumble Rock Lit	e318bcc672b00554f9504b2493470036	1488	8.32
Outer Stone Ring/FRAME_outer_arch_01/FR_outer_arch_01_ROOT/FR_outer_arch_01_P004	OuterArch01FracturePiece004Render Beveled Render			RumbleArenaSandstone	Elemental/Graphics V5/Rumble Rock Lit	91fc0cc0e76ed8348bf172edefa7fd44	1350	7.47
Outer Stone Ring/FRAME_outer_arch_01/FR_outer_arch_01_ROOT/FR_outer_arch_01_P004	OuterArch01FracturePiece004Render Beveled Render			RumbleSandstoneFractureInterior	Elemental/Graphics V5/Rumble Rock Lit	e318bcc672b00554f9504b2493470036	1350	7.47
Outer Stone Ring/FRAME_outer_arch_01/FR_outer_arch_01_ROOT/FR_outer_arch_01_P005	OuterArch01FracturePiece005Render Beveled Render			RumbleArenaSandstone	Elemental/Graphics V5/Rumble Rock Lit	91fc0cc0e76ed8348bf172edefa7fd44	1726	7.32
Outer Stone Ring/FRAME_outer_arch_01/FR_outer_arch_01_ROOT/FR_outer_arch_01_P005	OuterArch01FracturePiece005Render Beveled Render			RumbleSandstoneFractureInterior	Elemental/Graphics V5/Rumble Rock Lit	e318bcc672b00554f9504b2493470036	1726	7.32
Outer Stone Ring/FRAME_outer_arch_01/FR_outer_arch_01_ROOT/FR_outer_arch_01_P006	OuterArch01FracturePiece006Render Beveled Render			RumbleArenaSandstone	Elemental/Graphics V5/Rumble Rock Lit	91fc0cc0e76ed8348bf172edefa7fd44	1612	7.93
Outer Stone Ring/FRAME_outer_arch_01/FR_outer_arch_01_ROOT/FR_outer_arch_01_P006	OuterArch01FracturePiece006Render Beveled Render			RumbleSandstoneFractureInterior	Elemental/Graphics V5/Rumble Rock Lit	e318bcc672b00554f9504b2493470036	1612	7.93
Outer Stone Ring/FRAME_outer_arch_01/FR_outer_arch_01_ROOT/FR_outer_arch_01_P007	OuterArch01FracturePiece007Render Beveled Render			RumbleArenaSandstone	Elemental/Graphics V5/Rumble Rock Lit	91fc0cc0e76ed8348bf172edefa7fd44	1288	7.37
Outer Stone Ring/FRAME_outer_arch_01/FR_outer_arch_01_ROOT/FR_outer_arch_01_P007	OuterArch01FracturePiece007Render Beveled Render			RumbleSandstoneFractureInterior	Elemental/Graphics V5/Rumble Rock Lit	e318bcc672b00554f9504b2493470036	1288	7.37
Outer Stone Ring/FRAME_outer_arch_01/FR_outer_arch_01_ROOT/FR_outer_arch_01_P008	OuterArch01FracturePiece008Render Beveled Render			RumbleArenaSandstone	Elemental/Graphics V5/Rumble Rock Lit	91fc0cc0e76ed8348bf172edefa7fd44	1257	7.27
Outer Stone Ring/FRAME_outer_arch_01/FR_outer_arch_01_ROOT/FR_outer_arch_01_P008	OuterArch01FracturePiece008Render Beveled Render			RumbleSandstoneFractureInterior	Elemental/Graphics V5/Rumble Rock Lit	e318bcc672b00554f9504b2493470036	1257	7.27
Outer Stone Ring/FRAME_outer_arch_01/FR_outer_arch_01_ROOT/FR_outer_arch_01_P009	OuterArch01FracturePiece009Render Beveled Render			RumbleArenaSandstone	Elemental/Graphics V5/Rumble Rock Lit	91fc0cc0e76ed8348bf172edefa7fd44	1582	6.75
Outer Stone Ring/FRAME_outer_arch_01/FR_outer_arch_01_ROOT/FR_outer_arch_01_P009	OuterArch01FracturePiece009Render Beveled Render			RumbleSandstoneFractureInterior	Elemental/Graphics V5/Rumble Rock Lit	e318bcc672b00554f9504b2493470036	1582	6.75
Outer Stone Ring/FRAME_outer_arch_01/FR_outer_arch_01_ROOT/FR_outer_arch_01_P010	OuterArch01FracturePiece010Render Beveled Render			RumbleArenaSandstone	Elemental/Graphics V5/Rumble Rock Lit	91fc0cc0e76ed8348bf172edefa7fd44	254	4.85
Outer Stone Ring/FRAME_outer_arch_01/FR_outer_arch_01_ROOT/FR_outer_arch_01_P010	OuterArch01FracturePiece010Render Beveled Render			RumbleSandstoneFractureInterior	Elemental/Graphics V5/Rumble Rock Lit	e318bcc672b00554f9504b2493470036	254	4.85
Outer Stone Ring/FRAME_outer_arch_01/FR_outer_arch_01_ROOT/FR_outer_arch_01_P011	OuterArch01FracturePiece011Render Beveled Render			RumbleArenaSandstone	Elemental/Graphics V5/Rumble Rock Lit	91fc0cc0e76ed8348bf172edefa7fd44	612	9.01
Outer Stone Ring/FRAME_outer_arch_01/FR_outer_arch_01_ROOT/FR_outer_arch_01_P011	OuterArch01FracturePiece011Render Beveled Render			RumbleSandstoneFractureInterior	Elemental/Graphics V5/Rumble Rock Lit	e318bcc672b00554f9504b2493470036	612	9.01
Outer Stone Ring/FRAME_outer_arch_01/FR_outer_arch_01_ROOT/FR_outer_arch_01_P012	OuterArch01FracturePiece012Render Beveled Render			RumbleArenaSandstone	Elemental/Graphics V5/Rumble Rock Lit	91fc0cc0e76ed8348bf172edefa7fd44	418	8.61
Outer Stone Ring/FRAME_outer_arch_01/FR_outer_arch_01_ROOT/FR_outer_arch_01_P012	OuterArch01FracturePiece012Render Beveled Render			RumbleSandstoneFractureInterior	Elemental/Graphics V5/Rumble Rock Lit	e318bcc672b00554f9504b2493470036	418	8.61
Outer Stone Ring/FRAME_outer_arch_01/OuterArch_01_INTACT	OuterArch_01_INTACT	Assets/Elemental/Content/Arena/OuterStoneRing/OuterStoneRing.fbx	702b10277b3fc0b45832c3e7f76e1962	RumbleArenaSandstone	Elemental/Graphics V5/Rumble Rock Lit	91fc0cc0e76ed8348bf172edefa7fd44	7572	6.16
Outer Stone Ring/FRAME_outer_arch_01/OuterArch_01_INTACT	OuterArch_01_INTACT	Assets/Elemental/Content/Arena/OuterStoneRing/OuterStoneRing.fbx	702b10277b3fc0b45832c3e7f76e1962	RumbleSandstoneFractureInterior	Elemental/Graphics V5/Rumble Rock Lit	e318bcc672b00554f9504b2493470036	7572	6.16
Outer Stone Ring/FRAME_outer_arch_02/FR_outer_arch_02_ROOT/COL_FR_outer_arch_02_P001	COL_FR_outer_arch_02_P001	Assets/Elemental/Content/Arena/OuterStoneRing/OuterStoneRing.fbx	702b10277b3fc0b45832c3e7f76e1962	Lit	Universal Render Pipeline/Lit	31321ba15b8f8eb4c954353edc038b1d	176	14.93
Outer Stone Ring/FRAME_outer_arch_02/FR_outer_arch_02_ROOT/COL_FR_outer_arch_02_P002	COL_FR_outer_arch_02_P002	Assets/Elemental/Content/Arena/OuterStoneRing/OuterStoneRing.fbx	702b10277b3fc0b45832c3e7f76e1962	Lit	Universal Render Pipeline/Lit	31321ba15b8f8eb4c954353edc038b1d	96	14.18
Outer Stone Ring/FRAME_outer_arch_02/FR_outer_arch_02_ROOT/COL_FR_outer_arch_02_P003	COL_FR_outer_arch_02_P003	Assets/Elemental/Content/Arena/OuterStoneRing/OuterStoneRing.fbx	702b10277b3fc0b45832c3e7f76e1962	Lit	Universal Render Pipeline/Lit	31321ba15b8f8eb4c954353edc038b1d	92	13.31
Outer Stone Ring/FRAME_outer_arch_02/FR_outer_arch_02_ROOT/COL_FR_outer_arch_02_P004	COL_FR_outer_arch_02_P004	Assets/Elemental/Content/Arena/OuterStoneRing/OuterStoneRing.fbx	702b10277b3fc0b45832c3e7f76e1962	Lit	Universal Render Pipeline/Lit	31321ba15b8f8eb4c954353edc038b1d	82	14.06
Outer Stone Ring/FRAME_outer_arch_02/FR_outer_arch_02_ROOT/COL_FR_outer_arch_02_P005	COL_FR_outer_arch_02_P005	Assets/Elemental/Content/Arena/OuterStoneRing/OuterStoneRing.fbx	702b10277b3fc0b45832c3e7f76e1962	Lit	Universal Render Pipeline/Lit	31321ba15b8f8eb4c954353edc038b1d	130	14.20
Outer Stone Ring/FRAME_outer_arch_02/FR_outer_arch_02_ROOT/COL_FR_outer_arch_02_P006	COL_FR_outer_arch_02_P006	Assets/Elemental/Content/Arena/OuterStoneRing/OuterStoneRing.fbx	702b10277b3fc0b45832c3e7f76e1962	Lit	Universal Render Pipeline/Lit	31321ba15b8f8eb4c954353edc038b1d	114	14.69
Outer Stone Ring/FRAME_outer_arch_02/FR_outer_arch_02_ROOT/COL_FR_outer_arch_02_P007	COL_FR_outer_arch_02_P007	Assets/Elemental/Content/Arena/OuterStoneRing/OuterStoneRing.fbx	702b10277b3fc0b45832c3e7f76e1962	Lit	Universal Render Pipeline/Lit	31321ba15b8f8eb4c954353edc038b1d	134	14.06
Outer Stone Ring/FRAME_outer_arch_02/FR_outer_arch_02_ROOT/COL_FR_outer_arch_02_P008	COL_FR_outer_arch_02_P008	Assets/Elemental/Content/Arena/OuterStoneRing/OuterStoneRing.fbx	702b10277b3fc0b45832c3e7f76e1962	Lit	Universal Render Pipeline/Lit	31321ba15b8f8eb4c954353edc038b1d	100	13.37
Outer Stone Ring/FRAME_outer_arch_02/FR_outer_arch_02_ROOT/COL_FR_outer_arch_02_P009	COL_FR_outer_arch_02_P009	Assets/Elemental/Content/Arena/OuterStoneRing/OuterStoneRing.fbx	702b10277b3fc0b45832c3e7f76e1962	Lit	Universal Render Pipeline/Lit	31321ba15b8f8eb4c954353edc038b1d	120	12.60
Outer Stone Ring/FRAME_outer_arch_02/FR_outer_arch_02_ROOT/COL_FR_outer_arch_02_P010	COL_FR_outer_arch_02_P010	Assets/Elemental/Content/Arena/OuterStoneRing/OuterStoneRing.fbx	702b10277b3fc0b45832c3e7f76e1962	Lit	Universal Render Pipeline/Lit	31321ba15b8f8eb4c954353edc038b1d	100	14.26
Outer Stone Ring/FRAME_outer_arch_02/FR_outer_arch_02_ROOT/COL_FR_outer_arch_02_P011	COL_FR_outer_arch_02_P011	Assets/Elemental/Content/Arena/OuterStoneRing/OuterStoneRing.fbx	702b10277b3fc0b45832c3e7f76e1962	Lit	Universal Render Pipeline/Lit	31321ba15b8f8eb4c954353edc038b1d	78	13.59
Outer Stone Ring/FRAME_outer_arch_02/FR_outer_arch_02_ROOT/COL_FR_outer_arch_02_P012	COL_FR_outer_arch_02_P012	Assets/Elemental/Content/Arena/OuterStoneRing/OuterStoneRing.fbx	702b10277b3fc0b45832c3e7f76e1962	Lit	Universal Render Pipeline/Lit	31321ba15b8f8eb4c954353edc038b1d	106	14.03
Outer Stone Ring/FRAME_outer_arch_02/FR_outer_arch_02_ROOT/COL_FR_outer_arch_02_P013	COL_FR_outer_arch_02_P013	Assets/Elemental/Content/Arena/OuterStoneRing/OuterStoneRing.fbx	702b10277b3fc0b45832c3e7f76e1962	Lit	Universal Render Pipeline/Lit	31321ba15b8f8eb4c954353edc038b1d	48	13.98
Outer Stone Ring/FRAME_outer_arch_02/FR_outer_arch_02_ROOT/FR_outer_arch_02_P001	OuterArch02FracturePiece001Render Beveled Render			RumbleArenaSandstone	Elemental/Graphics V5/Rumble Rock Lit	91fc0cc0e76ed8348bf172edefa7fd44	1812	14.93
Outer Stone Ring/FRAME_outer_arch_02/FR_outer_arch_02_ROOT/FR_outer_arch_02_P001	OuterArch02FracturePiece001Render Beveled Render			RumbleSandstoneFractureInterior	Elemental/Graphics V5/Rumble Rock Lit	e318bcc672b00554f9504b2493470036	1812	14.93
Outer Stone Ring/FRAME_outer_arch_02/FR_outer_arch_02_ROOT/FR_outer_arch_02_P002	OuterArch02FracturePiece002Render Beveled Render			RumbleArenaSandstone	Elemental/Graphics V5/Rumble Rock Lit	91fc0cc0e76ed8348bf172edefa7fd44	752	14.18
Outer Stone Ring/FRAME_outer_arch_02/FR_outer_arch_02_ROOT/FR_outer_arch_02_P002	OuterArch02FracturePiece002Render Beveled Render			RumbleSandstoneFractureInterior	Elemental/Graphics V5/Rumble Rock Lit	e318bcc672b00554f9504b2493470036	752	14.18
Outer Stone Ring/FRAME_outer_arch_02/FR_outer_arch_02_ROOT/FR_outer_arch_02_P003	OuterArch02FracturePiece003Render Beveled Render			RumbleArenaSandstone	Elemental/Graphics V5/Rumble Rock Lit	91fc0cc0e76ed8348bf172edefa7fd44	977	13.31
Outer Stone Ring/FRAME_outer_arch_02/FR_outer_arch_02_ROOT/FR_outer_arch_02_P003	OuterArch02FracturePiece003Render Beveled Render			RumbleSandstoneFractureInterior	Elemental/Graphics V5/Rumble Rock Lit	e318bcc672b00554f9504b2493470036	977	13.31
Outer Stone Ring/FRAME_outer_arch_02/FR_outer_arch_02_ROOT/FR_outer_arch_02_P004	OuterArch02FracturePiece004Render Beveled Render			RumbleArenaSandstone	Elemental/Graphics V5/Rumble Rock Lit	91fc0cc0e76ed8348bf172edefa7fd44	1270	14.06
Outer Stone Ring/FRAME_outer_arch_02/FR_outer_arch_02_ROOT/FR_outer_arch_02_P004	OuterArch02FracturePiece004Render Beveled Render			RumbleSandstoneFractureInterior	Elemental/Graphics V5/Rumble Rock Lit	e318bcc672b00554f9504b2493470036	1270	14.06
Outer Stone Ring/FRAME_outer_arch_02/FR_outer_arch_02_ROOT/FR_outer_arch_02_P005	OuterArch02FracturePiece005Render Beveled Render			RumbleArenaSandstone	Elemental/Graphics V5/Rumble Rock Lit	91fc0cc0e76ed8348bf172edefa7fd44	1590	14.20
Outer Stone Ring/FRAME_outer_arch_02/FR_outer_arch_02_ROOT/FR_outer_arch_02_P005	OuterArch02FracturePiece005Render Beveled Render			RumbleSandstoneFractureInterior	Elemental/Graphics V5/Rumble Rock Lit	e318bcc672b00554f9504b2493470036	1590	14.20
Outer Stone Ring/FRAME_outer_arch_02/FR_outer_arch_02_ROOT/FR_outer_arch_02_P006	OuterArch02FracturePiece006Render Beveled Render			RumbleArenaSandstone	Elemental/Graphics V5/Rumble Rock Lit	91fc0cc0e76ed8348bf172edefa7fd44	751	14.69
Outer Stone Ring/FRAME_outer_arch_02/FR_outer_arch_02_ROOT/FR_outer_arch_02_P006	OuterArch02FracturePiece006Render Beveled Render			RumbleSandstoneFractureInterior	Elemental/Graphics V5/Rumble Rock Lit	e318bcc672b00554f9504b2493470036	751	14.69
Outer Stone Ring/FRAME_outer_arch_02/FR_outer_arch_02_ROOT/FR_outer_arch_02_P007	OuterArch02FracturePiece007Render Beveled Render			RumbleArenaSandstone	Elemental/Graphics V5/Rumble Rock Lit	91fc0cc0e76ed8348bf172edefa7fd44	1312	14.06
Outer Stone Ring/FRAME_outer_arch_02/FR_outer_arch_02_ROOT/FR_outer_arch_02_P007	OuterArch02FracturePiece007Render Beveled Render			RumbleSandstoneFractureInterior	Elemental/Graphics V5/Rumble Rock Lit	e318bcc672b00554f9504b2493470036	1312	14.06
Outer Stone Ring/FRAME_outer_arch_02/FR_outer_arch_02_ROOT/FR_outer_arch_02_P008	OuterArch02FracturePiece008Render Beveled Render			RumbleArenaSandstone	Elemental/Graphics V5/Rumble Rock Lit	91fc0cc0e76ed8348bf172edefa7fd44	644	13.37
Outer Stone Ring/FRAME_outer_arch_02/FR_outer_arch_02_ROOT/FR_outer_arch_02_P008	OuterArch02FracturePiece008Render Beveled Render			RumbleSandstoneFractureInterior	Elemental/Graphics V5/Rumble Rock Lit	e318bcc672b00554f9504b2493470036	644	13.37
Outer Stone Ring/FRAME_outer_arch_02/FR_outer_arch_02_ROOT/FR_outer_arch_02_P009	OuterArch02FracturePiece009Render Beveled Render			RumbleArenaSandstone	Elemental/Graphics V5/Rumble Rock Lit	91fc0cc0e76ed8348bf172edefa7fd44	1151	12.60
Outer Stone Ring/FRAME_outer_arch_02/FR_outer_arch_02_ROOT/FR_outer_arch_02_P009	OuterArch02FracturePiece009Render Beveled Render			RumbleSandstoneFractureInterior	Elemental/Graphics V5/Rumble Rock Lit	e318bcc672b00554f9504b2493470036	1151	12.60
Outer Stone Ring/FRAME_outer_arch_02/FR_outer_arch_02_ROOT/FR_outer_arch_02_P010	OuterArch02FracturePiece010Render Beveled Render			RumbleArenaSandstone	Elemental/Graphics V5/Rumble Rock Lit	91fc0cc0e76ed8348bf172edefa7fd44	880	14.26
Outer Stone Ring/FRAME_outer_arch_02/FR_outer_arch_02_ROOT/FR_outer_arch_02_P010	OuterArch02FracturePiece010Render Beveled Render			RumbleSandstoneFractureInterior	Elemental/Graphics V5/Rumble Rock Lit	e318bcc672b00554f9504b2493470036	880	14.26
Outer Stone Ring/FRAME_outer_arch_02/FR_outer_arch_02_ROOT/FR_outer_arch_02_P011	OuterArch02FracturePiece011Render Beveled Render			RumbleArenaSandstone	Elemental/Graphics V5/Rumble Rock Lit	91fc0cc0e76ed8348bf172edefa7fd44	1170	13.59
Outer Stone Ring/FRAME_outer_arch_02/FR_outer_arch_02_ROOT/FR_outer_arch_02_P011	OuterArch02FracturePiece011Render Beveled Render			RumbleSandstoneFractureInterior	Elemental/Graphics V5/Rumble Rock Lit	e318bcc672b00554f9504b2493470036	1170	13.59
Outer Stone Ring/FRAME_outer_arch_02/FR_outer_arch_02_ROOT/FR_outer_arch_02_P012	OuterArch02FracturePiece012Render Beveled Render			RumbleArenaSandstone	Elemental/Graphics V5/Rumble Rock Lit	91fc0cc0e76ed8348bf172edefa7fd44	1082	14.03
Outer Stone Ring/FRAME_outer_arch_02/FR_outer_arch_02_ROOT/FR_outer_arch_02_P012	OuterArch02FracturePiece012Render Beveled Render			RumbleSandstoneFractureInterior	Elemental/Graphics V5/Rumble Rock Lit	e318bcc672b00554f9504b2493470036	1082	14.03
Outer Stone Ring/FRAME_outer_arch_02/FR_outer_arch_02_ROOT/FR_outer_arch_02_P013	OuterArch02FracturePiece013Render Beveled Render			RumbleArenaSandstone	Elemental/Graphics V5/Rumble Rock Lit	91fc0cc0e76ed8348bf172edefa7fd44	695	13.98
Outer Stone Ring/FRAME_outer_arch_02/FR_outer_arch_02_ROOT/FR_outer_arch_02_P013	OuterArch02FracturePiece013Render Beveled Render			RumbleSandstoneFractureInterior	Elemental/Graphics V5/Rumble Rock Lit	e318bcc672b00554f9504b2493470036	695	13.98
Outer Stone Ring/FRAME_outer_arch_02/OuterArch_02_INTACT	OuterArch_02_INTACT	Assets/Elemental/Content/Arena/OuterStoneRing/OuterStoneRing.fbx	702b10277b3fc0b45832c3e7f76e1962	RumbleArenaSandstone	Elemental/Graphics V5/Rumble Rock Lit	91fc0cc0e76ed8348bf172edefa7fd44	6606	13.39
Outer Stone Ring/FRAME_outer_arch_02/OuterArch_02_INTACT	OuterArch_02_INTACT	Assets/Elemental/Content/Arena/OuterStoneRing/OuterStoneRing.fbx	702b10277b3fc0b45832c3e7f76e1962	RumbleSandstoneFractureInterior	Elemental/Graphics V5/Rumble Rock Lit	e318bcc672b00554f9504b2493470036	6606	13.39
Outer Stone Ring/FRAME_outer_arch_02/OuterArch_02_Loose_FR_outer_arch_02_013_FALLEN	OuterArch_02_Loose_FR_outer_arch_02_013_FALLEN Beveled Render			RumbleArenaSandstone	Elemental/Graphics V5/Rumble Rock Lit	91fc0cc0e76ed8348bf172edefa7fd44	924	13.45
Outer Stone Ring/FRAME_outer_arch_02/OuterArch_02_Loose_FR_outer_arch_02_013_FALLEN	OuterArch_02_Loose_FR_outer_arch_02_013_FALLEN Beveled Render			RumbleSandstoneFractureInterior	Elemental/Graphics V5/Rumble Rock Lit	e318bcc672b00554f9504b2493470036	924	13.45
Outer Stone Ring/FRAME_outer_arch_03/FR_outer_arch_03_ROOT/COL_FR_outer_arch_03_P001	COL_FR_outer_arch_03_P001	Assets/Elemental/Content/Arena/OuterStoneRing/OuterStoneRing.fbx	702b10277b3fc0b45832c3e7f76e1962	Lit	Universal Render Pipeline/Lit	31321ba15b8f8eb4c954353edc038b1d	60	17.75
Outer Stone Ring/FRAME_outer_arch_03/FR_outer_arch_03_ROOT/COL_FR_outer_arch_03_P002	COL_FR_outer_arch_03_P002	Assets/Elemental/Content/Arena/OuterStoneRing/OuterStoneRing.fbx	702b10277b3fc0b45832c3e7f76e1962	Lit	Universal Render Pipeline/Lit	31321ba15b8f8eb4c954353edc038b1d	58	18.29
Outer Stone Ring/FRAME_outer_arch_03/FR_outer_arch_03_ROOT/COL_FR_outer_arch_03_P003	COL_FR_outer_arch_03_P003	Assets/Elemental/Content/Arena/OuterStoneRing/OuterStoneRing.fbx	702b10277b3fc0b45832c3e7f76e1962	Lit	Universal Render Pipeline/Lit	31321ba15b8f8eb4c954353edc038b1d	98	19.53
Outer Stone Ring/FRAME_outer_arch_03/FR_outer_arch_03_ROOT/COL_FR_outer_arch_03_P004	COL_FR_outer_arch_03_P004	Assets/Elemental/Content/Arena/OuterStoneRing/OuterStoneRing.fbx	702b10277b3fc0b45832c3e7f76e1962	Lit	Universal Render Pipeline/Lit	31321ba15b8f8eb4c954353edc038b1d	102	18.28
Outer Stone Ring/FRAME_outer_arch_03/FR_outer_arch_03_ROOT/COL_FR_outer_arch_03_P005	COL_FR_outer_arch_03_P005	Assets/Elemental/Content/Arena/OuterStoneRing/OuterStoneRing.fbx	702b10277b3fc0b45832c3e7f76e1962	Lit	Universal Render Pipeline/Lit	31321ba15b8f8eb4c954353edc038b1d	86	18.71
Outer Stone Ring/FRAME_outer_arch_03/FR_outer_arch_03_ROOT/COL_FR_outer_arch_03_P006	COL_FR_outer_arch_03_P006	Assets/Elemental/Content/Arena/OuterStoneRing/OuterStoneRing.fbx	702b10277b3fc0b45832c3e7f76e1962	Lit	Universal Render Pipeline/Lit	31321ba15b8f8eb4c954353edc038b1d	80	17.85
Outer Stone Ring/FRAME_outer_arch_03/FR_outer_arch_03_ROOT/COL_FR_outer_arch_03_P007	COL_FR_outer_arch_03_P007	Assets/Elemental/Content/Arena/OuterStoneRing/OuterStoneRing.fbx	702b10277b3fc0b45832c3e7f76e1962	Lit	Universal Render Pipeline/Lit	31321ba15b8f8eb4c954353edc038b1d	88	19.09
Outer Stone Ring/FRAME_outer_arch_03/FR_outer_arch_03_ROOT/COL_FR_outer_arch_03_P008	COL_FR_outer_arch_03_P008	Assets/Elemental/Content/Arena/OuterStoneRing/OuterStoneRing.fbx	702b10277b3fc0b45832c3e7f76e1962	Lit	Universal Render Pipeline/Lit	31321ba15b8f8eb4c954353edc038b1d	90	19.02
Outer Stone Ring/FRAME_outer_arch_03/FR_outer_arch_03_ROOT/COL_FR_outer_arch_03_P009	COL_FR_outer_arch_03_P009	Assets/Elemental/Content/Arena/OuterStoneRing/OuterStoneRing.fbx	702b10277b3fc0b45832c3e7f76e1962	Lit	Universal Render Pipeline/Lit	31321ba15b8f8eb4c954353edc038b1d	114	19.06
Outer Stone Ring/FRAME_outer_arch_03/FR_outer_arch_03_ROOT/COL_FR_outer_arch_03_P010	COL_FR_outer_arch_03_P010	Assets/Elemental/Content/Arena/OuterStoneRing/OuterStoneRing.fbx	702b10277b3fc0b45832c3e7f76e1962	Lit	Universal Render Pipeline/Lit	31321ba15b8f8eb4c954353edc038b1d	42	18.95
Outer Stone Ring/FRAME_outer_arch_03/FR_outer_arch_03_ROOT/COL_FR_outer_arch_03_P011	COL_FR_outer_arch_03_P011	Assets/Elemental/Content/Arena/OuterStoneRing/OuterStoneRing.fbx	702b10277b3fc0b45832c3e7f76e1962	Lit	Universal Render Pipeline/Lit	31321ba15b8f8eb4c954353edc038b1d	46	17.77
Outer Stone Ring/FRAME_outer_arch_03/FR_outer_arch_03_ROOT/COL_FR_outer_arch_03_P012	COL_FR_outer_arch_03_P012	Assets/Elemental/Content/Arena/OuterStoneRing/OuterStoneRing.fbx	702b10277b3fc0b45832c3e7f76e1962	Lit	Universal Render Pipeline/Lit	31321ba15b8f8eb4c954353edc038b1d	86	17.58
Outer Stone Ring/FRAME_outer_arch_03/FR_outer_arch_03_ROOT/FR_outer_arch_03_P001	OuterArch03FracturePiece001Render Beveled Render			RumbleArenaSandstone	Elemental/Graphics V5/Rumble Rock Lit	91fc0cc0e76ed8348bf172edefa7fd44	905	17.75
Outer Stone Ring/FRAME_outer_arch_03/FR_outer_arch_03_ROOT/FR_outer_arch_03_P001	OuterArch03FracturePiece001Render Beveled Render			RumbleSandstoneFractureInterior	Elemental/Graphics V5/Rumble Rock Lit	e318bcc672b00554f9504b2493470036	905	17.75
Outer Stone Ring/FRAME_outer_arch_03/FR_outer_arch_03_ROOT/FR_outer_arch_03_P002	OuterArch03FracturePiece002Render Beveled Render			RumbleArenaSandstone	Elemental/Graphics V5/Rumble Rock Lit	91fc0cc0e76ed8348bf172edefa7fd44	1502	18.29
Outer Stone Ring/FRAME_outer_arch_03/FR_outer_arch_03_ROOT/FR_outer_arch_03_P002	OuterArch03FracturePiece002Render Beveled Render			RumbleSandstoneFractureInterior	Elemental/Graphics V5/Rumble Rock Lit	e318bcc672b00554f9504b2493470036	1502	18.29
Outer Stone Ring/FRAME_outer_arch_03/FR_outer_arch_03_ROOT/FR_outer_arch_03_P003	OuterArch03FracturePiece003Render Beveled Render			RumbleArenaSandstone	Elemental/Graphics V5/Rumble Rock Lit	91fc0cc0e76ed8348bf172edefa7fd44	824	19.53
Outer Stone Ring/FRAME_outer_arch_03/FR_outer_arch_03_ROOT/FR_outer_arch_03_P003	OuterArch03FracturePiece003Render Beveled Render			RumbleSandstoneFractureInterior	Elemental/Graphics V5/Rumble Rock Lit	e318bcc672b00554f9504b2493470036	824	19.53
Outer Stone Ring/FRAME_outer_arch_03/FR_outer_arch_03_ROOT/FR_outer_arch_03_P004	OuterArch03FracturePiece004Render Beveled Render			RumbleArenaSandstone	Elemental/Graphics V5/Rumble Rock Lit	91fc0cc0e76ed8348bf172edefa7fd44	976	18.28
Outer Stone Ring/FRAME_outer_arch_03/FR_outer_arch_03_ROOT/FR_outer_arch_03_P004	OuterArch03FracturePiece004Render Beveled Render			RumbleSandstoneFractureInterior	Elemental/Graphics V5/Rumble Rock Lit	e318bcc672b00554f9504b2493470036	976	18.28
Outer Stone Ring/FRAME_outer_arch_03/FR_outer_arch_03_ROOT/FR_outer_arch_03_P005	OuterArch03FracturePiece005Render Beveled Render			RumbleArenaSandstone	Elemental/Graphics V5/Rumble Rock Lit	91fc0cc0e76ed8348bf172edefa7fd44	809	18.71
Outer Stone Ring/FRAME_outer_arch_03/FR_outer_arch_03_ROOT/FR_outer_arch_03_P005	OuterArch03FracturePiece005Render Beveled Render			RumbleSandstoneFractureInterior	Elemental/Graphics V5/Rumble Rock Lit	e318bcc672b00554f9504b2493470036	809	18.71
Outer Stone Ring/FRAME_outer_arch_03/FR_outer_arch_03_ROOT/FR_outer_arch_03_P006	OuterArch03FracturePiece006Render Beveled Render			RumbleArenaSandstone	Elemental/Graphics V5/Rumble Rock Lit	91fc0cc0e76ed8348bf172edefa7fd44	949	17.85
Outer Stone Ring/FRAME_outer_arch_03/FR_outer_arch_03_ROOT/FR_outer_arch_03_P006	OuterArch03FracturePiece006Render Beveled Render			RumbleSandstoneFractureInterior	Elemental/Graphics V5/Rumble Rock Lit	e318bcc672b00554f9504b2493470036	949	17.85
Outer Stone Ring/FRAME_outer_arch_03/FR_outer_arch_03_ROOT/FR_outer_arch_03_P007	OuterArch03FracturePiece007Render Beveled Render			RumbleArenaSandstone	Elemental/Graphics V5/Rumble Rock Lit	91fc0cc0e76ed8348bf172edefa7fd44	1267	19.09
Outer Stone Ring/FRAME_outer_arch_03/FR_outer_arch_03_ROOT/FR_outer_arch_03_P007	OuterArch03FracturePiece007Render Beveled Render			RumbleSandstoneFractureInterior	Elemental/Graphics V5/Rumble Rock Lit	e318bcc672b00554f9504b2493470036	1267	19.09
Outer Stone Ring/FRAME_outer_arch_03/FR_outer_arch_03_ROOT/FR_outer_arch_03_P008	OuterArch03FracturePiece008Render Beveled Render			RumbleArenaSandstone	Elemental/Graphics V5/Rumble Rock Lit	91fc0cc0e76ed8348bf172edefa7fd44	1234	19.02
Outer Stone Ring/FRAME_outer_arch_03/FR_outer_arch_03_ROOT/FR_outer_arch_03_P008	OuterArch03FracturePiece008Render Beveled Render			RumbleSandstoneFractureInterior	Elemental/Graphics V5/Rumble Rock Lit	e318bcc672b00554f9504b2493470036	1234	19.02
Outer Stone Ring/FRAME_outer_arch_03/FR_outer_arch_03_ROOT/FR_outer_arch_03_P009	OuterArch03FracturePiece009Render Beveled Render			RumbleArenaSandstone	Elemental/Graphics V5/Rumble Rock Lit	91fc0cc0e76ed8348bf172edefa7fd44	868	19.06
Outer Stone Ring/FRAME_outer_arch_03/FR_outer_arch_03_ROOT/FR_outer_arch_03_P009	OuterArch03FracturePiece009Render Beveled Render			RumbleSandstoneFractureInterior	Elemental/Graphics V5/Rumble Rock Lit	e318bcc672b00554f9504b2493470036	868	19.06
Outer Stone Ring/FRAME_outer_arch_03/FR_outer_arch_03_ROOT/FR_outer_arch_03_P010	OuterArch03FracturePiece010Render Beveled Render			RumbleArenaSandstone	Elemental/Graphics V5/Rumble Rock Lit	91fc0cc0e76ed8348bf172edefa7fd44	367	18.95
Outer Stone Ring/FRAME_outer_arch_03/FR_outer_arch_03_ROOT/FR_outer_arch_03_P010	OuterArch03FracturePiece010Render Beveled Render			RumbleSandstoneFractureInterior	Elemental/Graphics V5/Rumble Rock Lit	e318bcc672b00554f9504b2493470036	367	18.95
Outer Stone Ring/FRAME_outer_arch_03/FR_outer_arch_03_ROOT/FR_outer_arch_03_P011	OuterArch03FracturePiece011Render Beveled Render			RumbleArenaSandstone	Elemental/Graphics V5/Rumble Rock Lit	91fc0cc0e76ed8348bf172edefa7fd44	402	17.77
Outer Stone Ring/FRAME_outer_arch_03/FR_outer_arch_03_ROOT/FR_outer_arch_03_P011	OuterArch03FracturePiece011Render Beveled Render			RumbleSandstoneFractureInterior	Elemental/Graphics V5/Rumble Rock Lit	e318bcc672b00554f9504b2493470036	402	17.77
Outer Stone Ring/FRAME_outer_arch_03/FR_outer_arch_03_ROOT/FR_outer_arch_03_P012	OuterArch03FracturePiece012Render Beveled Render			RumbleArenaSandstone	Elemental/Graphics V5/Rumble Rock Lit	91fc0cc0e76ed8348bf172edefa7fd44	1001	17.58
Outer Stone Ring/FRAME_outer_arch_03/FR_outer_arch_03_ROOT/FR_outer_arch_03_P012	OuterArch03FracturePiece012Render Beveled Render			RumbleSandstoneFractureInterior	Elemental/Graphics V5/Rumble Rock Lit	e318bcc672b00554f9504b2493470036	1001	17.58
Outer Stone Ring/FRAME_outer_arch_03/OuterArch_03_INTACT	OuterArch_03_INTACT	Assets/Elemental/Content/Arena/OuterStoneRing/OuterStoneRing.fbx	702b10277b3fc0b45832c3e7f76e1962	RumbleArenaSandstone	Elemental/Graphics V5/Rumble Rock Lit	91fc0cc0e76ed8348bf172edefa7fd44	5212	18.32
Outer Stone Ring/FRAME_outer_arch_03/OuterArch_03_INTACT	OuterArch_03_INTACT	Assets/Elemental/Content/Arena/OuterStoneRing/OuterStoneRing.fbx	702b10277b3fc0b45832c3e7f76e1962	RumbleSandstoneFractureInterior	Elemental/Graphics V5/Rumble Rock Lit	e318bcc672b00554f9504b2493470036	5212	18.32
Outer Stone Ring/FRAME_outer_arch_03/OuterArch_03_Loose_FR_outer_arch_03_012_FALLEN	OuterArch_03_Loose_FR_outer_arch_03_012_FALLEN Beveled Render			RumbleArenaSandstone	Elemental/Graphics V5/Rumble Rock Lit	91fc0cc0e76ed8348bf172edefa7fd44	2438	20.98
Outer Stone Ring/FRAME_outer_arch_03/OuterArch_03_Loose_FR_outer_arch_03_012_FALLEN	OuterArch_03_Loose_FR_outer_arch_03_012_FALLEN Beveled Render			RumbleSandstoneFractureInterior	Elemental/Graphics V5/Rumble Rock Lit	e318bcc672b00554f9504b2493470036	2438	20.98
Outer Stone Ring/FRAME_outer_arch_04/FR_outer_arch_04_ROOT/COL_FR_outer_arch_04_P001	COL_FR_outer_arch_04_P001	Assets/Elemental/Content/Arena/OuterStoneRing/OuterStoneRing.fbx	702b10277b3fc0b45832c3e7f76e1962	Lit	Universal Render Pipeline/Lit	31321ba15b8f8eb4c954353edc038b1d	188	18.67
Outer Stone Ring/FRAME_outer_arch_04/FR_outer_arch_04_ROOT/COL_FR_outer_arch_04_P002	COL_FR_outer_arch_04_P002	Assets/Elemental/Content/Arena/OuterStoneRing/OuterStoneRing.fbx	702b10277b3fc0b45832c3e7f76e1962	Lit	Universal Render Pipeline/Lit	31321ba15b8f8eb4c954353edc038b1d	146	21.38
Outer Stone Ring/FRAME_outer_arch_04/FR_outer_arch_04_ROOT/COL_FR_outer_arch_04_P003	COL_FR_outer_arch_04_P003	Assets/Elemental/Content/Arena/OuterStoneRing/OuterStoneRing.fbx	702b10277b3fc0b45832c3e7f76e1962	Lit	Universal Render Pipeline/Lit	31321ba15b8f8eb4c954353edc038b1d	108	20.29
Outer Stone Ring/FRAME_outer_arch_04/FR_outer_arch_04_ROOT/COL_FR_outer_arch_04_P004	COL_FR_outer_arch_04_P004	Assets/Elemental/Content/Arena/OuterStoneRing/OuterStoneRing.fbx	702b10277b3fc0b45832c3e7f76e1962	Lit	Universal Render Pipeline/Lit	31321ba15b8f8eb4c954353edc038b1d	82	20.44
Outer Stone Ring/FRAME_outer_arch_04/FR_outer_arch_04_ROOT/COL_FR_outer_arch_04_P005	COL_FR_outer_arch_04_P005	Assets/Elemental/Content/Arena/OuterStoneRing/OuterStoneRing.fbx	702b10277b3fc0b45832c3e7f76e1962	Lit	Universal Render Pipeline/Lit	31321ba15b8f8eb4c954353edc038b1d	78	18.36
Outer Stone Ring/FRAME_outer_arch_04/FR_outer_arch_04_ROOT/COL_FR_outer_arch_04_P006	COL_FR_outer_arch_04_P006	Assets/Elemental/Content/Arena/OuterStoneRing/OuterStoneRing.fbx	702b10277b3fc0b45832c3e7f76e1962	Lit	Universal Render Pipeline/Lit	31321ba15b8f8eb4c954353edc038b1d	134	19.49
Outer Stone Ring/FRAME_outer_arch_04/FR_outer_arch_04_ROOT/COL_FR_outer_arch_04_P007	COL_FR_outer_arch_04_P007	Assets/Elemental/Content/Arena/OuterStoneRing/OuterStoneRing.fbx	702b10277b3fc0b45832c3e7f76e1962	Lit	Universal Render Pipeline/Lit	31321ba15b8f8eb4c954353edc038b1d	86	19.51
Outer Stone Ring/FRAME_outer_arch_04/FR_outer_arch_04_ROOT/COL_FR_outer_arch_04_P008	COL_FR_outer_arch_04_P008	Assets/Elemental/Content/Arena/OuterStoneRing/OuterStoneRing.fbx	702b10277b3fc0b45832c3e7f76e1962	Lit	Universal Render Pipeline/Lit	31321ba15b8f8eb4c954353edc038b1d	62	19.71
Outer Stone Ring/FRAME_outer_arch_04/FR_outer_arch_04_ROOT/COL_FR_outer_arch_04_P009	COL_FR_outer_arch_04_P009	Assets/Elemental/Content/Arena/OuterStoneRing/OuterStoneRing.fbx	702b10277b3fc0b45832c3e7f76e1962	Lit	Universal Render Pipeline/Lit	31321ba15b8f8eb4c954353edc038b1d	126	21.27
Outer Stone Ring/FRAME_outer_arch_04/FR_outer_arch_04_ROOT/COL_FR_outer_arch_04_P010	COL_FR_outer_arch_04_P010	Assets/Elemental/Content/Arena/OuterStoneRing/OuterStoneRing.fbx	702b10277b3fc0b45832c3e7f76e1962	Lit	Universal Render Pipeline/Lit	31321ba15b8f8eb4c954353edc038b1d	88	20.18
Outer Stone Ring/FRAME_outer_arch_04/FR_outer_arch_04_ROOT/COL_FR_outer_arch_04_P011	COL_FR_outer_arch_04_P011	Assets/Elemental/Content/Arena/OuterStoneRing/OuterStoneRing.fbx	702b10277b3fc0b45832c3e7f76e1962	Lit	Universal Render Pipeline/Lit	31321ba15b8f8eb4c954353edc038b1d	96	20.56
Outer Stone Ring/FRAME_outer_arch_04/FR_outer_arch_04_ROOT/COL_FR_outer_arch_04_P012	COL_FR_outer_arch_04_P012	Assets/Elemental/Content/Arena/OuterStoneRing/OuterStoneRing.fbx	702b10277b3fc0b45832c3e7f76e1962	Lit	Universal Render Pipeline/Lit	31321ba15b8f8eb4c954353edc038b1d	64	20.60
Outer Stone Ring/FRAME_outer_arch_04/FR_outer_arch_04_ROOT/COL_FR_outer_arch_04_P013	COL_FR_outer_arch_04_P013	Assets/Elemental/Content/Arena/OuterStoneRing/OuterStoneRing.fbx	702b10277b3fc0b45832c3e7f76e1962	Lit	Universal Render Pipeline/Lit	31321ba15b8f8eb4c954353edc038b1d	114	20.85
Outer Stone Ring/FRAME_outer_arch_04/FR_outer_arch_04_ROOT/COL_FR_outer_arch_04_P014	COL_FR_outer_arch_04_P014	Assets/Elemental/Content/Arena/OuterStoneRing/OuterStoneRing.fbx	702b10277b3fc0b45832c3e7f76e1962	Lit	Universal Render Pipeline/Lit	31321ba15b8f8eb4c954353edc038b1d	108	21.03
Outer Stone Ring/FRAME_outer_arch_04/FR_outer_arch_04_ROOT/FR_outer_arch_04_P001	OuterArch04FracturePiece001Render Beveled Render			RumbleArenaSandstone	Elemental/Graphics V5/Rumble Rock Lit	91fc0cc0e76ed8348bf172edefa7fd44	1699	18.67
Outer Stone Ring/FRAME_outer_arch_04/FR_outer_arch_04_ROOT/FR_outer_arch_04_P001	OuterArch04FracturePiece001Render Beveled Render			RumbleSandstoneFractureInterior	Elemental/Graphics V5/Rumble Rock Lit	e318bcc672b00554f9504b2493470036	1699	18.67
Outer Stone Ring/FRAME_outer_arch_04/FR_outer_arch_04_ROOT/FR_outer_arch_04_P002	OuterArch04FracturePiece002Render Beveled Render			RumbleArenaSandstone	Elemental/Graphics V5/Rumble Rock Lit	91fc0cc0e76ed8348bf172edefa7fd44	723	21.38
Outer Stone Ring/FRAME_outer_arch_04/FR_outer_arch_04_ROOT/FR_outer_arch_04_P002	OuterArch04FracturePiece002Render Beveled Render			RumbleSandstoneFractureInterior	Elemental/Graphics V5/Rumble Rock Lit	e318bcc672b00554f9504b2493470036	723	21.38
Outer Stone Ring/FRAME_outer_arch_04/FR_outer_arch_04_ROOT/FR_outer_arch_04_P003	OuterArch04FracturePiece003Render Beveled Render			RumbleArenaSandstone	Elemental/Graphics V5/Rumble Rock Lit	91fc0cc0e76ed8348bf172edefa7fd44	1122	20.29
Outer Stone Ring/FRAME_outer_arch_04/FR_outer_arch_04_ROOT/FR_outer_arch_04_P003	OuterArch04FracturePiece003Render Beveled Render			RumbleSandstoneFractureInterior	Elemental/Graphics V5/Rumble Rock Lit	e318bcc672b00554f9504b2493470036	1122	20.29
Outer Stone Ring/FRAME_outer_arch_04/FR_outer_arch_04_ROOT/FR_outer_arch_04_P004	OuterArch04FracturePiece004Render Beveled Render			RumbleArenaSandstone	Elemental/Graphics V5/Rumble Rock Lit	91fc0cc0e76ed8348bf172edefa7fd44	1608	20.44
Outer Stone Ring/FRAME_outer_arch_04/FR_outer_arch_04_ROOT/FR_outer_arch_04_P004	OuterArch04FracturePiece004Render Beveled Render			RumbleSandstoneFractureInterior	Elemental/Graphics V5/Rumble Rock Lit	e318bcc672b00554f9504b2493470036	1608	20.44
Outer Stone Ring/FRAME_outer_arch_04/FR_outer_arch_04_ROOT/FR_outer_arch_04_P005	OuterArch04FracturePiece005Render Beveled Render			RumbleArenaSandstone	Elemental/Graphics V5/Rumble Rock Lit	91fc0cc0e76ed8348bf172edefa7fd44	722	18.36
Outer Stone Ring/FRAME_outer_arch_04/FR_outer_arch_04_ROOT/FR_outer_arch_04_P005	OuterArch04FracturePiece005Render Beveled Render			RumbleSandstoneFractureInterior	Elemental/Graphics V5/Rumble Rock Lit	e318bcc672b00554f9504b2493470036	722	18.36
Outer Stone Ring/FRAME_outer_arch_04/FR_outer_arch_04_ROOT/FR_outer_arch_04_P006	OuterArch04FracturePiece006Render Beveled Render			RumbleArenaSandstone	Elemental/Graphics V5/Rumble Rock Lit	91fc0cc0e76ed8348bf172edefa7fd44	1568	19.49
Outer Stone Ring/FRAME_outer_arch_04/FR_outer_arch_04_ROOT/FR_outer_arch_04_P006	OuterArch04FracturePiece006Render Beveled Render			RumbleSandstoneFractureInterior	Elemental/Graphics V5/Rumble Rock Lit	e318bcc672b00554f9504b2493470036	1568	19.49
Outer Stone Ring/FRAME_outer_arch_04/FR_outer_arch_04_ROOT/FR_outer_arch_04_P007	OuterArch04FracturePiece007Render Beveled Render			RumbleArenaSandstone	Elemental/Graphics V5/Rumble Rock Lit	91fc0cc0e76ed8348bf172edefa7fd44	1359	19.51
Outer Stone Ring/FRAME_outer_arch_04/FR_outer_arch_04_ROOT/FR_outer_arch_04_P007	OuterArch04FracturePiece007Render Beveled Render			RumbleSandstoneFractureInterior	Elemental/Graphics V5/Rumble Rock Lit	e318bcc672b00554f9504b2493470036	1359	19.51
Outer Stone Ring/FRAME_outer_arch_04/FR_outer_arch_04_ROOT/FR_outer_arch_04_P008	OuterArch04FracturePiece008Render Beveled Render			RumbleArenaSandstone	Elemental/Graphics V5/Rumble Rock Lit	91fc0cc0e76ed8348bf172edefa7fd44	838	19.71
Outer Stone Ring/FRAME_outer_arch_04/FR_outer_arch_04_ROOT/FR_outer_arch_04_P008	OuterArch04FracturePiece008Render Beveled Render			RumbleSandstoneFractureInterior	Elemental/Graphics V5/Rumble Rock Lit	e318bcc672b00554f9504b2493470036	838	19.71
Outer Stone Ring/FRAME_outer_arch_04/FR_outer_arch_04_ROOT/FR_outer_arch_04_P009	OuterArch04FracturePiece009Render Beveled Render			RumbleArenaSandstone	Elemental/Graphics V5/Rumble Rock Lit	91fc0cc0e76ed8348bf172edefa7fd44	738	21.27
Outer Stone Ring/FRAME_outer_arch_04/FR_outer_arch_04_ROOT/FR_outer_arch_04_P009	OuterArch04FracturePiece009Render Beveled Render			RumbleSandstoneFractureInterior	Elemental/Graphics V5/Rumble Rock Lit	e318bcc672b00554f9504b2493470036	738	21.27
Outer Stone Ring/FRAME_outer_arch_04/FR_outer_arch_04_ROOT/FR_outer_arch_04_P010	OuterArch04FracturePiece010Render Beveled Render			RumbleArenaSandstone	Elemental/Graphics V5/Rumble Rock Lit	91fc0cc0e76ed8348bf172edefa7fd44	990	20.18
Outer Stone Ring/FRAME_outer_arch_04/FR_outer_arch_04_ROOT/FR_outer_arch_04_P010	OuterArch04FracturePiece010Render Beveled Render			RumbleSandstoneFractureInterior	Elemental/Graphics V5/Rumble Rock Lit	e318bcc672b00554f9504b2493470036	990	20.18
Outer Stone Ring/FRAME_outer_arch_04/FR_outer_arch_04_ROOT/FR_outer_arch_04_P011	OuterArch04FracturePiece011Render Beveled Render			RumbleArenaSandstone	Elemental/Graphics V5/Rumble Rock Lit	91fc0cc0e76ed8348bf172edefa7fd44	708	20.56
Outer Stone Ring/FRAME_outer_arch_04/FR_outer_arch_04_ROOT/FR_outer_arch_04_P011	OuterArch04FracturePiece011Render Beveled Render			RumbleSandstoneFractureInterior	Elemental/Graphics V5/Rumble Rock Lit	e318bcc672b00554f9504b2493470036	708	20.56
Outer Stone Ring/FRAME_outer_arch_04/FR_outer_arch_04_ROOT/FR_outer_arch_04_P012	OuterArch04FracturePiece012Render Beveled Render			RumbleArenaSandstone	Elemental/Graphics V5/Rumble Rock Lit	91fc0cc0e76ed8348bf172edefa7fd44	401	20.60
Outer Stone Ring/FRAME_outer_arch_04/FR_outer_arch_04_ROOT/FR_outer_arch_04_P012	OuterArch04FracturePiece012Render Beveled Render			RumbleSandstoneFractureInterior	Elemental/Graphics V5/Rumble Rock Lit	e318bcc672b00554f9504b2493470036	401	20.60
Outer Stone Ring/FRAME_outer_arch_04/FR_outer_arch_04_ROOT/FR_outer_arch_04_P013	OuterArch04FracturePiece013Render Beveled Render			RumbleArenaSandstone	Elemental/Graphics V5/Rumble Rock Lit	91fc0cc0e76ed8348bf172edefa7fd44	1218	20.85
Outer Stone Ring/FRAME_outer_arch_04/FR_outer_arch_04_ROOT/FR_outer_arch_04_P013	OuterArch04FracturePiece013Render Beveled Render			RumbleSandstoneFractureInterior	Elemental/Graphics V5/Rumble Rock Lit	e318bcc672b00554f9504b2493470036	1218	20.85
Outer Stone Ring/FRAME_outer_arch_04/FR_outer_arch_04_ROOT/FR_outer_arch_04_P014	OuterArch04FracturePiece014Render Beveled Render			RumbleArenaSandstone	Elemental/Graphics V5/Rumble Rock Lit	91fc0cc0e76ed8348bf172edefa7fd44	920	21.03
Outer Stone Ring/FRAME_outer_arch_04/FR_outer_arch_04_ROOT/FR_outer_arch_04_P014	OuterArch04FracturePiece014Render Beveled Render			RumbleSandstoneFractureInterior	Elemental/Graphics V5/Rumble Rock Lit	e318bcc672b00554f9504b2493470036	920	21.03
Outer Stone Ring/FRAME_outer_arch_04/OuterArch_04_INTACT	OuterArch_04_INTACT	Assets/Elemental/Content/Arena/OuterStoneRing/OuterStoneRing.fbx	702b10277b3fc0b45832c3e7f76e1962	RumbleArenaSandstone	Elemental/Graphics V5/Rumble Rock Lit	91fc0cc0e76ed8348bf172edefa7fd44	11240	19.37
Outer Stone Ring/FRAME_outer_arch_04/OuterArch_04_INTACT	OuterArch_04_INTACT	Assets/Elemental/Content/Arena/OuterStoneRing/OuterStoneRing.fbx	702b10277b3fc0b45832c3e7f76e1962	RumbleSandstoneFractureInterior	Elemental/Graphics V5/Rumble Rock Lit	e318bcc672b00554f9504b2493470036	11240	19.37
Outer Stone Ring/FRAME_outer_arch_05/FR_outer_arch_05_ROOT/COL_FR_outer_arch_05_P001	COL_FR_outer_arch_05_P001	Assets/Elemental/Content/Arena/OuterStoneRing/OuterStoneRing.fbx	702b10277b3fc0b45832c3e7f76e1962	Lit	Universal Render Pipeline/Lit	31321ba15b8f8eb4c954353edc038b1d	100	19.01
Outer Stone Ring/FRAME_outer_arch_05/FR_outer_arch_05_ROOT/COL_FR_outer_arch_05_P002	COL_FR_outer_arch_05_P002	Assets/Elemental/Content/Arena/OuterStoneRing/OuterStoneRing.fbx	702b10277b3fc0b45832c3e7f76e1962	Lit	Universal Render Pipeline/Lit	31321ba15b8f8eb4c954353edc038b1d	84	17.59
Outer Stone Ring/FRAME_outer_arch_05/FR_outer_arch_05_ROOT/COL_FR_outer_arch_05_P003	COL_FR_outer_arch_05_P003	Assets/Elemental/Content/Arena/OuterStoneRing/OuterStoneRing.fbx	702b10277b3fc0b45832c3e7f76e1962	Lit	Universal Render Pipeline/Lit	31321ba15b8f8eb4c954353edc038b1d	110	18.01
Outer Stone Ring/FRAME_outer_arch_05/FR_outer_arch_05_ROOT/COL_FR_outer_arch_05_P004	COL_FR_outer_arch_05_P004	Assets/Elemental/Content/Arena/OuterStoneRing/OuterStoneRing.fbx	702b10277b3fc0b45832c3e7f76e1962	Lit	Universal Render Pipeline/Lit	31321ba15b8f8eb4c954353edc038b1d	88	18.42
Outer Stone Ring/FRAME_outer_arch_05/FR_outer_arch_05_ROOT/COL_FR_outer_arch_05_P005	COL_FR_outer_arch_05_P005	Assets/Elemental/Content/Arena/OuterStoneRing/OuterStoneRing.fbx	702b10277b3fc0b45832c3e7f76e1962	Lit	Universal Render Pipeline/Lit	31321ba15b8f8eb4c954353edc038b1d	102	19.04
Outer Stone Ring/FRAME_outer_arch_05/FR_outer_arch_05_ROOT/COL_FR_outer_arch_05_P006	COL_FR_outer_arch_05_P006	Assets/Elemental/Content/Arena/OuterStoneRing/OuterStoneRing.fbx	702b10277b3fc0b45832c3e7f76e1962	Lit	Universal Render Pipeline/Lit	31321ba15b8f8eb4c954353edc038b1d	82	18.02
Outer Stone Ring/FRAME_outer_arch_05/FR_outer_arch_05_ROOT/COL_FR_outer_arch_05_P007	COL_FR_outer_arch_05_P007	Assets/Elemental/Content/Arena/OuterStoneRing/OuterStoneRing.fbx	702b10277b3fc0b45832c3e7f76e1962	Lit	Universal Render Pipeline/Lit	31321ba15b8f8eb4c954353edc038b1d	166	19.85
Outer Stone Ring/FRAME_outer_arch_05/FR_outer_arch_05_ROOT/COL_FR_outer_arch_05_P008	COL_FR_outer_arch_05_P008	Assets/Elemental/Content/Arena/OuterStoneRing/OuterStoneRing.fbx	702b10277b3fc0b45832c3e7f76e1962	Lit	Universal Render Pipeline/Lit	31321ba15b8f8eb4c954353edc038b1d	100	19.15
Outer Stone Ring/FRAME_outer_arch_05/FR_outer_arch_05_ROOT/COL_FR_outer_arch_05_P009	COL_FR_outer_arch_05_P009	Assets/Elemental/Content/Arena/OuterStoneRing/OuterStoneRing.fbx	702b10277b3fc0b45832c3e7f76e1962	Lit	Universal Render Pipeline/Lit	31321ba15b8f8eb4c954353edc038b1d	104	19.39
Outer Stone Ring/FRAME_outer_arch_05/FR_outer_arch_05_ROOT/COL_FR_outer_arch_05_P010	COL_FR_outer_arch_05_P010	Assets/Elemental/Content/Arena/OuterStoneRing/OuterStoneRing.fbx	702b10277b3fc0b45832c3e7f76e1962	Lit	Universal Render Pipeline/Lit	31321ba15b8f8eb4c954353edc038b1d	106	19.79
Outer Stone Ring/FRAME_outer_arch_05/FR_outer_arch_05_ROOT/COL_FR_outer_arch_05_P011	COL_FR_outer_arch_05_P011	Assets/Elemental/Content/Arena/OuterStoneRing/OuterStoneRing.fbx	702b10277b3fc0b45832c3e7f76e1962	Lit	Universal Render Pipeline/Lit	31321ba15b8f8eb4c954353edc038b1d	42	18.73
Outer Stone Ring/FRAME_outer_arch_05/FR_outer_arch_05_ROOT/COL_FR_outer_arch_05_P012	COL_FR_outer_arch_05_P012	Assets/Elemental/Content/Arena/OuterStoneRing/OuterStoneRing.fbx	702b10277b3fc0b45832c3e7f76e1962	Lit	Universal Render Pipeline/Lit	31321ba15b8f8eb4c954353edc038b1d	126	18.75
Outer Stone Ring/FRAME_outer_arch_05/FR_outer_arch_05_ROOT/FR_outer_arch_05_P001	OuterArch05FracturePiece001Render Beveled Render			RumbleArenaSandstone	Elemental/Graphics V5/Rumble Rock Lit	91fc0cc0e76ed8348bf172edefa7fd44	1605	19.01
Outer Stone Ring/FRAME_outer_arch_05/FR_outer_arch_05_ROOT/FR_outer_arch_05_P001	OuterArch05FracturePiece001Render Beveled Render			RumbleSandstoneFractureInterior	Elemental/Graphics V5/Rumble Rock Lit	e318bcc672b00554f9504b2493470036	1605	19.01
Outer Stone Ring/FRAME_outer_arch_05/FR_outer_arch_05_ROOT/FR_outer_arch_05_P002	OuterArch05FracturePiece002Render Beveled Render			RumbleArenaSandstone	Elemental/Graphics V5/Rumble Rock Lit	91fc0cc0e76ed8348bf172edefa7fd44	1046	17.59
Outer Stone Ring/FRAME_outer_arch_05/FR_outer_arch_05_ROOT/FR_outer_arch_05_P002	OuterArch05FracturePiece002Render Beveled Render			RumbleSandstoneFractureInterior	Elemental/Graphics V5/Rumble Rock Lit	e318bcc672b00554f9504b2493470036	1046	17.59
Outer Stone Ring/FRAME_outer_arch_05/FR_outer_arch_05_ROOT/FR_outer_arch_05_P003	OuterArch05FracturePiece003Render Beveled Render			RumbleArenaSandstone	Elemental/Graphics V5/Rumble Rock Lit	91fc0cc0e76ed8348bf172edefa7fd44	1210	18.01
Outer Stone Ring/FRAME_outer_arch_05/FR_outer_arch_05_ROOT/FR_outer_arch_05_P003	OuterArch05FracturePiece003Render Beveled Render			RumbleSandstoneFractureInterior	Elemental/Graphics V5/Rumble Rock Lit	e318bcc672b00554f9504b2493470036	1210	18.01
Outer Stone Ring/FRAME_outer_arch_05/FR_outer_arch_05_ROOT/FR_outer_arch_05_P004	OuterArch05FracturePiece004Render Beveled Render			RumbleArenaSandstone	Elemental/Graphics V5/Rumble Rock Lit	91fc0cc0e76ed8348bf172edefa7fd44	1280	18.42
Outer Stone Ring/FRAME_outer_arch_05/FR_outer_arch_05_ROOT/FR_outer_arch_05_P004	OuterArch05FracturePiece004Render Beveled Render			RumbleSandstoneFractureInterior	Elemental/Graphics V5/Rumble Rock Lit	e318bcc672b00554f9504b2493470036	1280	18.42
Outer Stone Ring/FRAME_outer_arch_05/FR_outer_arch_05_ROOT/FR_outer_arch_05_P005	OuterArch05FracturePiece005Render Beveled Render			RumbleArenaSandstone	Elemental/Graphics V5/Rumble Rock Lit	91fc0cc0e76ed8348bf172edefa7fd44	1018	19.04
Outer Stone Ring/FRAME_outer_arch_05/FR_outer_arch_05_ROOT/FR_outer_arch_05_P005	OuterArch05FracturePiece005Render Beveled Render			RumbleSandstoneFractureInterior	Elemental/Graphics V5/Rumble Rock Lit	e318bcc672b00554f9504b2493470036	1018	19.04
Outer Stone Ring/FRAME_outer_arch_05/FR_outer_arch_05_ROOT/FR_outer_arch_05_P006	OuterArch05FracturePiece006Render Beveled Render			RumbleArenaSandstone	Elemental/Graphics V5/Rumble Rock Lit	91fc0cc0e76ed8348bf172edefa7fd44	1102	18.02
Outer Stone Ring/FRAME_outer_arch_05/FR_outer_arch_05_ROOT/FR_outer_arch_05_P006	OuterArch05FracturePiece006Render Beveled Render			RumbleSandstoneFractureInterior	Elemental/Graphics V5/Rumble Rock Lit	e318bcc672b00554f9504b2493470036	1102	18.02
Outer Stone Ring/FRAME_outer_arch_05/FR_outer_arch_05_ROOT/FR_outer_arch_05_P007	OuterArch05FracturePiece007Render Beveled Render			RumbleArenaSandstone	Elemental/Graphics V5/Rumble Rock Lit	91fc0cc0e76ed8348bf172edefa7fd44	1187	19.85
Outer Stone Ring/FRAME_outer_arch_05/FR_outer_arch_05_ROOT/FR_outer_arch_05_P007	OuterArch05FracturePiece007Render Beveled Render			RumbleSandstoneFractureInterior	Elemental/Graphics V5/Rumble Rock Lit	e318bcc672b00554f9504b2493470036	1187	19.85
Outer Stone Ring/FRAME_outer_arch_05/FR_outer_arch_05_ROOT/FR_outer_arch_05_P008	OuterArch05FracturePiece008Render Beveled Render			RumbleArenaSandstone	Elemental/Graphics V5/Rumble Rock Lit	91fc0cc0e76ed8348bf172edefa7fd44	1155	19.15
Outer Stone Ring/FRAME_outer_arch_05/FR_outer_arch_05_ROOT/FR_outer_arch_05_P008	OuterArch05FracturePiece008Render Beveled Render			RumbleSandstoneFractureInterior	Elemental/Graphics V5/Rumble Rock Lit	e318bcc672b00554f9504b2493470036	1155	19.15
Outer Stone Ring/FRAME_outer_arch_05/FR_outer_arch_05_ROOT/FR_outer_arch_05_P009	OuterArch05FracturePiece009Render Beveled Render			RumbleArenaSandstone	Elemental/Graphics V5/Rumble Rock Lit	91fc0cc0e76ed8348bf172edefa7fd44	1095	19.39
Outer Stone Ring/FRAME_outer_arch_05/FR_outer_arch_05_ROOT/FR_outer_arch_05_P009	OuterArch05FracturePiece009Render Beveled Render			RumbleSandstoneFractureInterior	Elemental/Graphics V5/Rumble Rock Lit	e318bcc672b00554f9504b2493470036	1095	19.39
Outer Stone Ring/FRAME_outer_arch_05/FR_outer_arch_05_ROOT/FR_outer_arch_05_P010	OuterArch05FracturePiece010Render Beveled Render			RumbleArenaSandstone	Elemental/Graphics V5/Rumble Rock Lit	91fc0cc0e76ed8348bf172edefa7fd44	1042	19.79
Outer Stone Ring/FRAME_outer_arch_05/FR_outer_arch_05_ROOT/FR_outer_arch_05_P010	OuterArch05FracturePiece010Render Beveled Render			RumbleSandstoneFractureInterior	Elemental/Graphics V5/Rumble Rock Lit	e318bcc672b00554f9504b2493470036	1042	19.79
Outer Stone Ring/FRAME_outer_arch_05/FR_outer_arch_05_ROOT/FR_outer_arch_05_P011	OuterArch05FracturePiece011Render Beveled Render			RumbleArenaSandstone	Elemental/Graphics V5/Rumble Rock Lit	91fc0cc0e76ed8348bf172edefa7fd44	562	18.74
Outer Stone Ring/FRAME_outer_arch_05/FR_outer_arch_05_ROOT/FR_outer_arch_05_P011	OuterArch05FracturePiece011Render Beveled Render			RumbleSandstoneFractureInterior	Elemental/Graphics V5/Rumble Rock Lit	e318bcc672b00554f9504b2493470036	562	18.74
Outer Stone Ring/FRAME_outer_arch_05/FR_outer_arch_05_ROOT/FR_outer_arch_05_P012	OuterArch05FracturePiece012Render Beveled Render			RumbleArenaSandstone	Elemental/Graphics V5/Rumble Rock Lit	91fc0cc0e76ed8348bf172edefa7fd44	1210	18.75
Outer Stone Ring/FRAME_outer_arch_05/FR_outer_arch_05_ROOT/FR_outer_arch_05_P012	OuterArch05FracturePiece012Render Beveled Render			RumbleSandstoneFractureInterior	Elemental/Graphics V5/Rumble Rock Lit	e318bcc672b00554f9504b2493470036	1210	18.75
Outer Stone Ring/FRAME_outer_arch_05/OuterArch_05_INTACT	OuterArch_05_INTACT	Assets/Elemental/Content/Arena/OuterStoneRing/OuterStoneRing.fbx	702b10277b3fc0b45832c3e7f76e1962	RumbleArenaSandstone	Elemental/Graphics V5/Rumble Rock Lit	91fc0cc0e76ed8348bf172edefa7fd44	6020	18.32
Outer Stone Ring/FRAME_outer_arch_05/OuterArch_05_INTACT	OuterArch_05_INTACT	Assets/Elemental/Content/Arena/OuterStoneRing/OuterStoneRing.fbx	702b10277b3fc0b45832c3e7f76e1962	RumbleSandstoneFractureInterior	Elemental/Graphics V5/Rumble Rock Lit	e318bcc672b00554f9504b2493470036	6020	18.32
Outer Stone Ring/FRAME_outer_arch_05/OuterArch_05_Loose_FR_outer_arch_05_012_FALLEN	OuterArch_05_Loose_FR_outer_arch_05_012_FALLEN Beveled Render			RumbleArenaSandstone	Elemental/Graphics V5/Rumble Rock Lit	91fc0cc0e76ed8348bf172edefa7fd44	1209	18.80
Outer Stone Ring/FRAME_outer_arch_05/OuterArch_05_Loose_FR_outer_arch_05_012_FALLEN	OuterArch_05_Loose_FR_outer_arch_05_012_FALLEN Beveled Render			RumbleSandstoneFractureInterior	Elemental/Graphics V5/Rumble Rock Lit	e318bcc672b00554f9504b2493470036	1209	18.80
Outer Stone Ring/FRAME_outer_arch_06/FR_outer_arch_06_ROOT/COL_FR_outer_arch_06_P001	COL_FR_outer_arch_06_P001	Assets/Elemental/Content/Arena/OuterStoneRing/OuterStoneRing.fbx	702b10277b3fc0b45832c3e7f76e1962	Lit	Universal Render Pipeline/Lit	31321ba15b8f8eb4c954353edc038b1d	112	15.49
Outer Stone Ring/FRAME_outer_arch_06/FR_outer_arch_06_ROOT/COL_FR_outer_arch_06_P002	COL_FR_outer_arch_06_P002	Assets/Elemental/Content/Arena/OuterStoneRing/OuterStoneRing.fbx	702b10277b3fc0b45832c3e7f76e1962	Lit	Universal Render Pipeline/Lit	31321ba15b8f8eb4c954353edc038b1d	128	14.75
Outer Stone Ring/FRAME_outer_arch_06/FR_outer_arch_06_ROOT/COL_FR_outer_arch_06_P003	COL_FR_outer_arch_06_P003	Assets/Elemental/Content/Arena/OuterStoneRing/OuterStoneRing.fbx	702b10277b3fc0b45832c3e7f76e1962	Lit	Universal Render Pipeline/Lit	31321ba15b8f8eb4c954353edc038b1d	60	14.05
Outer Stone Ring/FRAME_outer_arch_06/FR_outer_arch_06_ROOT/COL_FR_outer_arch_06_P004	COL_FR_outer_arch_06_P004	Assets/Elemental/Content/Arena/OuterStoneRing/OuterStoneRing.fbx	702b10277b3fc0b45832c3e7f76e1962	Lit	Universal Render Pipeline/Lit	31321ba15b8f8eb4c954353edc038b1d	104	14.57
Outer Stone Ring/FRAME_outer_arch_06/FR_outer_arch_06_ROOT/COL_FR_outer_arch_06_P005	COL_FR_outer_arch_06_P005	Assets/Elemental/Content/Arena/OuterStoneRing/OuterStoneRing.fbx	702b10277b3fc0b45832c3e7f76e1962	Lit	Universal Render Pipeline/Lit	31321ba15b8f8eb4c954353edc038b1d	78	14.05
Outer Stone Ring/FRAME_outer_arch_06/FR_outer_arch_06_ROOT/COL_FR_outer_arch_06_P006	COL_FR_outer_arch_06_P006	Assets/Elemental/Content/Arena/OuterStoneRing/OuterStoneRing.fbx	702b10277b3fc0b45832c3e7f76e1962	Lit	Universal Render Pipeline/Lit	31321ba15b8f8eb4c954353edc038b1d	106	14.74
Outer Stone Ring/FRAME_outer_arch_06/FR_outer_arch_06_ROOT/COL_FR_outer_arch_06_P007	COL_FR_outer_arch_06_P007	Assets/Elemental/Content/Arena/OuterStoneRing/OuterStoneRing.fbx	702b10277b3fc0b45832c3e7f76e1962	Lit	Universal Render Pipeline/Lit	31321ba15b8f8eb4c954353edc038b1d	100	13.64
Outer Stone Ring/FRAME_outer_arch_06/FR_outer_arch_06_ROOT/COL_FR_outer_arch_06_P008	COL_FR_outer_arch_06_P008	Assets/Elemental/Content/Arena/OuterStoneRing/OuterStoneRing.fbx	702b10277b3fc0b45832c3e7f76e1962	Lit	Universal Render Pipeline/Lit	31321ba15b8f8eb4c954353edc038b1d	54	14.75
Outer Stone Ring/FRAME_outer_arch_06/FR_outer_arch_06_ROOT/COL_FR_outer_arch_06_P009	COL_FR_outer_arch_06_P009	Assets/Elemental/Content/Arena/OuterStoneRing/OuterStoneRing.fbx	702b10277b3fc0b45832c3e7f76e1962	Lit	Universal Render Pipeline/Lit	31321ba15b8f8eb4c954353edc038b1d	84	14.20
Outer Stone Ring/FRAME_outer_arch_06/FR_outer_arch_06_ROOT/FR_outer_arch_06_P001	OuterArch06FracturePiece001Render Beveled Render			RumbleArenaSandstone	Elemental/Graphics V5/Rumble Rock Lit	91fc0cc0e76ed8348bf172edefa7fd44	1432	15.50
Outer Stone Ring/FRAME_outer_arch_06/FR_outer_arch_06_ROOT/FR_outer_arch_06_P001	OuterArch06FracturePiece001Render Beveled Render			RumbleSandstoneFractureInterior	Elemental/Graphics V5/Rumble Rock Lit	e318bcc672b00554f9504b2493470036	1432	15.50
Outer Stone Ring/FRAME_outer_arch_06/FR_outer_arch_06_ROOT/FR_outer_arch_06_P002	OuterArch06FracturePiece002Render Beveled Render			RumbleArenaSandstone	Elemental/Graphics V5/Rumble Rock Lit	91fc0cc0e76ed8348bf172edefa7fd44	1342	14.75
Outer Stone Ring/FRAME_outer_arch_06/FR_outer_arch_06_ROOT/FR_outer_arch_06_P002	OuterArch06FracturePiece002Render Beveled Render			RumbleSandstoneFractureInterior	Elemental/Graphics V5/Rumble Rock Lit	e318bcc672b00554f9504b2493470036	1342	14.75
Outer Stone Ring/FRAME_outer_arch_06/FR_outer_arch_06_ROOT/FR_outer_arch_06_P003	OuterArch06FracturePiece003Render Beveled Render			RumbleArenaSandstone	Elemental/Graphics V5/Rumble Rock Lit	91fc0cc0e76ed8348bf172edefa7fd44	1410	14.05
Outer Stone Ring/FRAME_outer_arch_06/FR_outer_arch_06_ROOT/FR_outer_arch_06_P003	OuterArch06FracturePiece003Render Beveled Render			RumbleSandstoneFractureInterior	Elemental/Graphics V5/Rumble Rock Lit	e318bcc672b00554f9504b2493470036	1410	14.05
Outer Stone Ring/FRAME_outer_arch_06/FR_outer_arch_06_ROOT/FR_outer_arch_06_P004	OuterArch06FracturePiece004Render Beveled Render			RumbleArenaSandstone	Elemental/Graphics V5/Rumble Rock Lit	91fc0cc0e76ed8348bf172edefa7fd44	1156	14.57
Outer Stone Ring/FRAME_outer_arch_06/FR_outer_arch_06_ROOT/FR_outer_arch_06_P004	OuterArch06FracturePiece004Render Beveled Render			RumbleSandstoneFractureInterior	Elemental/Graphics V5/Rumble Rock Lit	e318bcc672b00554f9504b2493470036	1156	14.57
Outer Stone Ring/FRAME_outer_arch_06/FR_outer_arch_06_ROOT/FR_outer_arch_06_P005	OuterArch06FracturePiece005Render Beveled Render			RumbleArenaSandstone	Elemental/Graphics V5/Rumble Rock Lit	91fc0cc0e76ed8348bf172edefa7fd44	1146	14.05
Outer Stone Ring/FRAME_outer_arch_06/FR_outer_arch_06_ROOT/FR_outer_arch_06_P005	OuterArch06FracturePiece005Render Beveled Render			RumbleSandstoneFractureInterior	Elemental/Graphics V5/Rumble Rock Lit	e318bcc672b00554f9504b2493470036	1146	14.05
Outer Stone Ring/FRAME_outer_arch_06/FR_outer_arch_06_ROOT/FR_outer_arch_06_P006	OuterArch06FracturePiece006Render Beveled Render			RumbleArenaSandstone	Elemental/Graphics V5/Rumble Rock Lit	91fc0cc0e76ed8348bf172edefa7fd44	1292	14.74
Outer Stone Ring/FRAME_outer_arch_06/FR_outer_arch_06_ROOT/FR_outer_arch_06_P006	OuterArch06FracturePiece006Render Beveled Render			RumbleSandstoneFractureInterior	Elemental/Graphics V5/Rumble Rock Lit	e318bcc672b00554f9504b2493470036	1292	14.74
Outer Stone Ring/FRAME_outer_arch_06/FR_outer_arch_06_ROOT/FR_outer_arch_06_P007	OuterArch06FracturePiece007Render Beveled Render			RumbleArenaSandstone	Elemental/Graphics V5/Rumble Rock Lit	91fc0cc0e76ed8348bf172edefa7fd44	1254	13.64
Outer Stone Ring/FRAME_outer_arch_06/FR_outer_arch_06_ROOT/FR_outer_arch_06_P007	OuterArch06FracturePiece007Render Beveled Render			RumbleSandstoneFractureInterior	Elemental/Graphics V5/Rumble Rock Lit	e318bcc672b00554f9504b2493470036	1254	13.64
Outer Stone Ring/FRAME_outer_arch_06/FR_outer_arch_06_ROOT/FR_outer_arch_06_P008	OuterArch06FracturePiece008Render Beveled Render			RumbleArenaSandstone	Elemental/Graphics V5/Rumble Rock Lit	91fc0cc0e76ed8348bf172edefa7fd44	461	14.75
Outer Stone Ring/FRAME_outer_arch_06/FR_outer_arch_06_ROOT/FR_outer_arch_06_P008	OuterArch06FracturePiece008Render Beveled Render			RumbleSandstoneFractureInterior	Elemental/Graphics V5/Rumble Rock Lit	e318bcc672b00554f9504b2493470036	461	14.75
Outer Stone Ring/FRAME_outer_arch_06/FR_outer_arch_06_ROOT/FR_outer_arch_06_P009	OuterArch06FracturePiece009Render Beveled Render			RumbleArenaSandstone	Elemental/Graphics V5/Rumble Rock Lit	91fc0cc0e76ed8348bf172edefa7fd44	1092	14.20
Outer Stone Ring/FRAME_outer_arch_06/FR_outer_arch_06_ROOT/FR_outer_arch_06_P009	OuterArch06FracturePiece009Render Beveled Render			RumbleSandstoneFractureInterior	Elemental/Graphics V5/Rumble Rock Lit	e318bcc672b00554f9504b2493470036	1092	14.20
Outer Stone Ring/FRAME_outer_arch_06/OuterArch_06_INTACT	OuterArch_06_INTACT	Assets/Elemental/Content/Arena/OuterStoneRing/OuterStoneRing.fbx	702b10277b3fc0b45832c3e7f76e1962	RumbleArenaSandstone	Elemental/Graphics V5/Rumble Rock Lit	91fc0cc0e76ed8348bf172edefa7fd44	6700	14.30
Outer Stone Ring/FRAME_outer_arch_06/OuterArch_06_INTACT	OuterArch_06_INTACT	Assets/Elemental/Content/Arena/OuterStoneRing/OuterStoneRing.fbx	702b10277b3fc0b45832c3e7f76e1962	RumbleSandstoneFractureInterior	Elemental/Graphics V5/Rumble Rock Lit	e318bcc672b00554f9504b2493470036	6700	14.30
Outer Stone Ring/FRAME_outer_arch_06/OuterArch_06_Loose_FR_outer_arch_06_001	OuterArch_06_Loose_FR_outer_arch_06_001 Beveled Render			RumbleArenaSandstone	Elemental/Graphics V5/Rumble Rock Lit	91fc0cc0e76ed8348bf172edefa7fd44	395	13.42
Outer Stone Ring/FRAME_outer_arch_06/OuterArch_06_Loose_FR_outer_arch_06_001	OuterArch_06_Loose_FR_outer_arch_06_001 Beveled Render			RumbleSandstoneFractureInterior	Elemental/Graphics V5/Rumble Rock Lit	e318bcc672b00554f9504b2493470036	395	13.42
Outer Stone Ring/FRAME_outer_arch_06/OuterArch_06_Loose_FR_outer_arch_06_001_001	OuterArch_06_Loose_FR_outer_arch_06_001_001 Beveled Render			RumbleArenaSandstone	Elemental/Graphics V5/Rumble Rock Lit	91fc0cc0e76ed8348bf172edefa7fd44	134	12.95
Outer Stone Ring/FRAME_outer_arch_06/OuterArch_06_Loose_FR_outer_arch_06_001_001	OuterArch_06_Loose_FR_outer_arch_06_001_001 Beveled Render			RumbleSandstoneFractureInterior	Elemental/Graphics V5/Rumble Rock Lit	e318bcc672b00554f9504b2493470036	134	12.95
Outer Stone Ring/FRAME_outer_arch_06/OuterArch_06_Loose_FR_outer_arch_06_001_002	OuterArch_06_Loose_FR_outer_arch_06_001_002 Beveled Render			RumbleArenaSandstone	Elemental/Graphics V5/Rumble Rock Lit	91fc0cc0e76ed8348bf172edefa7fd44	397	11.29
Outer Stone Ring/FRAME_outer_arch_06/OuterArch_06_Loose_FR_outer_arch_06_001_002	OuterArch_06_Loose_FR_outer_arch_06_001_002 Beveled Render			RumbleSandstoneFractureInterior	Elemental/Graphics V5/Rumble Rock Lit	e318bcc672b00554f9504b2493470036	397	11.29
Outer Stone Ring/FRAME_outer_arch_06/OuterArch_06_Loose_FR_outer_arch_06_010_FALLEN	OuterArch_06_Loose_FR_outer_arch_06_010_FALLEN Beveled Render			RumbleArenaSandstone	Elemental/Graphics V5/Rumble Rock Lit	91fc0cc0e76ed8348bf172edefa7fd44	2636	16.65
Outer Stone Ring/FRAME_outer_arch_06/OuterArch_06_Loose_FR_outer_arch_06_010_FALLEN	OuterArch_06_Loose_FR_outer_arch_06_010_FALLEN Beveled Render			RumbleSandstoneFractureInterior	Elemental/Graphics V5/Rumble Rock Lit	e318bcc672b00554f9504b2493470036	2636	16.65
Outer Stone Ring/FRAME_outer_arch_07/FR_outer_arch_07_ROOT/COL_FR_outer_arch_07_P001	COL_FR_outer_arch_07_P001	Assets/Elemental/Content/Arena/OuterStoneRing/OuterStoneRing.fbx	702b10277b3fc0b45832c3e7f76e1962	Lit	Universal Render Pipeline/Lit	31321ba15b8f8eb4c954353edc038b1d	80	8.41
Outer Stone Ring/FRAME_outer_arch_07/FR_outer_arch_07_ROOT/COL_FR_outer_arch_07_P002	COL_FR_outer_arch_07_P002	Assets/Elemental/Content/Arena/OuterStoneRing/OuterStoneRing.fbx	702b10277b3fc0b45832c3e7f76e1962	Lit	Universal Render Pipeline/Lit	31321ba15b8f8eb4c954353edc038b1d	174	7.88
Outer Stone Ring/FRAME_outer_arch_07/FR_outer_arch_07_ROOT/COL_FR_outer_arch_07_P003	COL_FR_outer_arch_07_P003	Assets/Elemental/Content/Arena/OuterStoneRing/OuterStoneRing.fbx	702b10277b3fc0b45832c3e7f76e1962	Lit	Universal Render Pipeline/Lit	31321ba15b8f8eb4c954353edc038b1d	92	6.81
Outer Stone Ring/FRAME_outer_arch_07/FR_outer_arch_07_ROOT/COL_FR_outer_arch_07_P004	COL_FR_outer_arch_07_P004	Assets/Elemental/Content/Arena/OuterStoneRing/OuterStoneRing.fbx	702b10277b3fc0b45832c3e7f76e1962	Lit	Universal Render Pipeline/Lit	31321ba15b8f8eb4c954353edc038b1d	178	5.88
Outer Stone Ring/FRAME_outer_arch_07/FR_outer_arch_07_ROOT/COL_FR_outer_arch_07_P005	COL_FR_outer_arch_07_P005	Assets/Elemental/Content/Arena/OuterStoneRing/OuterStoneRing.fbx	702b10277b3fc0b45832c3e7f76e1962	Lit	Universal Render Pipeline/Lit	31321ba15b8f8eb4c954353edc038b1d	110	8.80
Outer Stone Ring/FRAME_outer_arch_07/FR_outer_arch_07_ROOT/COL_FR_outer_arch_07_P006	COL_FR_outer_arch_07_P006	Assets/Elemental/Content/Arena/OuterStoneRing/OuterStoneRing.fbx	702b10277b3fc0b45832c3e7f76e1962	Lit	Universal Render Pipeline/Lit	31321ba15b8f8eb4c954353edc038b1d	102	9.32
Outer Stone Ring/FRAME_outer_arch_07/FR_outer_arch_07_ROOT/COL_FR_outer_arch_07_P007	COL_FR_outer_arch_07_P007	Assets/Elemental/Content/Arena/OuterStoneRing/OuterStoneRing.fbx	702b10277b3fc0b45832c3e7f76e1962	Lit	Universal Render Pipeline/Lit	31321ba15b8f8eb4c954353edc038b1d	66	7.65
Outer Stone Ring/FRAME_outer_arch_07/FR_outer_arch_07_ROOT/COL_FR_outer_arch_07_P008	COL_FR_outer_arch_07_P008	Assets/Elemental/Content/Arena/OuterStoneRing/OuterStoneRing.fbx	702b10277b3fc0b45832c3e7f76e1962	Lit	Universal Render Pipeline/Lit	31321ba15b8f8eb4c954353edc038b1d	86	7.98
Outer Stone Ring/FRAME_outer_arch_07/FR_outer_arch_07_ROOT/COL_FR_outer_arch_07_P009	COL_FR_outer_arch_07_P009	Assets/Elemental/Content/Arena/OuterStoneRing/OuterStoneRing.fbx	702b10277b3fc0b45832c3e7f76e1962	Lit	Universal Render Pipeline/Lit	31321ba15b8f8eb4c954353edc038b1d	78	7.34
Outer Stone Ring/FRAME_outer_arch_07/FR_outer_arch_07_ROOT/COL_FR_outer_arch_07_P010	COL_FR_outer_arch_07_P010	Assets/Elemental/Content/Arena/OuterStoneRing/OuterStoneRing.fbx	702b10277b3fc0b45832c3e7f76e1962	Lit	Universal Render Pipeline/Lit	31321ba15b8f8eb4c954353edc038b1d	70	7.27
Outer Stone Ring/FRAME_outer_arch_07/FR_outer_arch_07_ROOT/COL_FR_outer_arch_07_P011	COL_FR_outer_arch_07_P011	Assets/Elemental/Content/Arena/OuterStoneRing/OuterStoneRing.fbx	702b10277b3fc0b45832c3e7f76e1962	Lit	Universal Render Pipeline/Lit	31321ba15b8f8eb4c954353edc038b1d	104	7.52
Outer Stone Ring/FRAME_outer_arch_07/FR_outer_arch_07_ROOT/COL_FR_outer_arch_07_P012	COL_FR_outer_arch_07_P012	Assets/Elemental/Content/Arena/OuterStoneRing/OuterStoneRing.fbx	702b10277b3fc0b45832c3e7f76e1962	Lit	Universal Render Pipeline/Lit	31321ba15b8f8eb4c954353edc038b1d	66	8.42
Outer Stone Ring/FRAME_outer_arch_07/FR_outer_arch_07_ROOT/COL_FR_outer_arch_07_P013	COL_FR_outer_arch_07_P013	Assets/Elemental/Content/Arena/OuterStoneRing/OuterStoneRing.fbx	702b10277b3fc0b45832c3e7f76e1962	Lit	Universal Render Pipeline/Lit	31321ba15b8f8eb4c954353edc038b1d	104	7.88
Outer Stone Ring/FRAME_outer_arch_07/FR_outer_arch_07_ROOT/FR_outer_arch_07_P001	OuterArch07FracturePiece001Render Beveled Render			RumbleArenaSandstone	Elemental/Graphics V5/Rumble Rock Lit	91fc0cc0e76ed8348bf172edefa7fd44	1379	8.41
Outer Stone Ring/FRAME_outer_arch_07/FR_outer_arch_07_ROOT/FR_outer_arch_07_P001	OuterArch07FracturePiece001Render Beveled Render			RumbleSandstoneFractureInterior	Elemental/Graphics V5/Rumble Rock Lit	e318bcc672b00554f9504b2493470036	1379	8.41
Outer Stone Ring/FRAME_outer_arch_07/FR_outer_arch_07_ROOT/FR_outer_arch_07_P002	OuterArch07FracturePiece002Render Beveled Render			RumbleArenaSandstone	Elemental/Graphics V5/Rumble Rock Lit	91fc0cc0e76ed8348bf172edefa7fd44	1240	7.88
Outer Stone Ring/FRAME_outer_arch_07/FR_outer_arch_07_ROOT/FR_outer_arch_07_P002	OuterArch07FracturePiece002Render Beveled Render			RumbleSandstoneFractureInterior	Elemental/Graphics V5/Rumble Rock Lit	e318bcc672b00554f9504b2493470036	1240	7.88
Outer Stone Ring/FRAME_outer_arch_07/FR_outer_arch_07_ROOT/FR_outer_arch_07_P003	OuterArch07FracturePiece003Render Beveled Render			RumbleArenaSandstone	Elemental/Graphics V5/Rumble Rock Lit	91fc0cc0e76ed8348bf172edefa7fd44	1090	6.81
Outer Stone Ring/FRAME_outer_arch_07/FR_outer_arch_07_ROOT/FR_outer_arch_07_P003	OuterArch07FracturePiece003Render Beveled Render			RumbleSandstoneFractureInterior	Elemental/Graphics V5/Rumble Rock Lit	e318bcc672b00554f9504b2493470036	1090	6.81
Outer Stone Ring/FRAME_outer_arch_07/FR_outer_arch_07_ROOT/FR_outer_arch_07_P004	OuterArch07FracturePiece004Render Beveled Render			RumbleArenaSandstone	Elemental/Graphics V5/Rumble Rock Lit	91fc0cc0e76ed8348bf172edefa7fd44	1857	5.88
Outer Stone Ring/FRAME_outer_arch_07/FR_outer_arch_07_ROOT/FR_outer_arch_07_P004	OuterArch07FracturePiece004Render Beveled Render			RumbleSandstoneFractureInterior	Elemental/Graphics V5/Rumble Rock Lit	e318bcc672b00554f9504b2493470036	1857	5.88
Outer Stone Ring/FRAME_outer_arch_07/FR_outer_arch_07_ROOT/FR_outer_arch_07_P005	OuterArch07FracturePiece005Render Beveled Render			RumbleArenaSandstone	Elemental/Graphics V5/Rumble Rock Lit	91fc0cc0e76ed8348bf172edefa7fd44	1115	8.80
Outer Stone Ring/FRAME_outer_arch_07/FR_outer_arch_07_ROOT/FR_outer_arch_07_P005	OuterArch07FracturePiece005Render Beveled Render			RumbleSandstoneFractureInterior	Elemental/Graphics V5/Rumble Rock Lit	e318bcc672b00554f9504b2493470036	1115	8.80
Outer Stone Ring/FRAME_outer_arch_07/FR_outer_arch_07_ROOT/FR_outer_arch_07_P006	OuterArch07FracturePiece006Render Beveled Render			RumbleArenaSandstone	Elemental/Graphics V5/Rumble Rock Lit	91fc0cc0e76ed8348bf172edefa7fd44	1436	9.32
Outer Stone Ring/FRAME_outer_arch_07/FR_outer_arch_07_ROOT/FR_outer_arch_07_P006	OuterArch07FracturePiece006Render Beveled Render			RumbleSandstoneFractureInterior	Elemental/Graphics V5/Rumble Rock Lit	e318bcc672b00554f9504b2493470036	1436	9.32
Outer Stone Ring/FRAME_outer_arch_07/FR_outer_arch_07_ROOT/FR_outer_arch_07_P007	OuterArch07FracturePiece007Render Beveled Render			RumbleArenaSandstone	Elemental/Graphics V5/Rumble Rock Lit	91fc0cc0e76ed8348bf172edefa7fd44	837	7.65
Outer Stone Ring/FRAME_outer_arch_07/FR_outer_arch_07_ROOT/FR_outer_arch_07_P007	OuterArch07FracturePiece007Render Beveled Render			RumbleSandstoneFractureInterior	Elemental/Graphics V5/Rumble Rock Lit	e318bcc672b00554f9504b2493470036	837	7.65
Outer Stone Ring/FRAME_outer_arch_07/FR_outer_arch_07_ROOT/FR_outer_arch_07_P008	OuterArch07FracturePiece008Render Beveled Render			RumbleArenaSandstone	Elemental/Graphics V5/Rumble Rock Lit	91fc0cc0e76ed8348bf172edefa7fd44	1140	7.98
Outer Stone Ring/FRAME_outer_arch_07/FR_outer_arch_07_ROOT/FR_outer_arch_07_P008	OuterArch07FracturePiece008Render Beveled Render			RumbleSandstoneFractureInterior	Elemental/Graphics V5/Rumble Rock Lit	e318bcc672b00554f9504b2493470036	1140	7.98
Outer Stone Ring/FRAME_outer_arch_07/FR_outer_arch_07_ROOT/FR_outer_arch_07_P009	OuterArch07FracturePiece009Render Beveled Render			RumbleArenaSandstone	Elemental/Graphics V5/Rumble Rock Lit	91fc0cc0e76ed8348bf172edefa7fd44	1036	7.34
Outer Stone Ring/FRAME_outer_arch_07/FR_outer_arch_07_ROOT/FR_outer_arch_07_P009	OuterArch07FracturePiece009Render Beveled Render			RumbleSandstoneFractureInterior	Elemental/Graphics V5/Rumble Rock Lit	e318bcc672b00554f9504b2493470036	1036	7.34
Outer Stone Ring/FRAME_outer_arch_07/FR_outer_arch_07_ROOT/FR_outer_arch_07_P010	OuterArch07FracturePiece010Render Beveled Render			RumbleArenaSandstone	Elemental/Graphics V5/Rumble Rock Lit	91fc0cc0e76ed8348bf172edefa7fd44	1540	7.27
Outer Stone Ring/FRAME_outer_arch_07/FR_outer_arch_07_ROOT/FR_outer_arch_07_P010	OuterArch07FracturePiece010Render Beveled Render			RumbleSandstoneFractureInterior	Elemental/Graphics V5/Rumble Rock Lit	e318bcc672b00554f9504b2493470036	1540	7.27
Outer Stone Ring/FRAME_outer_arch_07/FR_outer_arch_07_ROOT/FR_outer_arch_07_P011	OuterArch07FracturePiece011Render Beveled Render			RumbleArenaSandstone	Elemental/Graphics V5/Rumble Rock Lit	91fc0cc0e76ed8348bf172edefa7fd44	1045	7.52
Outer Stone Ring/FRAME_outer_arch_07/FR_outer_arch_07_ROOT/FR_outer_arch_07_P011	OuterArch07FracturePiece011Render Beveled Render			RumbleSandstoneFractureInterior	Elemental/Graphics V5/Rumble Rock Lit	e318bcc672b00554f9504b2493470036	1045	7.52
Outer Stone Ring/FRAME_outer_arch_07/FR_outer_arch_07_ROOT/FR_outer_arch_07_P012	OuterArch07FracturePiece012Render Beveled Render			RumbleArenaSandstone	Elemental/Graphics V5/Rumble Rock Lit	91fc0cc0e76ed8348bf172edefa7fd44	424	8.42
Outer Stone Ring/FRAME_outer_arch_07/FR_outer_arch_07_ROOT/FR_outer_arch_07_P012	OuterArch07FracturePiece012Render Beveled Render			RumbleSandstoneFractureInterior	Elemental/Graphics V5/Rumble Rock Lit	e318bcc672b00554f9504b2493470036	424	8.42
Outer Stone Ring/FRAME_outer_arch_07/FR_outer_arch_07_ROOT/FR_outer_arch_07_P013	OuterArch07FracturePiece013Render Beveled Render			RumbleArenaSandstone	Elemental/Graphics V5/Rumble Rock Lit	91fc0cc0e76ed8348bf172edefa7fd44	1053	7.88
Outer Stone Ring/FRAME_outer_arch_07/FR_outer_arch_07_ROOT/FR_outer_arch_07_P013	OuterArch07FracturePiece013Render Beveled Render			RumbleSandstoneFractureInterior	Elemental/Graphics V5/Rumble Rock Lit	e318bcc672b00554f9504b2493470036	1053	7.88
Outer Stone Ring/FRAME_outer_arch_07/OuterArch_07_INTACT	OuterArch_07_INTACT	Assets/Elemental/Content/Arena/OuterStoneRing/OuterStoneRing.fbx	702b10277b3fc0b45832c3e7f76e1962	RumbleArenaSandstone	Elemental/Graphics V5/Rumble Rock Lit	91fc0cc0e76ed8348bf172edefa7fd44	7180	6.87
Outer Stone Ring/FRAME_outer_arch_07/OuterArch_07_INTACT	OuterArch_07_INTACT	Assets/Elemental/Content/Arena/OuterStoneRing/OuterStoneRing.fbx	702b10277b3fc0b45832c3e7f76e1962	RumbleSandstoneFractureInterior	Elemental/Graphics V5/Rumble Rock Lit	e318bcc672b00554f9504b2493470036	7180	6.87
Outer Stone Ring/FRAME_outer_arch_07/OuterArch_07_Loose_FR_outer_arch_07_013_FALLEN	OuterArch_07_Loose_FR_outer_arch_07_013_FALLEN Beveled Render			RumbleArenaSandstone	Elemental/Graphics V5/Rumble Rock Lit	91fc0cc0e76ed8348bf172edefa7fd44	640	8.28
Outer Stone Ring/FRAME_outer_arch_07/OuterArch_07_Loose_FR_outer_arch_07_013_FALLEN	OuterArch_07_Loose_FR_outer_arch_07_013_FALLEN Beveled Render			RumbleSandstoneFractureInterior	Elemental/Graphics V5/Rumble Rock Lit	e318bcc672b00554f9504b2493470036	640	8.28
Earth Online Runtime/Online Player Two Authoring/Planet Character [Online Two]	Capsule	Library/unity default resources	0000000000000000e000000000000000	Lit	Universal Render Pipeline/Lit	31321ba15b8f8eb4c954353edc038b1d	832	11.97
Earth Online Runtime/Online Player Two Authoring/Planet Character [Online Two]	Capsule	Library/unity default resources	0000000000000000e000000000000000	MagicPreview	Universal Render Pipeline/Unlit	47301ad8730a40e419f2b00b897b69c5	832	60.57
Earth Online Runtime/Online Player Two Authoring/Planet Character [Online Two]/Pelvis Body	Capsule	Library/unity default resources	0000000000000000e000000000000000	EarthShaperBody	Universal Render Pipeline/Lit	f212ff953e8fc044fabdc46d2198f9b7	832	12.00
Earth Online Runtime/Online Player Two Authoring/Planet Character [Online Two]/Linebreaker Presentation/LinebreakerBody	LinebreakerBody	Assets/Elemental/Content/Characters/Linebreaker/Linebreaker.fbx	768c61288998aaf42ac2dcbe0e55b8db	LinebreakerMaterial_768c6128	Elemental/Graphics V5/Rumble Rock Lit	457cd458a5cea6140b2a2ff956d0450e	6349	12.02
Earth Online Runtime/Online Player Two Authoring/Earth Magic Runtime [Online Two]/Earth Platform 01	Runtime Earth Platform			RumbleSandstone	Elemental/Graphics V5/Rumble Rock Lit	d0239ba4c83ca2a4e8f8ebeea7e809c4	32	60.15
Earth Online Runtime/Online Player Two Authoring/Earth Magic Runtime [Online Two]/Earth Platform 01/Platform Piece 01	V5_Physics_Boulder_00_CenteredUnit	Assets/Elemental/Content/GraphicsV5/Physics/V5_Physics_Boulder_00_CenteredUnit.asset	23ad7314d6415c2489a6043042c898cb	RumbleSandstone	Elemental/Graphics V5/Rumble Rock Lit	d0239ba4c83ca2a4e8f8ebeea7e809c4	164	60.59
Earth Online Runtime/Online Player Two Authoring/Earth Magic Runtime [Online Two]/Earth Platform 01/Platform Piece 02	V5_Physics_Boulder_01_CenteredUnit	Assets/Elemental/Content/GraphicsV5/Physics/V5_Physics_Boulder_01_CenteredUnit.asset	e46e2e752a92f4445b9dff28264cc4ba	RumbleSandstone	Elemental/Graphics V5/Rumble Rock Lit	d0239ba4c83ca2a4e8f8ebeea7e809c4	140	60.59
Earth Online Runtime/Online Player Two Authoring/Earth Magic Runtime [Online Two]/Earth Platform 01/Platform Piece 03	V5_Physics_Boulder_02_CenteredUnit	Assets/Elemental/Content/GraphicsV5/Physics/V5_Physics_Boulder_02_CenteredUnit.asset	8865e400055100a48b08f0300d227217	RumbleSandstone	Elemental/Graphics V5/Rumble Rock Lit	d0239ba4c83ca2a4e8f8ebeea7e809c4	128	60.59
Earth Online Runtime/Online Player Two Authoring/Earth Magic Runtime [Online Two]/Earth Platform 01/Platform Piece 04	V5_Physics_Boulder_03_CenteredUnit	Assets/Elemental/Content/GraphicsV5/Physics/V5_Physics_Boulder_03_CenteredUnit.asset	4586f8f90eb8d9142b7b13004a95328e	RumbleSandstone	Elemental/Graphics V5/Rumble Rock Lit	d0239ba4c83ca2a4e8f8ebeea7e809c4	140	60.59
Earth Online Runtime/Online Player Two Authoring/Earth Magic Runtime [Online Two]/Earth Platform 01/Platform Piece 05	V5_Physics_Boulder_04_CenteredUnit	Assets/Elemental/Content/GraphicsV5/Physics/V5_Physics_Boulder_04_CenteredUnit.asset	77b3da2cd22d6c64fb9a0a3d68769e71	RumbleSandstone	Elemental/Graphics V5/Rumble Rock Lit	d0239ba4c83ca2a4e8f8ebeea7e809c4	152	60.59
Earth Online Runtime/Online Player Two Authoring/Earth Magic Runtime [Online Two]/Earth Platform 01/Platform Piece 06	V5_Physics_Boulder_05_CenteredUnit	Assets/Elemental/Content/GraphicsV5/Physics/V5_Physics_Boulder_05_CenteredUnit.asset	9458e42ababc9504f8929a3480df0061	RumbleSandstone	Elemental/Graphics V5/Rumble Rock Lit	d0239ba4c83ca2a4e8f8ebeea7e809c4	152	60.59
Earth Online Runtime/Online Player Two Authoring/Earth Magic Runtime [Online Two]/Earth Platform 01/Platform Piece 07	V5_Physics_Boulder_06_CenteredUnit	Assets/Elemental/Content/GraphicsV5/Physics/V5_Physics_Boulder_06_CenteredUnit.asset	479fb44e71569d745848cc9b592b1d5e	RumbleSandstone	Elemental/Graphics V5/Rumble Rock Lit	d0239ba4c83ca2a4e8f8ebeea7e809c4	128	60.59
Earth Online Runtime/Online Player Two Authoring/Earth Magic Runtime [Online Two]/Earth Platform 01/Platform Piece 08	V5_Physics_Boulder_07_CenteredUnit	Assets/Elemental/Content/GraphicsV5/Physics/V5_Physics_Boulder_07_CenteredUnit.asset	2d7c67f31bd7dce4bb75eb0e68552e86	RumbleSandstone	Elemental/Graphics V5/Rumble Rock Lit	d0239ba4c83ca2a4e8f8ebeea7e809c4	128	60.59
Earth Online Runtime/Online Player Two Authoring/Earth Magic Runtime [Online Two]/Earth Platform 01/Platform Piece 09	V5_Physics_Boulder_00_CenteredUnit	Assets/Elemental/Content/GraphicsV5/Physics/V5_Physics_Boulder_00_CenteredUnit.asset	23ad7314d6415c2489a6043042c898cb	RumbleSandstone	Elemental/Graphics V5/Rumble Rock Lit	d0239ba4c83ca2a4e8f8ebeea7e809c4	164	60.59
Earth Online Runtime/Online Player Two Authoring/Earth Magic Runtime [Online Two]/Earth Platform 01/Platform Piece 10	V5_Physics_Boulder_01_CenteredUnit	Assets/Elemental/Content/GraphicsV5/Physics/V5_Physics_Boulder_01_CenteredUnit.asset	e46e2e752a92f4445b9dff28264cc4ba	RumbleSandstone	Elemental/Graphics V5/Rumble Rock Lit	d0239ba4c83ca2a4e8f8ebeea7e809c4	140	60.59
Earth Online Runtime/Online Player Two Authoring/Earth Magic Runtime [Online Two]/Earth Platform 01/Platform Piece 11	V5_Physics_Boulder_02_CenteredUnit	Assets/Elemental/Content/GraphicsV5/Physics/V5_Physics_Boulder_02_CenteredUnit.asset	8865e400055100a48b08f0300d227217	RumbleSandstone	Elemental/Graphics V5/Rumble Rock Lit	d0239ba4c83ca2a4e8f8ebeea7e809c4	128	60.59
Earth Online Runtime/Online Player Two Authoring/Earth Magic Runtime [Online Two]/Earth Platform 01/Platform Piece 12	V5_Physics_Boulder_03_CenteredUnit	Assets/Elemental/Content/GraphicsV5/Physics/V5_Physics_Boulder_03_CenteredUnit.asset	4586f8f90eb8d9142b7b13004a95328e	RumbleSandstone	Elemental/Graphics V5/Rumble Rock Lit	d0239ba4c83ca2a4e8f8ebeea7e809c4	140	60.59
Earth Online Runtime/Online Player Two Authoring/Earth Magic Runtime [Online Two]/Earth Platform 01/Platform Piece 13	V5_Physics_Boulder_04_CenteredUnit	Assets/Elemental/Content/GraphicsV5/Physics/V5_Physics_Boulder_04_CenteredUnit.asset	77b3da2cd22d6c64fb9a0a3d68769e71	RumbleSandstone	Elemental/Graphics V5/Rumble Rock Lit	d0239ba4c83ca2a4e8f8ebeea7e809c4	152	60.59
Earth Online Runtime/Online Player Two Authoring/Earth Magic Runtime [Online Two]/Earth Platform 01/Platform Piece 14	V5_Physics_Boulder_05_CenteredUnit	Assets/Elemental/Content/GraphicsV5/Physics/V5_Physics_Boulder_05_CenteredUnit.asset	9458e42ababc9504f8929a3480df0061	RumbleSandstone	Elemental/Graphics V5/Rumble Rock Lit	d0239ba4c83ca2a4e8f8ebeea7e809c4	152	60.59
Earth Online Runtime/Online Player Two Authoring/Earth Magic Runtime [Online Two]/Earth Platform 01/Platform Piece 15	V5_Physics_Boulder_06_CenteredUnit	Assets/Elemental/Content/GraphicsV5/Physics/V5_Physics_Boulder_06_CenteredUnit.asset	479fb44e71569d745848cc9b592b1d5e	RumbleSandstone	Elemental/Graphics V5/Rumble Rock Lit	d0239ba4c83ca2a4e8f8ebeea7e809c4	128	60.59
Earth Online Runtime/Online Player Two Authoring/Earth Magic Runtime [Online Two]/Earth Platform 01/Platform Piece 16	V5_Physics_Boulder_07_CenteredUnit	Assets/Elemental/Content/GraphicsV5/Physics/V5_Physics_Boulder_07_CenteredUnit.asset	2d7c67f31bd7dce4bb75eb0e68552e86	RumbleSandstone	Elemental/Graphics V5/Rumble Rock Lit	d0239ba4c83ca2a4e8f8ebeea7e809c4	128	60.59
Earth Online Runtime/Online Player Two Authoring/Earth Magic Runtime [Online Two]/Earth Platform 01/Platform Piece 17	V5_Physics_Boulder_00_CenteredUnit	Assets/Elemental/Content/GraphicsV5/Physics/V5_Physics_Boulder_00_CenteredUnit.asset	23ad7314d6415c2489a6043042c898cb	RumbleSandstone	Elemental/Graphics V5/Rumble Rock Lit	d0239ba4c83ca2a4e8f8ebeea7e809c4	164	60.59
Earth Online Runtime/Online Player Two Authoring/Earth Magic Runtime [Online Two]/Earth Platform 01/Platform Piece 18	V5_Physics_Boulder_01_CenteredUnit	Assets/Elemental/Content/GraphicsV5/Physics/V5_Physics_Boulder_01_CenteredUnit.asset	e46e2e752a92f4445b9dff28264cc4ba	RumbleSandstone	Elemental/Graphics V5/Rumble Rock Lit	d0239ba4c83ca2a4e8f8ebeea7e809c4	140	60.59
Earth Online Runtime/Online Player Two Authoring/Earth Magic Runtime [Online Two]/Earth Platform 01/Platform Piece 19	V5_Physics_Boulder_02_CenteredUnit	Assets/Elemental/Content/GraphicsV5/Physics/V5_Physics_Boulder_02_CenteredUnit.asset	8865e400055100a48b08f0300d227217	RumbleSandstone	Elemental/Graphics V5/Rumble Rock Lit	d0239ba4c83ca2a4e8f8ebeea7e809c4	128	60.59
Earth Online Runtime/Online Player Two Authoring/Earth Magic Runtime [Online Two]/Earth Platform 01/Platform Piece 20	V5_Physics_Boulder_03_CenteredUnit	Assets/Elemental/Content/GraphicsV5/Physics/V5_Physics_Boulder_03_CenteredUnit.asset	4586f8f90eb8d9142b7b13004a95328e	RumbleSandstone	Elemental/Graphics V5/Rumble Rock Lit	d0239ba4c83ca2a4e8f8ebeea7e809c4	140	60.59
Earth Online Runtime/Online Player Two Authoring/Earth Magic Runtime [Online Two]/Earth Platform 01/Platform Piece 21	V5_Physics_Boulder_04_CenteredUnit	Assets/Elemental/Content/GraphicsV5/Physics/V5_Physics_Boulder_04_CenteredUnit.asset	77b3da2cd22d6c64fb9a0a3d68769e71	RumbleSandstone	Elemental/Graphics V5/Rumble Rock Lit	d0239ba4c83ca2a4e8f8ebeea7e809c4	152	60.59
Earth Online Runtime/Online Player Two Authoring/Earth Magic Runtime [Online Two]/Earth Platform 01/Platform Piece 22	V5_Physics_Boulder_05_CenteredUnit	Assets/Elemental/Content/GraphicsV5/Physics/V5_Physics_Boulder_05_CenteredUnit.asset	9458e42ababc9504f8929a3480df0061	RumbleSandstone	Elemental/Graphics V5/Rumble Rock Lit	d0239ba4c83ca2a4e8f8ebeea7e809c4	152	60.59
Earth Online Runtime/Online Player Two Authoring/Earth Magic Runtime [Online Two]/Earth Platform 01/Platform Piece 23	V5_Physics_Boulder_06_CenteredUnit	Assets/Elemental/Content/GraphicsV5/Physics/V5_Physics_Boulder_06_CenteredUnit.asset	479fb44e71569d745848cc9b592b1d5e	RumbleSandstone	Elemental/Graphics V5/Rumble Rock Lit	d0239ba4c83ca2a4e8f8ebeea7e809c4	128	60.59
Earth Online Runtime/Online Player Two Authoring/Earth Magic Runtime [Online Two]/Earth Platform 01/Platform Piece 24	V5_Physics_Boulder_07_CenteredUnit	Assets/Elemental/Content/GraphicsV5/Physics/V5_Physics_Boulder_07_CenteredUnit.asset	2d7c67f31bd7dce4bb75eb0e68552e86	RumbleSandstone	Elemental/Graphics V5/Rumble Rock Lit	d0239ba4c83ca2a4e8f8ebeea7e809c4	128	60.59
Earth Online Runtime/Online Player Two Authoring/Earth Magic Runtime [Online Two]/Earth Platform 01/Platform Piece 25	V5_Physics_Boulder_00_CenteredUnit	Assets/Elemental/Content/GraphicsV5/Physics/V5_Physics_Boulder_00_CenteredUnit.asset	23ad7314d6415c2489a6043042c898cb	RumbleSandstone	Elemental/Graphics V5/Rumble Rock Lit	d0239ba4c83ca2a4e8f8ebeea7e809c4	164	60.59
Earth Online Runtime/Online Player Two Authoring/Earth Magic Runtime [Online Two]/Earth Platform 01/Platform Piece 26	V5_Physics_Boulder_01_CenteredUnit	Assets/Elemental/Content/GraphicsV5/Physics/V5_Physics_Boulder_01_CenteredUnit.asset	e46e2e752a92f4445b9dff28264cc4ba	RumbleSandstone	Elemental/Graphics V5/Rumble Rock Lit	d0239ba4c83ca2a4e8f8ebeea7e809c4	140	60.59
Earth Online Runtime/Online Player Two Authoring/Earth Magic Runtime [Online Two]/Earth Platform 01/Platform Piece 27	V5_Physics_Boulder_02_CenteredUnit	Assets/Elemental/Content/GraphicsV5/Physics/V5_Physics_Boulder_02_CenteredUnit.asset	8865e400055100a48b08f0300d227217	RumbleSandstone	Elemental/Graphics V5/Rumble Rock Lit	d0239ba4c83ca2a4e8f8ebeea7e809c4	128	60.59
Earth Online Runtime/Online Player Two Authoring/Earth Magic Runtime [Online Two]/Earth Platform 01/Platform Piece 28	V5_Physics_Boulder_03_CenteredUnit	Assets/Elemental/Content/GraphicsV5/Physics/V5_Physics_Boulder_03_CenteredUnit.asset	4586f8f90eb8d9142b7b13004a95328e	RumbleSandstone	Elemental/Graphics V5/Rumble Rock Lit	d0239ba4c83ca2a4e8f8ebeea7e809c4	140	60.59
Earth Online Runtime/Online Player Two Authoring/Earth Magic Runtime [Online Two]/Earth Platform 01/Platform Piece 29	V5_Physics_Boulder_04_CenteredUnit	Assets/Elemental/Content/GraphicsV5/Physics/V5_Physics_Boulder_04_CenteredUnit.asset	77b3da2cd22d6c64fb9a0a3d68769e71	RumbleSandstone	Elemental/Graphics V5/Rumble Rock Lit	d0239ba4c83ca2a4e8f8ebeea7e809c4	152	60.59
Earth Online Runtime/Online Player Two Authoring/Earth Magic Runtime [Online Two]/Earth Platform 01/Platform Piece 30	V5_Physics_Boulder_05_CenteredUnit	Assets/Elemental/Content/GraphicsV5/Physics/V5_Physics_Boulder_05_CenteredUnit.asset	9458e42ababc9504f8929a3480df0061	RumbleSandstone	Elemental/Graphics V5/Rumble Rock Lit	d0239ba4c83ca2a4e8f8ebeea7e809c4	152	60.59
Earth Online Runtime/Online Player Two Authoring/Earth Magic Runtime [Online Two]/Earth Platform 01/Platform Piece 31	V5_Physics_Boulder_06_CenteredUnit	Assets/Elemental/Content/GraphicsV5/Physics/V5_Physics_Boulder_06_CenteredUnit.asset	479fb44e71569d745848cc9b592b1d5e	RumbleSandstone	Elemental/Graphics V5/Rumble Rock Lit	d0239ba4c83ca2a4e8f8ebeea7e809c4	128	60.59
Earth Online Runtime/Online Player Two Authoring/Earth Magic Runtime [Online Two]/Earth Platform 01/Platform Piece 32	V5_Physics_Boulder_07_CenteredUnit	Assets/Elemental/Content/GraphicsV5/Physics/V5_Physics_Boulder_07_CenteredUnit.asset	2d7c67f31bd7dce4bb75eb0e68552e86	RumbleSandstone	Elemental/Graphics V5/Rumble Rock Lit	d0239ba4c83ca2a4e8f8ebeea7e809c4	128	60.59
Earth Online Runtime/Online Player Two Authoring/Earth Magic Runtime [Online Two]/Earth Platform 01/Platform Piece 33	V5_Physics_Boulder_00_CenteredUnit	Assets/Elemental/Content/GraphicsV5/Physics/V5_Physics_Boulder_00_CenteredUnit.asset	23ad7314d6415c2489a6043042c898cb	RumbleSandstone	Elemental/Graphics V5/Rumble Rock Lit	d0239ba4c83ca2a4e8f8ebeea7e809c4	164	60.59
Earth Online Runtime/Online Player Two Authoring/Earth Magic Runtime [Online Two]/Earth Platform 01/Platform Piece 34	V5_Physics_Boulder_01_CenteredUnit	Assets/Elemental/Content/GraphicsV5/Physics/V5_Physics_Boulder_01_CenteredUnit.asset	e46e2e752a92f4445b9dff28264cc4ba	RumbleSandstone	Elemental/Graphics V5/Rumble Rock Lit	d0239ba4c83ca2a4e8f8ebeea7e809c4	140	60.59
Earth Online Runtime/Online Player Two Authoring/Earth Magic Runtime [Online Two]/Earth Platform 01/Platform Piece 35	V5_Physics_Boulder_02_CenteredUnit	Assets/Elemental/Content/GraphicsV5/Physics/V5_Physics_Boulder_02_CenteredUnit.asset	8865e400055100a48b08f0300d227217	RumbleSandstone	Elemental/Graphics V5/Rumble Rock Lit	d0239ba4c83ca2a4e8f8ebeea7e809c4	128	60.59
Earth Online Runtime/Online Player Two Authoring/Earth Magic Runtime [Online Two]/Earth Platform 01/Platform Piece 36	V5_Physics_Boulder_03_CenteredUnit	Assets/Elemental/Content/GraphicsV5/Physics/V5_Physics_Boulder_03_CenteredUnit.asset	4586f8f90eb8d9142b7b13004a95328e	RumbleSandstone	Elemental/Graphics V5/Rumble Rock Lit	d0239ba4c83ca2a4e8f8ebeea7e809c4	140	60.59
Earth Online Runtime/Online Player Two Authoring/Earth Magic Runtime [Online Two]/Earth Platform 01/Platform Piece 37	V5_Physics_Boulder_04_CenteredUnit	Assets/Elemental/Content/GraphicsV5/Physics/V5_Physics_Boulder_04_CenteredUnit.asset	77b3da2cd22d6c64fb9a0a3d68769e71	RumbleSandstone	Elemental/Graphics V5/Rumble Rock Lit	d0239ba4c83ca2a4e8f8ebeea7e809c4	152	60.59
Earth Online Runtime/Online Player Two Authoring/Earth Magic Runtime [Online Two]/Earth Platform 01/Platform Piece 38	V5_Physics_Boulder_05_CenteredUnit	Assets/Elemental/Content/GraphicsV5/Physics/V5_Physics_Boulder_05_CenteredUnit.asset	9458e42ababc9504f8929a3480df0061	RumbleSandstone	Elemental/Graphics V5/Rumble Rock Lit	d0239ba4c83ca2a4e8f8ebeea7e809c4	152	60.59
Earth Online Runtime/Online Player Two Authoring/Earth Magic Runtime [Online Two]/Earth Platform 01/Platform Piece 39	V5_Physics_Boulder_06_CenteredUnit	Assets/Elemental/Content/GraphicsV5/Physics/V5_Physics_Boulder_06_CenteredUnit.asset	479fb44e71569d745848cc9b592b1d5e	RumbleSandstone	Elemental/Graphics V5/Rumble Rock Lit	d0239ba4c83ca2a4e8f8ebeea7e809c4	128	60.59
Earth Online Runtime/Online Player Two Authoring/Earth Magic Runtime [Online Two]/Earth Platform 01/Platform Piece 40	V5_Physics_Boulder_07_CenteredUnit	Assets/Elemental/Content/GraphicsV5/Physics/V5_Physics_Boulder_07_CenteredUnit.asset	2d7c67f31bd7dce4bb75eb0e68552e86	RumbleSandstone	Elemental/Graphics V5/Rumble Rock Lit	d0239ba4c83ca2a4e8f8ebeea7e809c4	128	60.59
Earth Online Runtime/Online Player Two Authoring/Earth Magic Runtime [Online Two]/Earth Platform 01/Platform Piece 41	V5_Physics_Boulder_00_CenteredUnit	Assets/Elemental/Content/GraphicsV5/Physics/V5_Physics_Boulder_00_CenteredUnit.asset	23ad7314d6415c2489a6043042c898cb	RumbleSandstone	Elemental/Graphics V5/Rumble Rock Lit	d0239ba4c83ca2a4e8f8ebeea7e809c4	164	60.59
Earth Online Runtime/Online Player Two Authoring/Earth Magic Runtime [Online Two]/Earth Platform 01/Platform Piece 42	V5_Physics_Boulder_01_CenteredUnit	Assets/Elemental/Content/GraphicsV5/Physics/V5_Physics_Boulder_01_CenteredUnit.asset	e46e2e752a92f4445b9dff28264cc4ba	RumbleSandstone	Elemental/Graphics V5/Rumble Rock Lit	d0239ba4c83ca2a4e8f8ebeea7e809c4	140	60.59
Earth Online Runtime/Online Player Two Authoring/Earth Magic Runtime [Online Two]/Earth Platform 01/Platform Piece 43	V5_Physics_Boulder_02_CenteredUnit	Assets/Elemental/Content/GraphicsV5/Physics/V5_Physics_Boulder_02_CenteredUnit.asset	8865e400055100a48b08f0300d227217	RumbleSandstone	Elemental/Graphics V5/Rumble Rock Lit	d0239ba4c83ca2a4e8f8ebeea7e809c4	128	60.59
Earth Online Runtime/Online Player Two Authoring/Earth Magic Runtime [Online Two]/Earth Platform 01/Platform Piece 44	V5_Physics_Boulder_03_CenteredUnit	Assets/Elemental/Content/GraphicsV5/Physics/V5_Physics_Boulder_03_CenteredUnit.asset	4586f8f90eb8d9142b7b13004a95328e	RumbleSandstone	Elemental/Graphics V5/Rumble Rock Lit	d0239ba4c83ca2a4e8f8ebeea7e809c4	140	60.59
Earth Online Runtime/Online Player Two Authoring/Earth Magic Runtime [Online Two]/Earth Platform 01/Platform Piece 45	V5_Physics_Boulder_04_CenteredUnit	Assets/Elemental/Content/GraphicsV5/Physics/V5_Physics_Boulder_04_CenteredUnit.asset	77b3da2cd22d6c64fb9a0a3d68769e71	RumbleSandstone	Elemental/Graphics V5/Rumble Rock Lit	d0239ba4c83ca2a4e8f8ebeea7e809c4	152	60.59
Earth Online Runtime/Online Player Two Authoring/Earth Magic Runtime [Online Two]/Earth Platform 01/Platform Piece 46	V5_Physics_Boulder_05_CenteredUnit	Assets/Elemental/Content/GraphicsV5/Physics/V5_Physics_Boulder_05_CenteredUnit.asset	9458e42ababc9504f8929a3480df0061	RumbleSandstone	Elemental/Graphics V5/Rumble Rock Lit	d0239ba4c83ca2a4e8f8ebeea7e809c4	152	60.59
Earth Online Runtime/Online Player Two Authoring/Earth Magic Runtime [Online Two]/Earth Platform 01/Platform Piece 47	V5_Physics_Boulder_06_CenteredUnit	Assets/Elemental/Content/GraphicsV5/Physics/V5_Physics_Boulder_06_CenteredUnit.asset	479fb44e71569d745848cc9b592b1d5e	RumbleSandstone	Elemental/Graphics V5/Rumble Rock Lit	d0239ba4c83ca2a4e8f8ebeea7e809c4	128	60.59
Earth Online Runtime/Online Player Two Authoring/Earth Magic Runtime [Online Two]/Earth Platform 01/Platform Piece 48	V5_Physics_Boulder_07_CenteredUnit	Assets/Elemental/Content/GraphicsV5/Physics/V5_Physics_Boulder_07_CenteredUnit.asset	2d7c67f31bd7dce4bb75eb0e68552e86	RumbleSandstone	Elemental/Graphics V5/Rumble Rock Lit	d0239ba4c83ca2a4e8f8ebeea7e809c4	128	60.59
Earth Online Runtime/Online Player Two Authoring/Earth Magic Runtime [Online Two]/Earth Platform 02	Runtime Earth Platform			RumbleSandstone	Elemental/Graphics V5/Rumble Rock Lit	d0239ba4c83ca2a4e8f8ebeea7e809c4	32	60.15
Earth Online Runtime/Online Player Two Authoring/Earth Magic Runtime [Online Two]/Earth Platform 02/Platform Piece 01	V5_Physics_Boulder_00_CenteredUnit	Assets/Elemental/Content/GraphicsV5/Physics/V5_Physics_Boulder_00_CenteredUnit.asset	23ad7314d6415c2489a6043042c898cb	RumbleSandstone	Elemental/Graphics V5/Rumble Rock Lit	d0239ba4c83ca2a4e8f8ebeea7e809c4	164	60.59
Earth Online Runtime/Online Player Two Authoring/Earth Magic Runtime [Online Two]/Earth Platform 02/Platform Piece 02	V5_Physics_Boulder_01_CenteredUnit	Assets/Elemental/Content/GraphicsV5/Physics/V5_Physics_Boulder_01_CenteredUnit.asset	e46e2e752a92f4445b9dff28264cc4ba	RumbleSandstone	Elemental/Graphics V5/Rumble Rock Lit	d0239ba4c83ca2a4e8f8ebeea7e809c4	140	60.59
Earth Online Runtime/Online Player Two Authoring/Earth Magic Runtime [Online Two]/Earth Platform 02/Platform Piece 03	V5_Physics_Boulder_02_CenteredUnit	Assets/Elemental/Content/GraphicsV5/Physics/V5_Physics_Boulder_02_CenteredUnit.asset	8865e400055100a48b08f0300d227217	RumbleSandstone	Elemental/Graphics V5/Rumble Rock Lit	d0239ba4c83ca2a4e8f8ebeea7e809c4	128	60.59
Earth Online Runtime/Online Player Two Authoring/Earth Magic Runtime [Online Two]/Earth Platform 02/Platform Piece 04	V5_Physics_Boulder_03_CenteredUnit	Assets/Elemental/Content/GraphicsV5/Physics/V5_Physics_Boulder_03_CenteredUnit.asset	4586f8f90eb8d9142b7b13004a95328e	RumbleSandstone	Elemental/Graphics V5/Rumble Rock Lit	d0239ba4c83ca2a4e8f8ebeea7e809c4	140	60.59
Earth Online Runtime/Online Player Two Authoring/Earth Magic Runtime [Online Two]/Earth Platform 02/Platform Piece 05	V5_Physics_Boulder_04_CenteredUnit	Assets/Elemental/Content/GraphicsV5/Physics/V5_Physics_Boulder_04_CenteredUnit.asset	77b3da2cd22d6c64fb9a0a3d68769e71	RumbleSandstone	Elemental/Graphics V5/Rumble Rock Lit	d0239ba4c83ca2a4e8f8ebeea7e809c4	152	60.59
Earth Online Runtime/Online Player Two Authoring/Earth Magic Runtime [Online Two]/Earth Platform 02/Platform Piece 06	V5_Physics_Boulder_05_CenteredUnit	Assets/Elemental/Content/GraphicsV5/Physics/V5_Physics_Boulder_05_CenteredUnit.asset	9458e42ababc9504f8929a3480df0061	RumbleSandstone	Elemental/Graphics V5/Rumble Rock Lit	d0239ba4c83ca2a4e8f8ebeea7e809c4	152	60.59
Earth Online Runtime/Online Player Two Authoring/Earth Magic Runtime [Online Two]/Earth Platform 02/Platform Piece 07	V5_Physics_Boulder_06_CenteredUnit	Assets/Elemental/Content/GraphicsV5/Physics/V5_Physics_Boulder_06_CenteredUnit.asset	479fb44e71569d745848cc9b592b1d5e	RumbleSandstone	Elemental/Graphics V5/Rumble Rock Lit	d0239ba4c83ca2a4e8f8ebeea7e809c4	128	60.59
Earth Online Runtime/Online Player Two Authoring/Earth Magic Runtime [Online Two]/Earth Platform 02/Platform Piece 08	V5_Physics_Boulder_07_CenteredUnit	Assets/Elemental/Content/GraphicsV5/Physics/V5_Physics_Boulder_07_CenteredUnit.asset	2d7c67f31bd7dce4bb75eb0e68552e86	RumbleSandstone	Elemental/Graphics V5/Rumble Rock Lit	d0239ba4c83ca2a4e8f8ebeea7e809c4	128	60.59
Earth Online Runtime/Online Player Two Authoring/Earth Magic Runtime [Online Two]/Earth Platform 02/Platform Piece 09	V5_Physics_Boulder_00_CenteredUnit	Assets/Elemental/Content/GraphicsV5/Physics/V5_Physics_Boulder_00_CenteredUnit.asset	23ad7314d6415c2489a6043042c898cb	RumbleSandstone	Elemental/Graphics V5/Rumble Rock Lit	d0239ba4c83ca2a4e8f8ebeea7e809c4	164	60.59
Earth Online Runtime/Online Player Two Authoring/Earth Magic Runtime [Online Two]/Earth Platform 02/Platform Piece 10	V5_Physics_Boulder_01_CenteredUnit	Assets/Elemental/Content/GraphicsV5/Physics/V5_Physics_Boulder_01_CenteredUnit.asset	e46e2e752a92f4445b9dff28264cc4ba	RumbleSandstone	Elemental/Graphics V5/Rumble Rock Lit	d0239ba4c83ca2a4e8f8ebeea7e809c4	140	60.59
Earth Online Runtime/Online Player Two Authoring/Earth Magic Runtime [Online Two]/Earth Platform 02/Platform Piece 11	V5_Physics_Boulder_02_CenteredUnit	Assets/Elemental/Content/GraphicsV5/Physics/V5_Physics_Boulder_02_CenteredUnit.asset	8865e400055100a48b08f0300d227217	RumbleSandstone	Elemental/Graphics V5/Rumble Rock Lit	d0239ba4c83ca2a4e8f8ebeea7e809c4	128	60.59
Earth Online Runtime/Online Player Two Authoring/Earth Magic Runtime [Online Two]/Earth Platform 02/Platform Piece 12	V5_Physics_Boulder_03_CenteredUnit	Assets/Elemental/Content/GraphicsV5/Physics/V5_Physics_Boulder_03_CenteredUnit.asset	4586f8f90eb8d9142b7b13004a95328e	RumbleSandstone	Elemental/Graphics V5/Rumble Rock Lit	d0239ba4c83ca2a4e8f8ebeea7e809c4	140	60.59
Earth Online Runtime/Online Player Two Authoring/Earth Magic Runtime [Online Two]/Earth Platform 02/Platform Piece 13	V5_Physics_Boulder_04_CenteredUnit	Assets/Elemental/Content/GraphicsV5/Physics/V5_Physics_Boulder_04_CenteredUnit.asset	77b3da2cd22d6c64fb9a0a3d68769e71	RumbleSandstone	Elemental/Graphics V5/Rumble Rock Lit	d0239ba4c83ca2a4e8f8ebeea7e809c4	152	60.59
Earth Online Runtime/Online Player Two Authoring/Earth Magic Runtime [Online Two]/Earth Platform 02/Platform Piece 14	V5_Physics_Boulder_05_CenteredUnit	Assets/Elemental/Content/GraphicsV5/Physics/V5_Physics_Boulder_05_CenteredUnit.asset	9458e42ababc9504f8929a3480df0061	RumbleSandstone	Elemental/Graphics V5/Rumble Rock Lit	d0239ba4c83ca2a4e8f8ebeea7e809c4	152	60.59
Earth Online Runtime/Online Player Two Authoring/Earth Magic Runtime [Online Two]/Earth Platform 02/Platform Piece 15	V5_Physics_Boulder_06_CenteredUnit	Assets/Elemental/Content/GraphicsV5/Physics/V5_Physics_Boulder_06_CenteredUnit.asset	479fb44e71569d745848cc9b592b1d5e	RumbleSandstone	Elemental/Graphics V5/Rumble Rock Lit	d0239ba4c83ca2a4e8f8ebeea7e809c4	128	60.59
Earth Online Runtime/Online Player Two Authoring/Earth Magic Runtime [Online Two]/Earth Platform 02/Platform Piece 16	V5_Physics_Boulder_07_CenteredUnit	Assets/Elemental/Content/GraphicsV5/Physics/V5_Physics_Boulder_07_CenteredUnit.asset	2d7c67f31bd7dce4bb75eb0e68552e86	RumbleSandstone	Elemental/Graphics V5/Rumble Rock Lit	d0239ba4c83ca2a4e8f8ebeea7e809c4	128	60.59
Earth Online Runtime/Online Player Two Authoring/Earth Magic Runtime [Online Two]/Earth Platform 02/Platform Piece 17	V5_Physics_Boulder_00_CenteredUnit	Assets/Elemental/Content/GraphicsV5/Physics/V5_Physics_Boulder_00_CenteredUnit.asset	23ad7314d6415c2489a6043042c898cb	RumbleSandstone	Elemental/Graphics V5/Rumble Rock Lit	d0239ba4c83ca2a4e8f8ebeea7e809c4	164	60.59
Earth Online Runtime/Online Player Two Authoring/Earth Magic Runtime [Online Two]/Earth Platform 02/Platform Piece 18	V5_Physics_Boulder_01_CenteredUnit	Assets/Elemental/Content/GraphicsV5/Physics/V5_Physics_Boulder_01_CenteredUnit.asset	e46e2e752a92f4445b9dff28264cc4ba	RumbleSandstone	Elemental/Graphics V5/Rumble Rock Lit	d0239ba4c83ca2a4e8f8ebeea7e809c4	140	60.59
Earth Online Runtime/Online Player Two Authoring/Earth Magic Runtime [Online Two]/Earth Platform 02/Platform Piece 19	V5_Physics_Boulder_02_CenteredUnit	Assets/Elemental/Content/GraphicsV5/Physics/V5_Physics_Boulder_02_CenteredUnit.asset	8865e400055100a48b08f0300d227217	RumbleSandstone	Elemental/Graphics V5/Rumble Rock Lit	d0239ba4c83ca2a4e8f8ebeea7e809c4	128	60.59
Earth Online Runtime/Online Player Two Authoring/Earth Magic Runtime [Online Two]/Earth Platform 02/Platform Piece 20	V5_Physics_Boulder_03_CenteredUnit	Assets/Elemental/Content/GraphicsV5/Physics/V5_Physics_Boulder_03_CenteredUnit.asset	4586f8f90eb8d9142b7b13004a95328e	RumbleSandstone	Elemental/Graphics V5/Rumble Rock Lit	d0239ba4c83ca2a4e8f8ebeea7e809c4	140	60.59
Earth Online Runtime/Online Player Two Authoring/Earth Magic Runtime [Online Two]/Earth Platform 02/Platform Piece 21	V5_Physics_Boulder_04_CenteredUnit	Assets/Elemental/Content/GraphicsV5/Physics/V5_Physics_Boulder_04_CenteredUnit.asset	77b3da2cd22d6c64fb9a0a3d68769e71	RumbleSandstone	Elemental/Graphics V5/Rumble Rock Lit	d0239ba4c83ca2a4e8f8ebeea7e809c4	152	60.59
Earth Online Runtime/Online Player Two Authoring/Earth Magic Runtime [Online Two]/Earth Platform 02/Platform Piece 22	V5_Physics_Boulder_05_CenteredUnit	Assets/Elemental/Content/GraphicsV5/Physics/V5_Physics_Boulder_05_CenteredUnit.asset	9458e42ababc9504f8929a3480df0061	RumbleSandstone	Elemental/Graphics V5/Rumble Rock Lit	d0239ba4c83ca2a4e8f8ebeea7e809c4	152	60.59
Earth Online Runtime/Online Player Two Authoring/Earth Magic Runtime [Online Two]/Earth Platform 02/Platform Piece 23	V5_Physics_Boulder_06_CenteredUnit	Assets/Elemental/Content/GraphicsV5/Physics/V5_Physics_Boulder_06_CenteredUnit.asset	479fb44e71569d745848cc9b592b1d5e	RumbleSandstone	Elemental/Graphics V5/Rumble Rock Lit	d0239ba4c83ca2a4e8f8ebeea7e809c4	128	60.59
Earth Online Runtime/Online Player Two Authoring/Earth Magic Runtime [Online Two]/Earth Platform 02/Platform Piece 24	V5_Physics_Boulder_07_CenteredUnit	Assets/Elemental/Content/GraphicsV5/Physics/V5_Physics_Boulder_07_CenteredUnit.asset	2d7c67f31bd7dce4bb75eb0e68552e86	RumbleSandstone	Elemental/Graphics V5/Rumble Rock Lit	d0239ba4c83ca2a4e8f8ebeea7e809c4	128	60.59
Earth Online Runtime/Online Player Two Authoring/Earth Magic Runtime [Online Two]/Earth Platform 02/Platform Piece 25	V5_Physics_Boulder_00_CenteredUnit	Assets/Elemental/Content/GraphicsV5/Physics/V5_Physics_Boulder_00_CenteredUnit.asset	23ad7314d6415c2489a6043042c898cb	RumbleSandstone	Elemental/Graphics V5/Rumble Rock Lit	d0239ba4c83ca2a4e8f8ebeea7e809c4	164	60.59
Earth Online Runtime/Online Player Two Authoring/Earth Magic Runtime [Online Two]/Earth Platform 02/Platform Piece 26	V5_Physics_Boulder_01_CenteredUnit	Assets/Elemental/Content/GraphicsV5/Physics/V5_Physics_Boulder_01_CenteredUnit.asset	e46e2e752a92f4445b9dff28264cc4ba	RumbleSandstone	Elemental/Graphics V5/Rumble Rock Lit	d0239ba4c83ca2a4e8f8ebeea7e809c4	140	60.59
Earth Online Runtime/Online Player Two Authoring/Earth Magic Runtime [Online Two]/Earth Platform 02/Platform Piece 27	V5_Physics_Boulder_02_CenteredUnit	Assets/Elemental/Content/GraphicsV5/Physics/V5_Physics_Boulder_02_CenteredUnit.asset	8865e400055100a48b08f0300d227217	RumbleSandstone	Elemental/Graphics V5/Rumble Rock Lit	d0239ba4c83ca2a4e8f8ebeea7e809c4	128	60.59
Earth Online Runtime/Online Player Two Authoring/Earth Magic Runtime [Online Two]/Earth Platform 02/Platform Piece 28	V5_Physics_Boulder_03_CenteredUnit	Assets/Elemental/Content/GraphicsV5/Physics/V5_Physics_Boulder_03_CenteredUnit.asset	4586f8f90eb8d9142b7b13004a95328e	RumbleSandstone	Elemental/Graphics V5/Rumble Rock Lit	d0239ba4c83ca2a4e8f8ebeea7e809c4	140	60.59
Earth Online Runtime/Online Player Two Authoring/Earth Magic Runtime [Online Two]/Earth Platform 02/Platform Piece 29	V5_Physics_Boulder_04_CenteredUnit	Assets/Elemental/Content/GraphicsV5/Physics/V5_Physics_Boulder_04_CenteredUnit.asset	77b3da2cd22d6c64fb9a0a3d68769e71	RumbleSandstone	Elemental/Graphics V5/Rumble Rock Lit	d0239ba4c83ca2a4e8f8ebeea7e809c4	152	60.59
Earth Online Runtime/Online Player Two Authoring/Earth Magic Runtime [Online Two]/Earth Platform 02/Platform Piece 30	V5_Physics_Boulder_05_CenteredUnit	Assets/Elemental/Content/GraphicsV5/Physics/V5_Physics_Boulder_05_CenteredUnit.asset	9458e42ababc9504f8929a3480df0061	RumbleSandstone	Elemental/Graphics V5/Rumble Rock Lit	d0239ba4c83ca2a4e8f8ebeea7e809c4	152	60.59
Earth Online Runtime/Online Player Two Authoring/Earth Magic Runtime [Online Two]/Earth Platform 02/Platform Piece 31	V5_Physics_Boulder_06_CenteredUnit	Assets/Elemental/Content/GraphicsV5/Physics/V5_Physics_Boulder_06_CenteredUnit.asset	479fb44e71569d745848cc9b592b1d5e	RumbleSandstone	Elemental/Graphics V5/Rumble Rock Lit	d0239ba4c83ca2a4e8f8ebeea7e809c4	128	60.59
Earth Online Runtime/Online Player Two Authoring/Earth Magic Runtime [Online Two]/Earth Platform 02/Platform Piece 32	V5_Physics_Boulder_07_CenteredUnit	Assets/Elemental/Content/GraphicsV5/Physics/V5_Physics_Boulder_07_CenteredUnit.asset	2d7c67f31bd7dce4bb75eb0e68552e86	RumbleSandstone	Elemental/Graphics V5/Rumble Rock Lit	d0239ba4c83ca2a4e8f8ebeea7e809c4	128	60.59
Earth Online Runtime/Online Player Two Authoring/Earth Magic Runtime [Online Two]/Earth Platform 02/Platform Piece 33	V5_Physics_Boulder_00_CenteredUnit	Assets/Elemental/Content/GraphicsV5/Physics/V5_Physics_Boulder_00_CenteredUnit.asset	23ad7314d6415c2489a6043042c898cb	RumbleSandstone	Elemental/Graphics V5/Rumble Rock Lit	d0239ba4c83ca2a4e8f8ebeea7e809c4	164	60.59
Earth Online Runtime/Online Player Two Authoring/Earth Magic Runtime [Online Two]/Earth Platform 02/Platform Piece 34	V5_Physics_Boulder_01_CenteredUnit	Assets/Elemental/Content/GraphicsV5/Physics/V5_Physics_Boulder_01_CenteredUnit.asset	e46e2e752a92f4445b9dff28264cc4ba	RumbleSandstone	Elemental/Graphics V5/Rumble Rock Lit	d0239ba4c83ca2a4e8f8ebeea7e809c4	140	60.59
Earth Online Runtime/Online Player Two Authoring/Earth Magic Runtime [Online Two]/Earth Platform 02/Platform Piece 35	V5_Physics_Boulder_02_CenteredUnit	Assets/Elemental/Content/GraphicsV5/Physics/V5_Physics_Boulder_02_CenteredUnit.asset	8865e400055100a48b08f0300d227217	RumbleSandstone	Elemental/Graphics V5/Rumble Rock Lit	d0239ba4c83ca2a4e8f8ebeea7e809c4	128	60.59
Earth Online Runtime/Online Player Two Authoring/Earth Magic Runtime [Online Two]/Earth Platform 02/Platform Piece 36	V5_Physics_Boulder_03_CenteredUnit	Assets/Elemental/Content/GraphicsV5/Physics/V5_Physics_Boulder_03_CenteredUnit.asset	4586f8f90eb8d9142b7b13004a95328e	RumbleSandstone	Elemental/Graphics V5/Rumble Rock Lit	d0239ba4c83ca2a4e8f8ebeea7e809c4	140	60.59
Earth Online Runtime/Online Player Two Authoring/Earth Magic Runtime [Online Two]/Earth Platform 02/Platform Piece 37	V5_Physics_Boulder_04_CenteredUnit	Assets/Elemental/Content/GraphicsV5/Physics/V5_Physics_Boulder_04_CenteredUnit.asset	77b3da2cd22d6c64fb9a0a3d68769e71	RumbleSandstone	Elemental/Graphics V5/Rumble Rock Lit	d0239ba4c83ca2a4e8f8ebeea7e809c4	152	60.59
Earth Online Runtime/Online Player Two Authoring/Earth Magic Runtime [Online Two]/Earth Platform 02/Platform Piece 38	V5_Physics_Boulder_05_CenteredUnit	Assets/Elemental/Content/GraphicsV5/Physics/V5_Physics_Boulder_05_CenteredUnit.asset	9458e42ababc9504f8929a3480df0061	RumbleSandstone	Elemental/Graphics V5/Rumble Rock Lit	d0239ba4c83ca2a4e8f8ebeea7e809c4	152	60.59
Earth Online Runtime/Online Player Two Authoring/Earth Magic Runtime [Online Two]/Earth Platform 02/Platform Piece 39	V5_Physics_Boulder_06_CenteredUnit	Assets/Elemental/Content/GraphicsV5/Physics/V5_Physics_Boulder_06_CenteredUnit.asset	479fb44e71569d745848cc9b592b1d5e	RumbleSandstone	Elemental/Graphics V5/Rumble Rock Lit	d0239ba4c83ca2a4e8f8ebeea7e809c4	128	60.59
Earth Online Runtime/Online Player Two Authoring/Earth Magic Runtime [Online Two]/Earth Platform 02/Platform Piece 40	V5_Physics_Boulder_07_CenteredUnit	Assets/Elemental/Content/GraphicsV5/Physics/V5_Physics_Boulder_07_CenteredUnit.asset	2d7c67f31bd7dce4bb75eb0e68552e86	RumbleSandstone	Elemental/Graphics V5/Rumble Rock Lit	d0239ba4c83ca2a4e8f8ebeea7e809c4	128	60.59
Earth Online Runtime/Online Player Two Authoring/Earth Magic Runtime [Online Two]/Earth Platform 02/Platform Piece 41	V5_Physics_Boulder_00_CenteredUnit	Assets/Elemental/Content/GraphicsV5/Physics/V5_Physics_Boulder_00_CenteredUnit.asset	23ad7314d6415c2489a6043042c898cb	RumbleSandstone	Elemental/Graphics V5/Rumble Rock Lit	d0239ba4c83ca2a4e8f8ebeea7e809c4	164	60.59
Earth Online Runtime/Online Player Two Authoring/Earth Magic Runtime [Online Two]/Earth Platform 02/Platform Piece 42	V5_Physics_Boulder_01_CenteredUnit	Assets/Elemental/Content/GraphicsV5/Physics/V5_Physics_Boulder_01_CenteredUnit.asset	e46e2e752a92f4445b9dff28264cc4ba	RumbleSandstone	Elemental/Graphics V5/Rumble Rock Lit	d0239ba4c83ca2a4e8f8ebeea7e809c4	140	60.59
Earth Online Runtime/Online Player Two Authoring/Earth Magic Runtime [Online Two]/Earth Platform 02/Platform Piece 43	V5_Physics_Boulder_02_CenteredUnit	Assets/Elemental/Content/GraphicsV5/Physics/V5_Physics_Boulder_02_CenteredUnit.asset	8865e400055100a48b08f0300d227217	RumbleSandstone	Elemental/Graphics V5/Rumble Rock Lit	d0239ba4c83ca2a4e8f8ebeea7e809c4	128	60.59
Earth Online Runtime/Online Player Two Authoring/Earth Magic Runtime [Online Two]/Earth Platform 02/Platform Piece 44	V5_Physics_Boulder_03_CenteredUnit	Assets/Elemental/Content/GraphicsV5/Physics/V5_Physics_Boulder_03_CenteredUnit.asset	4586f8f90eb8d9142b7b13004a95328e	RumbleSandstone	Elemental/Graphics V5/Rumble Rock Lit	d0239ba4c83ca2a4e8f8ebeea7e809c4	140	60.59
Earth Online Runtime/Online Player Two Authoring/Earth Magic Runtime [Online Two]/Earth Platform 02/Platform Piece 45	V5_Physics_Boulder_04_CenteredUnit	Assets/Elemental/Content/GraphicsV5/Physics/V5_Physics_Boulder_04_CenteredUnit.asset	77b3da2cd22d6c64fb9a0a3d68769e71	RumbleSandstone	Elemental/Graphics V5/Rumble Rock Lit	d0239ba4c83ca2a4e8f8ebeea7e809c4	152	60.59
Earth Online Runtime/Online Player Two Authoring/Earth Magic Runtime [Online Two]/Earth Platform 02/Platform Piece 46	V5_Physics_Boulder_05_CenteredUnit	Assets/Elemental/Content/GraphicsV5/Physics/V5_Physics_Boulder_05_CenteredUnit.asset	9458e42ababc9504f8929a3480df0061	RumbleSandstone	Elemental/Graphics V5/Rumble Rock Lit	d0239ba4c83ca2a4e8f8ebeea7e809c4	152	60.59
Earth Online Runtime/Online Player Two Authoring/Earth Magic Runtime [Online Two]/Earth Platform 02/Platform Piece 47	V5_Physics_Boulder_06_CenteredUnit	Assets/Elemental/Content/GraphicsV5/Physics/V5_Physics_Boulder_06_CenteredUnit.asset	479fb44e71569d745848cc9b592b1d5e	RumbleSandstone	Elemental/Graphics V5/Rumble Rock Lit	d0239ba4c83ca2a4e8f8ebeea7e809c4	128	60.59
Earth Online Runtime/Online Player Two Authoring/Earth Magic Runtime [Online Two]/Earth Platform 02/Platform Piece 48	V5_Physics_Boulder_07_CenteredUnit	Assets/Elemental/Content/GraphicsV5/Physics/V5_Physics_Boulder_07_CenteredUnit.asset	2d7c67f31bd7dce4bb75eb0e68552e86	RumbleSandstone	Elemental/Graphics V5/Rumble Rock Lit	d0239ba4c83ca2a4e8f8ebeea7e809c4	128	60.59
Earth Online Runtime/Online Player Two Authoring/Earth Magic Runtime [Online Two]/Earth Platform 03	Runtime Earth Platform			RumbleSandstone	Elemental/Graphics V5/Rumble Rock Lit	d0239ba4c83ca2a4e8f8ebeea7e809c4	32	60.15
Earth Online Runtime/Online Player Two Authoring/Earth Magic Runtime [Online Two]/Earth Platform 03/Platform Piece 01	V5_Physics_Boulder_00_CenteredUnit	Assets/Elemental/Content/GraphicsV5/Physics/V5_Physics_Boulder_00_CenteredUnit.asset	23ad7314d6415c2489a6043042c898cb	RumbleSandstone	Elemental/Graphics V5/Rumble Rock Lit	d0239ba4c83ca2a4e8f8ebeea7e809c4	164	60.59
Earth Online Runtime/Online Player Two Authoring/Earth Magic Runtime [Online Two]/Earth Platform 03/Platform Piece 02	V5_Physics_Boulder_01_CenteredUnit	Assets/Elemental/Content/GraphicsV5/Physics/V5_Physics_Boulder_01_CenteredUnit.asset	e46e2e752a92f4445b9dff28264cc4ba	RumbleSandstone	Elemental/Graphics V5/Rumble Rock Lit	d0239ba4c83ca2a4e8f8ebeea7e809c4	140	60.59
Earth Online Runtime/Online Player Two Authoring/Earth Magic Runtime [Online Two]/Earth Platform 03/Platform Piece 03	V5_Physics_Boulder_02_CenteredUnit	Assets/Elemental/Content/GraphicsV5/Physics/V5_Physics_Boulder_02_CenteredUnit.asset	8865e400055100a48b08f0300d227217	RumbleSandstone	Elemental/Graphics V5/Rumble Rock Lit	d0239ba4c83ca2a4e8f8ebeea7e809c4	128	60.59
Earth Online Runtime/Online Player Two Authoring/Earth Magic Runtime [Online Two]/Earth Platform 03/Platform Piece 04	V5_Physics_Boulder_03_CenteredUnit	Assets/Elemental/Content/GraphicsV5/Physics/V5_Physics_Boulder_03_CenteredUnit.asset	4586f8f90eb8d9142b7b13004a95328e	RumbleSandstone	Elemental/Graphics V5/Rumble Rock Lit	d0239ba4c83ca2a4e8f8ebeea7e809c4	140	60.59
Earth Online Runtime/Online Player Two Authoring/Earth Magic Runtime [Online Two]/Earth Platform 03/Platform Piece 05	V5_Physics_Boulder_04_CenteredUnit	Assets/Elemental/Content/GraphicsV5/Physics/V5_Physics_Boulder_04_CenteredUnit.asset	77b3da2cd22d6c64fb9a0a3d68769e71	RumbleSandstone	Elemental/Graphics V5/Rumble Rock Lit	d0239ba4c83ca2a4e8f8ebeea7e809c4	152	60.59
Earth Online Runtime/Online Player Two Authoring/Earth Magic Runtime [Online Two]/Earth Platform 03/Platform Piece 06	V5_Physics_Boulder_05_CenteredUnit	Assets/Elemental/Content/GraphicsV5/Physics/V5_Physics_Boulder_05_CenteredUnit.asset	9458e42ababc9504f8929a3480df0061	RumbleSandstone	Elemental/Graphics V5/Rumble Rock Lit	d0239ba4c83ca2a4e8f8ebeea7e809c4	152	60.59
Earth Online Runtime/Online Player Two Authoring/Earth Magic Runtime [Online Two]/Earth Platform 03/Platform Piece 07	V5_Physics_Boulder_06_CenteredUnit	Assets/Elemental/Content/GraphicsV5/Physics/V5_Physics_Boulder_06_CenteredUnit.asset	479fb44e71569d745848cc9b592b1d5e	RumbleSandstone	Elemental/Graphics V5/Rumble Rock Lit	d0239ba4c83ca2a4e8f8ebeea7e809c4	128	60.59
Earth Online Runtime/Online Player Two Authoring/Earth Magic Runtime [Online Two]/Earth Platform 03/Platform Piece 08	V5_Physics_Boulder_07_CenteredUnit	Assets/Elemental/Content/GraphicsV5/Physics/V5_Physics_Boulder_07_CenteredUnit.asset	2d7c67f31bd7dce4bb75eb0e68552e86	RumbleSandstone	Elemental/Graphics V5/Rumble Rock Lit	d0239ba4c83ca2a4e8f8ebeea7e809c4	128	60.59
Earth Online Runtime/Online Player Two Authoring/Earth Magic Runtime [Online Two]/Earth Platform 03/Platform Piece 09	V5_Physics_Boulder_00_CenteredUnit	Assets/Elemental/Content/GraphicsV5/Physics/V5_Physics_Boulder_00_CenteredUnit.asset	23ad7314d6415c2489a6043042c898cb	RumbleSandstone	Elemental/Graphics V5/Rumble Rock Lit	d0239ba4c83ca2a4e8f8ebeea7e809c4	164	60.59
Earth Online Runtime/Online Player Two Authoring/Earth Magic Runtime [Online Two]/Earth Platform 03/Platform Piece 10	V5_Physics_Boulder_01_CenteredUnit	Assets/Elemental/Content/GraphicsV5/Physics/V5_Physics_Boulder_01_CenteredUnit.asset	e46e2e752a92f4445b9dff28264cc4ba	RumbleSandstone	Elemental/Graphics V5/Rumble Rock Lit	d0239ba4c83ca2a4e8f8ebeea7e809c4	140	60.59
Earth Online Runtime/Online Player Two Authoring/Earth Magic Runtime [Online Two]/Earth Platform 03/Platform Piece 11	V5_Physics_Boulder_02_CenteredUnit	Assets/Elemental/Content/GraphicsV5/Physics/V5_Physics_Boulder_02_CenteredUnit.asset	8865e400055100a48b08f0300d227217	RumbleSandstone	Elemental/Graphics V5/Rumble Rock Lit	d0239ba4c83ca2a4e8f8ebeea7e809c4	128	60.59
Earth Online Runtime/Online Player Two Authoring/Earth Magic Runtime [Online Two]/Earth Platform 03/Platform Piece 12	V5_Physics_Boulder_03_CenteredUnit	Assets/Elemental/Content/GraphicsV5/Physics/V5_Physics_Boulder_03_CenteredUnit.asset	4586f8f90eb8d9142b7b13004a95328e	RumbleSandstone	Elemental/Graphics V5/Rumble Rock Lit	d0239ba4c83ca2a4e8f8ebeea7e809c4	140	60.59
Earth Online Runtime/Online Player Two Authoring/Earth Magic Runtime [Online Two]/Earth Platform 03/Platform Piece 13	V5_Physics_Boulder_04_CenteredUnit	Assets/Elemental/Content/GraphicsV5/Physics/V5_Physics_Boulder_04_CenteredUnit.asset	77b3da2cd22d6c64fb9a0a3d68769e71	RumbleSandstone	Elemental/Graphics V5/Rumble Rock Lit	d0239ba4c83ca2a4e8f8ebeea7e809c4	152	60.59
Earth Online Runtime/Online Player Two Authoring/Earth Magic Runtime [Online Two]/Earth Platform 03/Platform Piece 14	V5_Physics_Boulder_05_CenteredUnit	Assets/Elemental/Content/GraphicsV5/Physics/V5_Physics_Boulder_05_CenteredUnit.asset	9458e42ababc9504f8929a3480df0061	RumbleSandstone	Elemental/Graphics V5/Rumble Rock Lit	d0239ba4c83ca2a4e8f8ebeea7e809c4	152	60.59
Earth Online Runtime/Online Player Two Authoring/Earth Magic Runtime [Online Two]/Earth Platform 03/Platform Piece 15	V5_Physics_Boulder_06_CenteredUnit	Assets/Elemental/Content/GraphicsV5/Physics/V5_Physics_Boulder_06_CenteredUnit.asset	479fb44e71569d745848cc9b592b1d5e	RumbleSandstone	Elemental/Graphics V5/Rumble Rock Lit	d0239ba4c83ca2a4e8f8ebeea7e809c4	128	60.59
Earth Online Runtime/Online Player Two Authoring/Earth Magic Runtime [Online Two]/Earth Platform 03/Platform Piece 16	V5_Physics_Boulder_07_CenteredUnit	Assets/Elemental/Content/GraphicsV5/Physics/V5_Physics_Boulder_07_CenteredUnit.asset	2d7c67f31bd7dce4bb75eb0e68552e86	RumbleSandstone	Elemental/Graphics V5/Rumble Rock Lit	d0239ba4c83ca2a4e8f8ebeea7e809c4	128	60.59
Earth Online Runtime/Online Player Two Authoring/Earth Magic Runtime [Online Two]/Earth Platform 03/Platform Piece 17	V5_Physics_Boulder_00_CenteredUnit	Assets/Elemental/Content/GraphicsV5/Physics/V5_Physics_Boulder_00_CenteredUnit.asset	23ad7314d6415c2489a6043042c898cb	RumbleSandstone	Elemental/Graphics V5/Rumble Rock Lit	d0239ba4c83ca2a4e8f8ebeea7e809c4	164	60.59
Earth Online Runtime/Online Player Two Authoring/Earth Magic Runtime [Online Two]/Earth Platform 03/Platform Piece 18	V5_Physics_Boulder_01_CenteredUnit	Assets/Elemental/Content/GraphicsV5/Physics/V5_Physics_Boulder_01_CenteredUnit.asset	e46e2e752a92f4445b9dff28264cc4ba	RumbleSandstone	Elemental/Graphics V5/Rumble Rock Lit	d0239ba4c83ca2a4e8f8ebeea7e809c4	140	60.59
Earth Online Runtime/Online Player Two Authoring/Earth Magic Runtime [Online Two]/Earth Platform 03/Platform Piece 19	V5_Physics_Boulder_02_CenteredUnit	Assets/Elemental/Content/GraphicsV5/Physics/V5_Physics_Boulder_02_CenteredUnit.asset	8865e400055100a48b08f0300d227217	RumbleSandstone	Elemental/Graphics V5/Rumble Rock Lit	d0239ba4c83ca2a4e8f8ebeea7e809c4	128	60.59
Earth Online Runtime/Online Player Two Authoring/Earth Magic Runtime [Online Two]/Earth Platform 03/Platform Piece 20	V5_Physics_Boulder_03_CenteredUnit	Assets/Elemental/Content/GraphicsV5/Physics/V5_Physics_Boulder_03_CenteredUnit.asset	4586f8f90eb8d9142b7b13004a95328e	RumbleSandstone	Elemental/Graphics V5/Rumble Rock Lit	d0239ba4c83ca2a4e8f8ebeea7e809c4	140	60.59
Earth Online Runtime/Online Player Two Authoring/Earth Magic Runtime [Online Two]/Earth Platform 03/Platform Piece 21	V5_Physics_Boulder_04_CenteredUnit	Assets/Elemental/Content/GraphicsV5/Physics/V5_Physics_Boulder_04_CenteredUnit.asset	77b3da2cd22d6c64fb9a0a3d68769e71	RumbleSandstone	Elemental/Graphics V5/Rumble Rock Lit	d0239ba4c83ca2a4e8f8ebeea7e809c4	152	60.59
Earth Online Runtime/Online Player Two Authoring/Earth Magic Runtime [Online Two]/Earth Platform 03/Platform Piece 22	V5_Physics_Boulder_05_CenteredUnit	Assets/Elemental/Content/GraphicsV5/Physics/V5_Physics_Boulder_05_CenteredUnit.asset	9458e42ababc9504f8929a3480df0061	RumbleSandstone	Elemental/Graphics V5/Rumble Rock Lit	d0239ba4c83ca2a4e8f8ebeea7e809c4	152	60.59
Earth Online Runtime/Online Player Two Authoring/Earth Magic Runtime [Online Two]/Earth Platform 03/Platform Piece 23	V5_Physics_Boulder_06_CenteredUnit	Assets/Elemental/Content/GraphicsV5/Physics/V5_Physics_Boulder_06_CenteredUnit.asset	479fb44e71569d745848cc9b592b1d5e	RumbleSandstone	Elemental/Graphics V5/Rumble Rock Lit	d0239ba4c83ca2a4e8f8ebeea7e809c4	128	60.59
Earth Online Runtime/Online Player Two Authoring/Earth Magic Runtime [Online Two]/Earth Platform 03/Platform Piece 24	V5_Physics_Boulder_07_CenteredUnit	Assets/Elemental/Content/GraphicsV5/Physics/V5_Physics_Boulder_07_CenteredUnit.asset	2d7c67f31bd7dce4bb75eb0e68552e86	RumbleSandstone	Elemental/Graphics V5/Rumble Rock Lit	d0239ba4c83ca2a4e8f8ebeea7e809c4	128	60.59
Earth Online Runtime/Online Player Two Authoring/Earth Magic Runtime [Online Two]/Earth Platform 03/Platform Piece 25	V5_Physics_Boulder_00_CenteredUnit	Assets/Elemental/Content/GraphicsV5/Physics/V5_Physics_Boulder_00_CenteredUnit.asset	23ad7314d6415c2489a6043042c898cb	RumbleSandstone	Elemental/Graphics V5/Rumble Rock Lit	d0239ba4c83ca2a4e8f8ebeea7e809c4	164	60.59
Earth Online Runtime/Online Player Two Authoring/Earth Magic Runtime [Online Two]/Earth Platform 03/Platform Piece 26	V5_Physics_Boulder_01_CenteredUnit	Assets/Elemental/Content/GraphicsV5/Physics/V5_Physics_Boulder_01_CenteredUnit.asset	e46e2e752a92f4445b9dff28264cc4ba	RumbleSandstone	Elemental/Graphics V5/Rumble Rock Lit	d0239ba4c83ca2a4e8f8ebeea7e809c4	140	60.59
Earth Online Runtime/Online Player Two Authoring/Earth Magic Runtime [Online Two]/Earth Platform 03/Platform Piece 27	V5_Physics_Boulder_02_CenteredUnit	Assets/Elemental/Content/GraphicsV5/Physics/V5_Physics_Boulder_02_CenteredUnit.asset	8865e400055100a48b08f0300d227217	RumbleSandstone	Elemental/Graphics V5/Rumble Rock Lit	d0239ba4c83ca2a4e8f8ebeea7e809c4	128	60.59
Earth Online Runtime/Online Player Two Authoring/Earth Magic Runtime [Online Two]/Earth Platform 03/Platform Piece 28	V5_Physics_Boulder_03_CenteredUnit	Assets/Elemental/Content/GraphicsV5/Physics/V5_Physics_Boulder_03_CenteredUnit.asset	4586f8f90eb8d9142b7b13004a95328e	RumbleSandstone	Elemental/Graphics V5/Rumble Rock Lit	d0239ba4c83ca2a4e8f8ebeea7e809c4	140	60.59
Earth Online Runtime/Online Player Two Authoring/Earth Magic Runtime [Online Two]/Earth Platform 03/Platform Piece 29	V5_Physics_Boulder_04_CenteredUnit	Assets/Elemental/Content/GraphicsV5/Physics/V5_Physics_Boulder_04_CenteredUnit.asset	77b3da2cd22d6c64fb9a0a3d68769e71	RumbleSandstone	Elemental/Graphics V5/Rumble Rock Lit	d0239ba4c83ca2a4e8f8ebeea7e809c4	152	60.59
Earth Online Runtime/Online Player Two Authoring/Earth Magic Runtime [Online Two]/Earth Platform 03/Platform Piece 30	V5_Physics_Boulder_05_CenteredUnit	Assets/Elemental/Content/GraphicsV5/Physics/V5_Physics_Boulder_05_CenteredUnit.asset	9458e42ababc9504f8929a3480df0061	RumbleSandstone	Elemental/Graphics V5/Rumble Rock Lit	d0239ba4c83ca2a4e8f8ebeea7e809c4	152	60.59
Earth Online Runtime/Online Player Two Authoring/Earth Magic Runtime [Online Two]/Earth Platform 03/Platform Piece 31	V5_Physics_Boulder_06_CenteredUnit	Assets/Elemental/Content/GraphicsV5/Physics/V5_Physics_Boulder_06_CenteredUnit.asset	479fb44e71569d745848cc9b592b1d5e	RumbleSandstone	Elemental/Graphics V5/Rumble Rock Lit	d0239ba4c83ca2a4e8f8ebeea7e809c4	128	60.59
Earth Online Runtime/Online Player Two Authoring/Earth Magic Runtime [Online Two]/Earth Platform 03/Platform Piece 32	V5_Physics_Boulder_07_CenteredUnit	Assets/Elemental/Content/GraphicsV5/Physics/V5_Physics_Boulder_07_CenteredUnit.asset	2d7c67f31bd7dce4bb75eb0e68552e86	RumbleSandstone	Elemental/Graphics V5/Rumble Rock Lit	d0239ba4c83ca2a4e8f8ebeea7e809c4	128	60.59
Earth Online Runtime/Online Player Two Authoring/Earth Magic Runtime [Online Two]/Earth Platform 03/Platform Piece 33	V5_Physics_Boulder_00_CenteredUnit	Assets/Elemental/Content/GraphicsV5/Physics/V5_Physics_Boulder_00_CenteredUnit.asset	23ad7314d6415c2489a6043042c898cb	RumbleSandstone	Elemental/Graphics V5/Rumble Rock Lit	d0239ba4c83ca2a4e8f8ebeea7e809c4	164	60.59
Earth Online Runtime/Online Player Two Authoring/Earth Magic Runtime [Online Two]/Earth Platform 03/Platform Piece 34	V5_Physics_Boulder_01_CenteredUnit	Assets/Elemental/Content/GraphicsV5/Physics/V5_Physics_Boulder_01_CenteredUnit.asset	e46e2e752a92f4445b9dff28264cc4ba	RumbleSandstone	Elemental/Graphics V5/Rumble Rock Lit	d0239ba4c83ca2a4e8f8ebeea7e809c4	140	60.59
Earth Online Runtime/Online Player Two Authoring/Earth Magic Runtime [Online Two]/Earth Platform 03/Platform Piece 35	V5_Physics_Boulder_02_CenteredUnit	Assets/Elemental/Content/GraphicsV5/Physics/V5_Physics_Boulder_02_CenteredUnit.asset	8865e400055100a48b08f0300d227217	RumbleSandstone	Elemental/Graphics V5/Rumble Rock Lit	d0239ba4c83ca2a4e8f8ebeea7e809c4	128	60.59
Earth Online Runtime/Online Player Two Authoring/Earth Magic Runtime [Online Two]/Earth Platform 03/Platform Piece 36	V5_Physics_Boulder_03_CenteredUnit	Assets/Elemental/Content/GraphicsV5/Physics/V5_Physics_Boulder_03_CenteredUnit.asset	4586f8f90eb8d9142b7b13004a95328e	RumbleSandstone	Elemental/Graphics V5/Rumble Rock Lit	d0239ba4c83ca2a4e8f8ebeea7e809c4	140	60.59
Earth Online Runtime/Online Player Two Authoring/Earth Magic Runtime [Online Two]/Earth Platform 03/Platform Piece 37	V5_Physics_Boulder_04_CenteredUnit	Assets/Elemental/Content/GraphicsV5/Physics/V5_Physics_Boulder_04_CenteredUnit.asset	77b3da2cd22d6c64fb9a0a3d68769e71	RumbleSandstone	Elemental/Graphics V5/Rumble Rock Lit	d0239ba4c83ca2a4e8f8ebeea7e809c4	152	60.59
Earth Online Runtime/Online Player Two Authoring/Earth Magic Runtime [Online Two]/Earth Platform 03/Platform Piece 38	V5_Physics_Boulder_05_CenteredUnit	Assets/Elemental/Content/GraphicsV5/Physics/V5_Physics_Boulder_05_CenteredUnit.asset	9458e42ababc9504f8929a3480df0061	RumbleSandstone	Elemental/Graphics V5/Rumble Rock Lit	d0239ba4c83ca2a4e8f8ebeea7e809c4	152	60.59
Earth Online Runtime/Online Player Two Authoring/Earth Magic Runtime [Online Two]/Earth Platform 03/Platform Piece 39	V5_Physics_Boulder_06_CenteredUnit	Assets/Elemental/Content/GraphicsV5/Physics/V5_Physics_Boulder_06_CenteredUnit.asset	479fb44e71569d745848cc9b592b1d5e	RumbleSandstone	Elemental/Graphics V5/Rumble Rock Lit	d0239ba4c83ca2a4e8f8ebeea7e809c4	128	60.59
Earth Online Runtime/Online Player Two Authoring/Earth Magic Runtime [Online Two]/Earth Platform 03/Platform Piece 40	V5_Physics_Boulder_07_CenteredUnit	Assets/Elemental/Content/GraphicsV5/Physics/V5_Physics_Boulder_07_CenteredUnit.asset	2d7c67f31bd7dce4bb75eb0e68552e86	RumbleSandstone	Elemental/Graphics V5/Rumble Rock Lit	d0239ba4c83ca2a4e8f8ebeea7e809c4	128	60.59
Earth Online Runtime/Online Player Two Authoring/Earth Magic Runtime [Online Two]/Earth Platform 03/Platform Piece 41	V5_Physics_Boulder_00_CenteredUnit	Assets/Elemental/Content/GraphicsV5/Physics/V5_Physics_Boulder_00_CenteredUnit.asset	23ad7314d6415c2489a6043042c898cb	RumbleSandstone	Elemental/Graphics V5/Rumble Rock Lit	d0239ba4c83ca2a4e8f8ebeea7e809c4	164	60.59
Earth Online Runtime/Online Player Two Authoring/Earth Magic Runtime [Online Two]/Earth Platform 03/Platform Piece 42	V5_Physics_Boulder_01_CenteredUnit	Assets/Elemental/Content/GraphicsV5/Physics/V5_Physics_Boulder_01_CenteredUnit.asset	e46e2e752a92f4445b9dff28264cc4ba	RumbleSandstone	Elemental/Graphics V5/Rumble Rock Lit	d0239ba4c83ca2a4e8f8ebeea7e809c4	140	60.59
Earth Online Runtime/Online Player Two Authoring/Earth Magic Runtime [Online Two]/Earth Platform 03/Platform Piece 43	V5_Physics_Boulder_02_CenteredUnit	Assets/Elemental/Content/GraphicsV5/Physics/V5_Physics_Boulder_02_CenteredUnit.asset	8865e400055100a48b08f0300d227217	RumbleSandstone	Elemental/Graphics V5/Rumble Rock Lit	d0239ba4c83ca2a4e8f8ebeea7e809c4	128	60.59
Earth Online Runtime/Online Player Two Authoring/Earth Magic Runtime [Online Two]/Earth Platform 03/Platform Piece 44	V5_Physics_Boulder_03_CenteredUnit	Assets/Elemental/Content/GraphicsV5/Physics/V5_Physics_Boulder_03_CenteredUnit.asset	4586f8f90eb8d9142b7b13004a95328e	RumbleSandstone	Elemental/Graphics V5/Rumble Rock Lit	d0239ba4c83ca2a4e8f8ebeea7e809c4	140	60.59
Earth Online Runtime/Online Player Two Authoring/Earth Magic Runtime [Online Two]/Earth Platform 03/Platform Piece 45	V5_Physics_Boulder_04_CenteredUnit	Assets/Elemental/Content/GraphicsV5/Physics/V5_Physics_Boulder_04_CenteredUnit.asset	77b3da2cd22d6c64fb9a0a3d68769e71	RumbleSandstone	Elemental/Graphics V5/Rumble Rock Lit	d0239ba4c83ca2a4e8f8ebeea7e809c4	152	60.59
Earth Online Runtime/Online Player Two Authoring/Earth Magic Runtime [Online Two]/Earth Platform 03/Platform Piece 46	V5_Physics_Boulder_05_CenteredUnit	Assets/Elemental/Content/GraphicsV5/Physics/V5_Physics_Boulder_05_CenteredUnit.asset	9458e42ababc9504f8929a3480df0061	RumbleSandstone	Elemental/Graphics V5/Rumble Rock Lit	d0239ba4c83ca2a4e8f8ebeea7e809c4	152	60.59
Earth Online Runtime/Online Player Two Authoring/Earth Magic Runtime [Online Two]/Earth Platform 03/Platform Piece 47	V5_Physics_Boulder_06_CenteredUnit	Assets/Elemental/Content/GraphicsV5/Physics/V5_Physics_Boulder_06_CenteredUnit.asset	479fb44e71569d745848cc9b592b1d5e	RumbleSandstone	Elemental/Graphics V5/Rumble Rock Lit	d0239ba4c83ca2a4e8f8ebeea7e809c4	128	60.59
Earth Online Runtime/Online Player Two Authoring/Earth Magic Runtime [Online Two]/Earth Platform 03/Platform Piece 48	V5_Physics_Boulder_07_CenteredUnit	Assets/Elemental/Content/GraphicsV5/Physics/V5_Physics_Boulder_07_CenteredUnit.asset	2d7c67f31bd7dce4bb75eb0e68552e86	RumbleSandstone	Elemental/Graphics V5/Rumble Rock Lit	d0239ba4c83ca2a4e8f8ebeea7e809c4	128	60.59
Earth Online Runtime/Online Player Two Authoring/Earth Magic Runtime [Online Two]/Earth Platform 05	Runtime Earth Platform			RumbleSandstone	Elemental/Graphics V5/Rumble Rock Lit	d0239ba4c83ca2a4e8f8ebeea7e809c4	32	60.15
Earth Online Runtime/Online Player Two Authoring/Earth Magic Runtime [Online Two]/Earth Platform 05/Platform Piece 01	V5_Physics_Boulder_00_CenteredUnit	Assets/Elemental/Content/GraphicsV5/Physics/V5_Physics_Boulder_00_CenteredUnit.asset	23ad7314d6415c2489a6043042c898cb	RumbleSandstone	Elemental/Graphics V5/Rumble Rock Lit	d0239ba4c83ca2a4e8f8ebeea7e809c4	164	60.59
Earth Online Runtime/Online Player Two Authoring/Earth Magic Runtime [Online Two]/Earth Platform 05/Platform Piece 02	V5_Physics_Boulder_01_CenteredUnit	Assets/Elemental/Content/GraphicsV5/Physics/V5_Physics_Boulder_01_CenteredUnit.asset	e46e2e752a92f4445b9dff28264cc4ba	RumbleSandstone	Elemental/Graphics V5/Rumble Rock Lit	d0239ba4c83ca2a4e8f8ebeea7e809c4	140	60.59
Earth Online Runtime/Online Player Two Authoring/Earth Magic Runtime [Online Two]/Earth Platform 05/Platform Piece 03	V5_Physics_Boulder_02_CenteredUnit	Assets/Elemental/Content/GraphicsV5/Physics/V5_Physics_Boulder_02_CenteredUnit.asset	8865e400055100a48b08f0300d227217	RumbleSandstone	Elemental/Graphics V5/Rumble Rock Lit	d0239ba4c83ca2a4e8f8ebeea7e809c4	128	60.59
Earth Online Runtime/Online Player Two Authoring/Earth Magic Runtime [Online Two]/Earth Platform 05/Platform Piece 04	V5_Physics_Boulder_03_CenteredUnit	Assets/Elemental/Content/GraphicsV5/Physics/V5_Physics_Boulder_03_CenteredUnit.asset	4586f8f90eb8d9142b7b13004a95328e	RumbleSandstone	Elemental/Graphics V5/Rumble Rock Lit	d0239ba4c83ca2a4e8f8ebeea7e809c4	140	60.59
Earth Online Runtime/Online Player Two Authoring/Earth Magic Runtime [Online Two]/Earth Platform 05/Platform Piece 05	V5_Physics_Boulder_04_CenteredUnit	Assets/Elemental/Content/GraphicsV5/Physics/V5_Physics_Boulder_04_CenteredUnit.asset	77b3da2cd22d6c64fb9a0a3d68769e71	RumbleSandstone	Elemental/Graphics V5/Rumble Rock Lit	d0239ba4c83ca2a4e8f8ebeea7e809c4	152	60.59
Earth Online Runtime/Online Player Two Authoring/Earth Magic Runtime [Online Two]/Earth Platform 05/Platform Piece 06	V5_Physics_Boulder_05_CenteredUnit	Assets/Elemental/Content/GraphicsV5/Physics/V5_Physics_Boulder_05_CenteredUnit.asset	9458e42ababc9504f8929a3480df0061	RumbleSandstone	Elemental/Graphics V5/Rumble Rock Lit	d0239ba4c83ca2a4e8f8ebeea7e809c4	152	60.59
Earth Online Runtime/Online Player Two Authoring/Earth Magic Runtime [Online Two]/Earth Platform 05/Platform Piece 07	V5_Physics_Boulder_06_CenteredUnit	Assets/Elemental/Content/GraphicsV5/Physics/V5_Physics_Boulder_06_CenteredUnit.asset	479fb44e71569d745848cc9b592b1d5e	RumbleSandstone	Elemental/Graphics V5/Rumble Rock Lit	d0239ba4c83ca2a4e8f8ebeea7e809c4	128	60.59
Earth Online Runtime/Online Player Two Authoring/Earth Magic Runtime [Online Two]/Earth Platform 05/Platform Piece 08	V5_Physics_Boulder_07_CenteredUnit	Assets/Elemental/Content/GraphicsV5/Physics/V5_Physics_Boulder_07_CenteredUnit.asset	2d7c67f31bd7dce4bb75eb0e68552e86	RumbleSandstone	Elemental/Graphics V5/Rumble Rock Lit	d0239ba4c83ca2a4e8f8ebeea7e809c4	128	60.59
Earth Online Runtime/Online Player Two Authoring/Earth Magic Runtime [Online Two]/Earth Platform 05/Platform Piece 09	V5_Physics_Boulder_00_CenteredUnit	Assets/Elemental/Content/GraphicsV5/Physics/V5_Physics_Boulder_00_CenteredUnit.asset	23ad7314d6415c2489a6043042c898cb	RumbleSandstone	Elemental/Graphics V5/Rumble Rock Lit	d0239ba4c83ca2a4e8f8ebeea7e809c4	164	60.59
Earth Online Runtime/Online Player Two Authoring/Earth Magic Runtime [Online Two]/Earth Platform 05/Platform Piece 10	V5_Physics_Boulder_01_CenteredUnit	Assets/Elemental/Content/GraphicsV5/Physics/V5_Physics_Boulder_01_CenteredUnit.asset	e46e2e752a92f4445b9dff28264cc4ba	RumbleSandstone	Elemental/Graphics V5/Rumble Rock Lit	d0239ba4c83ca2a4e8f8ebeea7e809c4	140	60.59
Earth Online Runtime/Online Player Two Authoring/Earth Magic Runtime [Online Two]/Earth Platform 05/Platform Piece 11	V5_Physics_Boulder_02_CenteredUnit	Assets/Elemental/Content/GraphicsV5/Physics/V5_Physics_Boulder_02_CenteredUnit.asset	8865e400055100a48b08f0300d227217	RumbleSandstone	Elemental/Graphics V5/Rumble Rock Lit	d0239ba4c83ca2a4e8f8ebeea7e809c4	128	60.59
Earth Online Runtime/Online Player Two Authoring/Earth Magic Runtime [Online Two]/Earth Platform 05/Platform Piece 12	V5_Physics_Boulder_03_CenteredUnit	Assets/Elemental/Content/GraphicsV5/Physics/V5_Physics_Boulder_03_CenteredUnit.asset	4586f8f90eb8d9142b7b13004a95328e	RumbleSandstone	Elemental/Graphics V5/Rumble Rock Lit	d0239ba4c83ca2a4e8f8ebeea7e809c4	140	60.59
Earth Online Runtime/Online Player Two Authoring/Earth Magic Runtime [Online Two]/Earth Platform 05/Platform Piece 13	V5_Physics_Boulder_04_CenteredUnit	Assets/Elemental/Content/GraphicsV5/Physics/V5_Physics_Boulder_04_CenteredUnit.asset	77b3da2cd22d6c64fb9a0a3d68769e71	RumbleSandstone	Elemental/Graphics V5/Rumble Rock Lit	d0239ba4c83ca2a4e8f8ebeea7e809c4	152	60.59
Earth Online Runtime/Online Player Two Authoring/Earth Magic Runtime [Online Two]/Earth Platform 05/Platform Piece 14	V5_Physics_Boulder_05_CenteredUnit	Assets/Elemental/Content/GraphicsV5/Physics/V5_Physics_Boulder_05_CenteredUnit.asset	9458e42ababc9504f8929a3480df0061	RumbleSandstone	Elemental/Graphics V5/Rumble Rock Lit	d0239ba4c83ca2a4e8f8ebeea7e809c4	152	60.59
Earth Online Runtime/Online Player Two Authoring/Earth Magic Runtime [Online Two]/Earth Platform 05/Platform Piece 15	V5_Physics_Boulder_06_CenteredUnit	Assets/Elemental/Content/GraphicsV5/Physics/V5_Physics_Boulder_06_CenteredUnit.asset	479fb44e71569d745848cc9b592b1d5e	RumbleSandstone	Elemental/Graphics V5/Rumble Rock Lit	d0239ba4c83ca2a4e8f8ebeea7e809c4	128	60.59
Earth Online Runtime/Online Player Two Authoring/Earth Magic Runtime [Online Two]/Earth Platform 05/Platform Piece 16	V5_Physics_Boulder_07_CenteredUnit	Assets/Elemental/Content/GraphicsV5/Physics/V5_Physics_Boulder_07_CenteredUnit.asset	2d7c67f31bd7dce4bb75eb0e68552e86	RumbleSandstone	Elemental/Graphics V5/Rumble Rock Lit	d0239ba4c83ca2a4e8f8ebeea7e809c4	128	60.59
Earth Online Runtime/Online Player Two Authoring/Earth Magic Runtime [Online Two]/Earth Platform 05/Platform Piece 17	V5_Physics_Boulder_00_CenteredUnit	Assets/Elemental/Content/GraphicsV5/Physics/V5_Physics_Boulder_00_CenteredUnit.asset	23ad7314d6415c2489a6043042c898cb	RumbleSandstone	Elemental/Graphics V5/Rumble Rock Lit	d0239ba4c83ca2a4e8f8ebeea7e809c4	164	60.59
Earth Online Runtime/Online Player Two Authoring/Earth Magic Runtime [Online Two]/Earth Platform 05/Platform Piece 18	V5_Physics_Boulder_01_CenteredUnit	Assets/Elemental/Content/GraphicsV5/Physics/V5_Physics_Boulder_01_CenteredUnit.asset	e46e2e752a92f4445b9dff28264cc4ba	RumbleSandstone	Elemental/Graphics V5/Rumble Rock Lit	d0239ba4c83ca2a4e8f8ebeea7e809c4	140	60.59
Earth Online Runtime/Online Player Two Authoring/Earth Magic Runtime [Online Two]/Earth Platform 05/Platform Piece 19	V5_Physics_Boulder_02_CenteredUnit	Assets/Elemental/Content/GraphicsV5/Physics/V5_Physics_Boulder_02_CenteredUnit.asset	8865e400055100a48b08f0300d227217	RumbleSandstone	Elemental/Graphics V5/Rumble Rock Lit	d0239ba4c83ca2a4e8f8ebeea7e809c4	128	60.59
Earth Online Runtime/Online Player Two Authoring/Earth Magic Runtime [Online Two]/Earth Platform 05/Platform Piece 20	V5_Physics_Boulder_03_CenteredUnit	Assets/Elemental/Content/GraphicsV5/Physics/V5_Physics_Boulder_03_CenteredUnit.asset	4586f8f90eb8d9142b7b13004a95328e	RumbleSandstone	Elemental/Graphics V5/Rumble Rock Lit	d0239ba4c83ca2a4e8f8ebeea7e809c4	140	60.59
Earth Online Runtime/Online Player Two Authoring/Earth Magic Runtime [Online Two]/Earth Platform 05/Platform Piece 21	V5_Physics_Boulder_04_CenteredUnit	Assets/Elemental/Content/GraphicsV5/Physics/V5_Physics_Boulder_04_CenteredUnit.asset	77b3da2cd22d6c64fb9a0a3d68769e71	RumbleSandstone	Elemental/Graphics V5/Rumble Rock Lit	d0239ba4c83ca2a4e8f8ebeea7e809c4	152	60.59
Earth Online Runtime/Online Player Two Authoring/Earth Magic Runtime [Online Two]/Earth Platform 05/Platform Piece 22	V5_Physics_Boulder_05_CenteredUnit	Assets/Elemental/Content/GraphicsV5/Physics/V5_Physics_Boulder_05_CenteredUnit.asset	9458e42ababc9504f8929a3480df0061	RumbleSandstone	Elemental/Graphics V5/Rumble Rock Lit	d0239ba4c83ca2a4e8f8ebeea7e809c4	152	60.59
Earth Online Runtime/Online Player Two Authoring/Earth Magic Runtime [Online Two]/Earth Platform 05/Platform Piece 23	V5_Physics_Boulder_06_CenteredUnit	Assets/Elemental/Content/GraphicsV5/Physics/V5_Physics_Boulder_06_CenteredUnit.asset	479fb44e71569d745848cc9b592b1d5e	RumbleSandstone	Elemental/Graphics V5/Rumble Rock Lit	d0239ba4c83ca2a4e8f8ebeea7e809c4	128	60.59
Earth Online Runtime/Online Player Two Authoring/Earth Magic Runtime [Online Two]/Earth Platform 05/Platform Piece 24	V5_Physics_Boulder_07_CenteredUnit	Assets/Elemental/Content/GraphicsV5/Physics/V5_Physics_Boulder_07_CenteredUnit.asset	2d7c67f31bd7dce4bb75eb0e68552e86	RumbleSandstone	Elemental/Graphics V5/Rumble Rock Lit	d0239ba4c83ca2a4e8f8ebeea7e809c4	128	60.59
Earth Online Runtime/Online Player Two Authoring/Earth Magic Runtime [Online Two]/Earth Platform 05/Platform Piece 25	V5_Physics_Boulder_00_CenteredUnit	Assets/Elemental/Content/GraphicsV5/Physics/V5_Physics_Boulder_00_CenteredUnit.asset	23ad7314d6415c2489a6043042c898cb	RumbleSandstone	Elemental/Graphics V5/Rumble Rock Lit	d0239ba4c83ca2a4e8f8ebeea7e809c4	164	60.59
Earth Online Runtime/Online Player Two Authoring/Earth Magic Runtime [Online Two]/Earth Platform 05/Platform Piece 26	V5_Physics_Boulder_01_CenteredUnit	Assets/Elemental/Content/GraphicsV5/Physics/V5_Physics_Boulder_01_CenteredUnit.asset	e46e2e752a92f4445b9dff28264cc4ba	RumbleSandstone	Elemental/Graphics V5/Rumble Rock Lit	d0239ba4c83ca2a4e8f8ebeea7e809c4	140	60.59
Earth Online Runtime/Online Player Two Authoring/Earth Magic Runtime [Online Two]/Earth Platform 05/Platform Piece 27	V5_Physics_Boulder_02_CenteredUnit	Assets/Elemental/Content/GraphicsV5/Physics/V5_Physics_Boulder_02_CenteredUnit.asset	8865e400055100a48b08f0300d227217	RumbleSandstone	Elemental/Graphics V5/Rumble Rock Lit	d0239ba4c83ca2a4e8f8ebeea7e809c4	128	60.59
Earth Online Runtime/Online Player Two Authoring/Earth Magic Runtime [Online Two]/Earth Platform 05/Platform Piece 28	V5_Physics_Boulder_03_CenteredUnit	Assets/Elemental/Content/GraphicsV5/Physics/V5_Physics_Boulder_03_CenteredUnit.asset	4586f8f90eb8d9142b7b13004a95328e	RumbleSandstone	Elemental/Graphics V5/Rumble Rock Lit	d0239ba4c83ca2a4e8f8ebeea7e809c4	140	60.59
Earth Online Runtime/Online Player Two Authoring/Earth Magic Runtime [Online Two]/Earth Platform 05/Platform Piece 29	V5_Physics_Boulder_04_CenteredUnit	Assets/Elemental/Content/GraphicsV5/Physics/V5_Physics_Boulder_04_CenteredUnit.asset	77b3da2cd22d6c64fb9a0a3d68769e71	RumbleSandstone	Elemental/Graphics V5/Rumble Rock Lit	d0239ba4c83ca2a4e8f8ebeea7e809c4	152	60.59
Earth Online Runtime/Online Player Two Authoring/Earth Magic Runtime [Online Two]/Earth Platform 05/Platform Piece 30	V5_Physics_Boulder_05_CenteredUnit	Assets/Elemental/Content/GraphicsV5/Physics/V5_Physics_Boulder_05_CenteredUnit.asset	9458e42ababc9504f8929a3480df0061	RumbleSandstone	Elemental/Graphics V5/Rumble Rock Lit	d0239ba4c83ca2a4e8f8ebeea7e809c4	152	60.59
Earth Online Runtime/Online Player Two Authoring/Earth Magic Runtime [Online Two]/Earth Platform 05/Platform Piece 31	V5_Physics_Boulder_06_CenteredUnit	Assets/Elemental/Content/GraphicsV5/Physics/V5_Physics_Boulder_06_CenteredUnit.asset	479fb44e71569d745848cc9b592b1d5e	RumbleSandstone	Elemental/Graphics V5/Rumble Rock Lit	d0239ba4c83ca2a4e8f8ebeea7e809c4	128	60.59
Earth Online Runtime/Online Player Two Authoring/Earth Magic Runtime [Online Two]/Earth Platform 05/Platform Piece 32	V5_Physics_Boulder_07_CenteredUnit	Assets/Elemental/Content/GraphicsV5/Physics/V5_Physics_Boulder_07_CenteredUnit.asset	2d7c67f31bd7dce4bb75eb0e68552e86	RumbleSandstone	Elemental/Graphics V5/Rumble Rock Lit	d0239ba4c83ca2a4e8f8ebeea7e809c4	128	60.59
Earth Online Runtime/Online Player Two Authoring/Earth Magic Runtime [Online Two]/Earth Platform 05/Platform Piece 33	V5_Physics_Boulder_00_CenteredUnit	Assets/Elemental/Content/GraphicsV5/Physics/V5_Physics_Boulder_00_CenteredUnit.asset	23ad7314d6415c2489a6043042c898cb	RumbleSandstone	Elemental/Graphics V5/Rumble Rock Lit	d0239ba4c83ca2a4e8f8ebeea7e809c4	164	60.59
Earth Online Runtime/Online Player Two Authoring/Earth Magic Runtime [Online Two]/Earth Platform 05/Platform Piece 34	V5_Physics_Boulder_01_CenteredUnit	Assets/Elemental/Content/GraphicsV5/Physics/V5_Physics_Boulder_01_CenteredUnit.asset	e46e2e752a92f4445b9dff28264cc4ba	RumbleSandstone	Elemental/Graphics V5/Rumble Rock Lit	d0239ba4c83ca2a4e8f8ebeea7e809c4	140	60.59
Earth Online Runtime/Online Player Two Authoring/Earth Magic Runtime [Online Two]/Earth Platform 05/Platform Piece 35	V5_Physics_Boulder_02_CenteredUnit	Assets/Elemental/Content/GraphicsV5/Physics/V5_Physics_Boulder_02_CenteredUnit.asset	8865e400055100a48b08f0300d227217	RumbleSandstone	Elemental/Graphics V5/Rumble Rock Lit	d0239ba4c83ca2a4e8f8ebeea7e809c4	128	60.59
Earth Online Runtime/Online Player Two Authoring/Earth Magic Runtime [Online Two]/Earth Platform 05/Platform Piece 36	V5_Physics_Boulder_03_CenteredUnit	Assets/Elemental/Content/GraphicsV5/Physics/V5_Physics_Boulder_03_CenteredUnit.asset	4586f8f90eb8d9142b7b13004a95328e	RumbleSandstone	Elemental/Graphics V5/Rumble Rock Lit	d0239ba4c83ca2a4e8f8ebeea7e809c4	140	60.59
Earth Online Runtime/Online Player Two Authoring/Earth Magic Runtime [Online Two]/Earth Platform 05/Platform Piece 37	V5_Physics_Boulder_04_CenteredUnit	Assets/Elemental/Content/GraphicsV5/Physics/V5_Physics_Boulder_04_CenteredUnit.asset	77b3da2cd22d6c64fb9a0a3d68769e71	RumbleSandstone	Elemental/Graphics V5/Rumble Rock Lit	d0239ba4c83ca2a4e8f8ebeea7e809c4	152	60.59
Earth Online Runtime/Online Player Two Authoring/Earth Magic Runtime [Online Two]/Earth Platform 05/Platform Piece 38	V5_Physics_Boulder_05_CenteredUnit	Assets/Elemental/Content/GraphicsV5/Physics/V5_Physics_Boulder_05_CenteredUnit.asset	9458e42ababc9504f8929a3480df0061	RumbleSandstone	Elemental/Graphics V5/Rumble Rock Lit	d0239ba4c83ca2a4e8f8ebeea7e809c4	152	60.59
Earth Online Runtime/Online Player Two Authoring/Earth Magic Runtime [Online Two]/Earth Platform 05/Platform Piece 39	V5_Physics_Boulder_06_CenteredUnit	Assets/Elemental/Content/GraphicsV5/Physics/V5_Physics_Boulder_06_CenteredUnit.asset	479fb44e71569d745848cc9b592b1d5e	RumbleSandstone	Elemental/Graphics V5/Rumble Rock Lit	d0239ba4c83ca2a4e8f8ebeea7e809c4	128	60.59
Earth Online Runtime/Online Player Two Authoring/Earth Magic Runtime [Online Two]/Earth Platform 05/Platform Piece 40	V5_Physics_Boulder_07_CenteredUnit	Assets/Elemental/Content/GraphicsV5/Physics/V5_Physics_Boulder_07_CenteredUnit.asset	2d7c67f31bd7dce4bb75eb0e68552e86	RumbleSandstone	Elemental/Graphics V5/Rumble Rock Lit	d0239ba4c83ca2a4e8f8ebeea7e809c4	128	60.59
Earth Online Runtime/Online Player Two Authoring/Earth Magic Runtime [Online Two]/Earth Platform 05/Platform Piece 41	V5_Physics_Boulder_00_CenteredUnit	Assets/Elemental/Content/GraphicsV5/Physics/V5_Physics_Boulder_00_CenteredUnit.asset	23ad7314d6415c2489a6043042c898cb	RumbleSandstone	Elemental/Graphics V5/Rumble Rock Lit	d0239ba4c83ca2a4e8f8ebeea7e809c4	164	60.59
Earth Online Runtime/Online Player Two Authoring/Earth Magic Runtime [Online Two]/Earth Platform 05/Platform Piece 42	V5_Physics_Boulder_01_CenteredUnit	Assets/Elemental/Content/GraphicsV5/Physics/V5_Physics_Boulder_01_CenteredUnit.asset	e46e2e752a92f4445b9dff28264cc4ba	RumbleSandstone	Elemental/Graphics V5/Rumble Rock Lit	d0239ba4c83ca2a4e8f8ebeea7e809c4	140	60.59
Earth Online Runtime/Online Player Two Authoring/Earth Magic Runtime [Online Two]/Earth Platform 05/Platform Piece 43	V5_Physics_Boulder_02_CenteredUnit	Assets/Elemental/Content/GraphicsV5/Physics/V5_Physics_Boulder_02_CenteredUnit.asset	8865e400055100a48b08f0300d227217	RumbleSandstone	Elemental/Graphics V5/Rumble Rock Lit	d0239ba4c83ca2a4e8f8ebeea7e809c4	128	60.59
Earth Online Runtime/Online Player Two Authoring/Earth Magic Runtime [Online Two]/Earth Platform 05/Platform Piece 44	V5_Physics_Boulder_03_CenteredUnit	Assets/Elemental/Content/GraphicsV5/Physics/V5_Physics_Boulder_03_CenteredUnit.asset	4586f8f90eb8d9142b7b13004a95328e	RumbleSandstone	Elemental/Graphics V5/Rumble Rock Lit	d0239ba4c83ca2a4e8f8ebeea7e809c4	140	60.59
Earth Online Runtime/Online Player Two Authoring/Earth Magic Runtime [Online Two]/Earth Platform 05/Platform Piece 45	V5_Physics_Boulder_04_CenteredUnit	Assets/Elemental/Content/GraphicsV5/Physics/V5_Physics_Boulder_04_CenteredUnit.asset	77b3da2cd22d6c64fb9a0a3d68769e71	RumbleSandstone	Elemental/Graphics V5/Rumble Rock Lit	d0239ba4c83ca2a4e8f8ebeea7e809c4	152	60.59
Earth Online Runtime/Online Player Two Authoring/Earth Magic Runtime [Online Two]/Earth Platform 05/Platform Piece 46	V5_Physics_Boulder_05_CenteredUnit	Assets/Elemental/Content/GraphicsV5/Physics/V5_Physics_Boulder_05_CenteredUnit.asset	9458e42ababc9504f8929a3480df0061	RumbleSandstone	Elemental/Graphics V5/Rumble Rock Lit	d0239ba4c83ca2a4e8f8ebeea7e809c4	152	60.59
Earth Online Runtime/Online Player Two Authoring/Earth Magic Runtime [Online Two]/Earth Platform 05/Platform Piece 47	V5_Physics_Boulder_06_CenteredUnit	Assets/Elemental/Content/GraphicsV5/Physics/V5_Physics_Boulder_06_CenteredUnit.asset	479fb44e71569d745848cc9b592b1d5e	RumbleSandstone	Elemental/Graphics V5/Rumble Rock Lit	d0239ba4c83ca2a4e8f8ebeea7e809c4	128	60.59
Earth Online Runtime/Online Player Two Authoring/Earth Magic Runtime [Online Two]/Earth Platform 05/Platform Piece 48	V5_Physics_Boulder_07_CenteredUnit	Assets/Elemental/Content/GraphicsV5/Physics/V5_Physics_Boulder_07_CenteredUnit.asset	2d7c67f31bd7dce4bb75eb0e68552e86	RumbleSandstone	Elemental/Graphics V5/Rumble Rock Lit	d0239ba4c83ca2a4e8f8ebeea7e809c4	128	60.59
Earth Online Runtime/Online Player Two Authoring/Earth Magic Runtime [Online Two]/Earth Platform 06	Runtime Earth Platform			RumbleSandstone	Elemental/Graphics V5/Rumble Rock Lit	d0239ba4c83ca2a4e8f8ebeea7e809c4	32	60.15
Earth Online Runtime/Online Player Two Authoring/Earth Magic Runtime [Online Two]/Earth Platform 06/Platform Piece 01	V5_Physics_Boulder_00_CenteredUnit	Assets/Elemental/Content/GraphicsV5/Physics/V5_Physics_Boulder_00_CenteredUnit.asset	23ad7314d6415c2489a6043042c898cb	RumbleSandstone	Elemental/Graphics V5/Rumble Rock Lit	d0239ba4c83ca2a4e8f8ebeea7e809c4	164	60.59
Earth Online Runtime/Online Player Two Authoring/Earth Magic Runtime [Online Two]/Earth Platform 06/Platform Piece 02	V5_Physics_Boulder_01_CenteredUnit	Assets/Elemental/Content/GraphicsV5/Physics/V5_Physics_Boulder_01_CenteredUnit.asset	e46e2e752a92f4445b9dff28264cc4ba	RumbleSandstone	Elemental/Graphics V5/Rumble Rock Lit	d0239ba4c83ca2a4e8f8ebeea7e809c4	140	60.59
Earth Online Runtime/Online Player Two Authoring/Earth Magic Runtime [Online Two]/Earth Platform 06/Platform Piece 03	V5_Physics_Boulder_02_CenteredUnit	Assets/Elemental/Content/GraphicsV5/Physics/V5_Physics_Boulder_02_CenteredUnit.asset	8865e400055100a48b08f0300d227217	RumbleSandstone	Elemental/Graphics V5/Rumble Rock Lit	d0239ba4c83ca2a4e8f8ebeea7e809c4	128	60.59
Earth Online Runtime/Online Player Two Authoring/Earth Magic Runtime [Online Two]/Earth Platform 06/Platform Piece 04	V5_Physics_Boulder_03_CenteredUnit	Assets/Elemental/Content/GraphicsV5/Physics/V5_Physics_Boulder_03_CenteredUnit.asset	4586f8f90eb8d9142b7b13004a95328e	RumbleSandstone	Elemental/Graphics V5/Rumble Rock Lit	d0239ba4c83ca2a4e8f8ebeea7e809c4	140	60.59
Earth Online Runtime/Online Player Two Authoring/Earth Magic Runtime [Online Two]/Earth Platform 06/Platform Piece 05	V5_Physics_Boulder_04_CenteredUnit	Assets/Elemental/Content/GraphicsV5/Physics/V5_Physics_Boulder_04_CenteredUnit.asset	77b3da2cd22d6c64fb9a0a3d68769e71	RumbleSandstone	Elemental/Graphics V5/Rumble Rock Lit	d0239ba4c83ca2a4e8f8ebeea7e809c4	152	60.59
Earth Online Runtime/Online Player Two Authoring/Earth Magic Runtime [Online Two]/Earth Platform 06/Platform Piece 06	V5_Physics_Boulder_05_CenteredUnit	Assets/Elemental/Content/GraphicsV5/Physics/V5_Physics_Boulder_05_CenteredUnit.asset	9458e42ababc9504f8929a3480df0061	RumbleSandstone	Elemental/Graphics V5/Rumble Rock Lit	d0239ba4c83ca2a4e8f8ebeea7e809c4	152	60.59
Earth Online Runtime/Online Player Two Authoring/Earth Magic Runtime [Online Two]/Earth Platform 06/Platform Piece 07	V5_Physics_Boulder_06_CenteredUnit	Assets/Elemental/Content/GraphicsV5/Physics/V5_Physics_Boulder_06_CenteredUnit.asset	479fb44e71569d745848cc9b592b1d5e	RumbleSandstone	Elemental/Graphics V5/Rumble Rock Lit	d0239ba4c83ca2a4e8f8ebeea7e809c4	128	60.59
Earth Online Runtime/Online Player Two Authoring/Earth Magic Runtime [Online Two]/Earth Platform 06/Platform Piece 08	V5_Physics_Boulder_07_CenteredUnit	Assets/Elemental/Content/GraphicsV5/Physics/V5_Physics_Boulder_07_CenteredUnit.asset	2d7c67f31bd7dce4bb75eb0e68552e86	RumbleSandstone	Elemental/Graphics V5/Rumble Rock Lit	d0239ba4c83ca2a4e8f8ebeea7e809c4	128	60.59
Earth Online Runtime/Online Player Two Authoring/Earth Magic Runtime [Online Two]/Earth Platform 06/Platform Piece 09	V5_Physics_Boulder_00_CenteredUnit	Assets/Elemental/Content/GraphicsV5/Physics/V5_Physics_Boulder_00_CenteredUnit.asset	23ad7314d6415c2489a6043042c898cb	RumbleSandstone	Elemental/Graphics V5/Rumble Rock Lit	d0239ba4c83ca2a4e8f8ebeea7e809c4	164	60.59
Earth Online Runtime/Online Player Two Authoring/Earth Magic Runtime [Online Two]/Earth Platform 06/Platform Piece 10	V5_Physics_Boulder_01_CenteredUnit	Assets/Elemental/Content/GraphicsV5/Physics/V5_Physics_Boulder_01_CenteredUnit.asset	e46e2e752a92f4445b9dff28264cc4ba	RumbleSandstone	Elemental/Graphics V5/Rumble Rock Lit	d0239ba4c83ca2a4e8f8ebeea7e809c4	140	60.59
Earth Online Runtime/Online Player Two Authoring/Earth Magic Runtime [Online Two]/Earth Platform 06/Platform Piece 11	V5_Physics_Boulder_02_CenteredUnit	Assets/Elemental/Content/GraphicsV5/Physics/V5_Physics_Boulder_02_CenteredUnit.asset	8865e400055100a48b08f0300d227217	RumbleSandstone	Elemental/Graphics V5/Rumble Rock Lit	d0239ba4c83ca2a4e8f8ebeea7e809c4	128	60.59
Earth Online Runtime/Online Player Two Authoring/Earth Magic Runtime [Online Two]/Earth Platform 06/Platform Piece 12	V5_Physics_Boulder_03_CenteredUnit	Assets/Elemental/Content/GraphicsV5/Physics/V5_Physics_Boulder_03_CenteredUnit.asset	4586f8f90eb8d9142b7b13004a95328e	RumbleSandstone	Elemental/Graphics V5/Rumble Rock Lit	d0239ba4c83ca2a4e8f8ebeea7e809c4	140	60.59
Earth Online Runtime/Online Player Two Authoring/Earth Magic Runtime [Online Two]/Earth Platform 06/Platform Piece 13	V5_Physics_Boulder_04_CenteredUnit	Assets/Elemental/Content/GraphicsV5/Physics/V5_Physics_Boulder_04_CenteredUnit.asset	77b3da2cd22d6c64fb9a0a3d68769e71	RumbleSandstone	Elemental/Graphics V5/Rumble Rock Lit	d0239ba4c83ca2a4e8f8ebeea7e809c4	152	60.59
Earth Online Runtime/Online Player Two Authoring/Earth Magic Runtime [Online Two]/Earth Platform 06/Platform Piece 14	V5_Physics_Boulder_05_CenteredUnit	Assets/Elemental/Content/GraphicsV5/Physics/V5_Physics_Boulder_05_CenteredUnit.asset	9458e42ababc9504f8929a3480df0061	RumbleSandstone	Elemental/Graphics V5/Rumble Rock Lit	d0239ba4c83ca2a4e8f8ebeea7e809c4	152	60.59
Earth Online Runtime/Online Player Two Authoring/Earth Magic Runtime [Online Two]/Earth Platform 06/Platform Piece 15	V5_Physics_Boulder_06_CenteredUnit	Assets/Elemental/Content/GraphicsV5/Physics/V5_Physics_Boulder_06_CenteredUnit.asset	479fb44e71569d745848cc9b592b1d5e	RumbleSandstone	Elemental/Graphics V5/Rumble Rock Lit	d0239ba4c83ca2a4e8f8ebeea7e809c4	128	60.59
Earth Online Runtime/Online Player Two Authoring/Earth Magic Runtime [Online Two]/Earth Platform 06/Platform Piece 16	V5_Physics_Boulder_07_CenteredUnit	Assets/Elemental/Content/GraphicsV5/Physics/V5_Physics_Boulder_07_CenteredUnit.asset	2d7c67f31bd7dce4bb75eb0e68552e86	RumbleSandstone	Elemental/Graphics V5/Rumble Rock Lit	d0239ba4c83ca2a4e8f8ebeea7e809c4	128	60.59
Earth Online Runtime/Online Player Two Authoring/Earth Magic Runtime [Online Two]/Earth Platform 06/Platform Piece 17	V5_Physics_Boulder_00_CenteredUnit	Assets/Elemental/Content/GraphicsV5/Physics/V5_Physics_Boulder_00_CenteredUnit.asset	23ad7314d6415c2489a6043042c898cb	RumbleSandstone	Elemental/Graphics V5/Rumble Rock Lit	d0239ba4c83ca2a4e8f8ebeea7e809c4	164	60.59
Earth Online Runtime/Online Player Two Authoring/Earth Magic Runtime [Online Two]/Earth Platform 06/Platform Piece 18	V5_Physics_Boulder_01_CenteredUnit	Assets/Elemental/Content/GraphicsV5/Physics/V5_Physics_Boulder_01_CenteredUnit.asset	e46e2e752a92f4445b9dff28264cc4ba	RumbleSandstone	Elemental/Graphics V5/Rumble Rock Lit	d0239ba4c83ca2a4e8f8ebeea7e809c4	140	60.59
Earth Online Runtime/Online Player Two Authoring/Earth Magic Runtime [Online Two]/Earth Platform 06/Platform Piece 19	V5_Physics_Boulder_02_CenteredUnit	Assets/Elemental/Content/GraphicsV5/Physics/V5_Physics_Boulder_02_CenteredUnit.asset	8865e400055100a48b08f0300d227217	RumbleSandstone	Elemental/Graphics V5/Rumble Rock Lit	d0239ba4c83ca2a4e8f8ebeea7e809c4	128	60.59
Earth Online Runtime/Online Player Two Authoring/Earth Magic Runtime [Online Two]/Earth Platform 06/Platform Piece 20	V5_Physics_Boulder_03_CenteredUnit	Assets/Elemental/Content/GraphicsV5/Physics/V5_Physics_Boulder_03_CenteredUnit.asset	4586f8f90eb8d9142b7b13004a95328e	RumbleSandstone	Elemental/Graphics V5/Rumble Rock Lit	d0239ba4c83ca2a4e8f8ebeea7e809c4	140	60.59
Earth Online Runtime/Online Player Two Authoring/Earth Magic Runtime [Online Two]/Earth Platform 06/Platform Piece 21	V5_Physics_Boulder_04_CenteredUnit	Assets/Elemental/Content/GraphicsV5/Physics/V5_Physics_Boulder_04_CenteredUnit.asset	77b3da2cd22d6c64fb9a0a3d68769e71	RumbleSandstone	Elemental/Graphics V5/Rumble Rock Lit	d0239ba4c83ca2a4e8f8ebeea7e809c4	152	60.59
Earth Online Runtime/Online Player Two Authoring/Earth Magic Runtime [Online Two]/Earth Platform 06/Platform Piece 22	V5_Physics_Boulder_05_CenteredUnit	Assets/Elemental/Content/GraphicsV5/Physics/V5_Physics_Boulder_05_CenteredUnit.asset	9458e42ababc9504f8929a3480df0061	RumbleSandstone	Elemental/Graphics V5/Rumble Rock Lit	d0239ba4c83ca2a4e8f8ebeea7e809c4	152	60.59
Earth Online Runtime/Online Player Two Authoring/Earth Magic Runtime [Online Two]/Earth Platform 06/Platform Piece 23	V5_Physics_Boulder_06_CenteredUnit	Assets/Elemental/Content/GraphicsV5/Physics/V5_Physics_Boulder_06_CenteredUnit.asset	479fb44e71569d745848cc9b592b1d5e	RumbleSandstone	Elemental/Graphics V5/Rumble Rock Lit	d0239ba4c83ca2a4e8f8ebeea7e809c4	128	60.59
Earth Online Runtime/Online Player Two Authoring/Earth Magic Runtime [Online Two]/Earth Platform 06/Platform Piece 24	V5_Physics_Boulder_07_CenteredUnit	Assets/Elemental/Content/GraphicsV5/Physics/V5_Physics_Boulder_07_CenteredUnit.asset	2d7c67f31bd7dce4bb75eb0e68552e86	RumbleSandstone	Elemental/Graphics V5/Rumble Rock Lit	d0239ba4c83ca2a4e8f8ebeea7e809c4	128	60.59
Earth Online Runtime/Online Player Two Authoring/Earth Magic Runtime [Online Two]/Earth Platform 06/Platform Piece 25	V5_Physics_Boulder_00_CenteredUnit	Assets/Elemental/Content/GraphicsV5/Physics/V5_Physics_Boulder_00_CenteredUnit.asset	23ad7314d6415c2489a6043042c898cb	RumbleSandstone	Elemental/Graphics V5/Rumble Rock Lit	d0239ba4c83ca2a4e8f8ebeea7e809c4	164	60.59
Earth Online Runtime/Online Player Two Authoring/Earth Magic Runtime [Online Two]/Earth Platform 06/Platform Piece 26	V5_Physics_Boulder_01_CenteredUnit	Assets/Elemental/Content/GraphicsV5/Physics/V5_Physics_Boulder_01_CenteredUnit.asset	e46e2e752a92f4445b9dff28264cc4ba	RumbleSandstone	Elemental/Graphics V5/Rumble Rock Lit	d0239ba4c83ca2a4e8f8ebeea7e809c4	140	60.59
Earth Online Runtime/Online Player Two Authoring/Earth Magic Runtime [Online Two]/Earth Platform 06/Platform Piece 27	V5_Physics_Boulder_02_CenteredUnit	Assets/Elemental/Content/GraphicsV5/Physics/V5_Physics_Boulder_02_CenteredUnit.asset	8865e400055100a48b08f0300d227217	RumbleSandstone	Elemental/Graphics V5/Rumble Rock Lit	d0239ba4c83ca2a4e8f8ebeea7e809c4	128	60.59
Earth Online Runtime/Online Player Two Authoring/Earth Magic Runtime [Online Two]/Earth Platform 06/Platform Piece 28	V5_Physics_Boulder_03_CenteredUnit	Assets/Elemental/Content/GraphicsV5/Physics/V5_Physics_Boulder_03_CenteredUnit.asset	4586f8f90eb8d9142b7b13004a95328e	RumbleSandstone	Elemental/Graphics V5/Rumble Rock Lit	d0239ba4c83ca2a4e8f8ebeea7e809c4	140	60.59
Earth Online Runtime/Online Player Two Authoring/Earth Magic Runtime [Online Two]/Earth Platform 06/Platform Piece 29	V5_Physics_Boulder_04_CenteredUnit	Assets/Elemental/Content/GraphicsV5/Physics/V5_Physics_Boulder_04_CenteredUnit.asset	77b3da2cd22d6c64fb9a0a3d68769e71	RumbleSandstone	Elemental/Graphics V5/Rumble Rock Lit	d0239ba4c83ca2a4e8f8ebeea7e809c4	152	60.59
Earth Online Runtime/Online Player Two Authoring/Earth Magic Runtime [Online Two]/Earth Platform 06/Platform Piece 30	V5_Physics_Boulder_05_CenteredUnit	Assets/Elemental/Content/GraphicsV5/Physics/V5_Physics_Boulder_05_CenteredUnit.asset	9458e42ababc9504f8929a3480df0061	RumbleSandstone	Elemental/Graphics V5/Rumble Rock Lit	d0239ba4c83ca2a4e8f8ebeea7e809c4	152	60.59
Earth Online Runtime/Online Player Two Authoring/Earth Magic Runtime [Online Two]/Earth Platform 06/Platform Piece 31	V5_Physics_Boulder_06_CenteredUnit	Assets/Elemental/Content/GraphicsV5/Physics/V5_Physics_Boulder_06_CenteredUnit.asset	479fb44e71569d745848cc9b592b1d5e	RumbleSandstone	Elemental/Graphics V5/Rumble Rock Lit	d0239ba4c83ca2a4e8f8ebeea7e809c4	128	60.59
Earth Online Runtime/Online Player Two Authoring/Earth Magic Runtime [Online Two]/Earth Platform 06/Platform Piece 32	V5_Physics_Boulder_07_CenteredUnit	Assets/Elemental/Content/GraphicsV5/Physics/V5_Physics_Boulder_07_CenteredUnit.asset	2d7c67f31bd7dce4bb75eb0e68552e86	RumbleSandstone	Elemental/Graphics V5/Rumble Rock Lit	d0239ba4c83ca2a4e8f8ebeea7e809c4	128	60.59
Earth Online Runtime/Online Player Two Authoring/Earth Magic Runtime [Online Two]/Earth Platform 06/Platform Piece 33	V5_Physics_Boulder_00_CenteredUnit	Assets/Elemental/Content/GraphicsV5/Physics/V5_Physics_Boulder_00_CenteredUnit.asset	23ad7314d6415c2489a6043042c898cb	RumbleSandstone	Elemental/Graphics V5/Rumble Rock Lit	d0239ba4c83ca2a4e8f8ebeea7e809c4	164	60.59
Earth Online Runtime/Online Player Two Authoring/Earth Magic Runtime [Online Two]/Earth Platform 06/Platform Piece 34	V5_Physics_Boulder_01_CenteredUnit	Assets/Elemental/Content/GraphicsV5/Physics/V5_Physics_Boulder_01_CenteredUnit.asset	e46e2e752a92f4445b9dff28264cc4ba	RumbleSandstone	Elemental/Graphics V5/Rumble Rock Lit	d0239ba4c83ca2a4e8f8ebeea7e809c4	140	60.59
Earth Online Runtime/Online Player Two Authoring/Earth Magic Runtime [Online Two]/Earth Platform 06/Platform Piece 35	V5_Physics_Boulder_02_CenteredUnit	Assets/Elemental/Content/GraphicsV5/Physics/V5_Physics_Boulder_02_CenteredUnit.asset	8865e400055100a48b08f0300d227217	RumbleSandstone	Elemental/Graphics V5/Rumble Rock Lit	d0239ba4c83ca2a4e8f8ebeea7e809c4	128	60.59
Earth Online Runtime/Online Player Two Authoring/Earth Magic Runtime [Online Two]/Earth Platform 06/Platform Piece 36	V5_Physics_Boulder_03_CenteredUnit	Assets/Elemental/Content/GraphicsV5/Physics/V5_Physics_Boulder_03_CenteredUnit.asset	4586f8f90eb8d9142b7b13004a95328e	RumbleSandstone	Elemental/Graphics V5/Rumble Rock Lit	d0239ba4c83ca2a4e8f8ebeea7e809c4	140	60.59
Earth Online Runtime/Online Player Two Authoring/Earth Magic Runtime [Online Two]/Earth Platform 06/Platform Piece 37	V5_Physics_Boulder_04_CenteredUnit	Assets/Elemental/Content/GraphicsV5/Physics/V5_Physics_Boulder_04_CenteredUnit.asset	77b3da2cd22d6c64fb9a0a3d68769e71	RumbleSandstone	Elemental/Graphics V5/Rumble Rock Lit	d0239ba4c83ca2a4e8f8ebeea7e809c4	152	60.59
Earth Online Runtime/Online Player Two Authoring/Earth Magic Runtime [Online Two]/Earth Platform 06/Platform Piece 38	V5_Physics_Boulder_05_CenteredUnit	Assets/Elemental/Content/GraphicsV5/Physics/V5_Physics_Boulder_05_CenteredUnit.asset	9458e42ababc9504f8929a3480df0061	RumbleSandstone	Elemental/Graphics V5/Rumble Rock Lit	d0239ba4c83ca2a4e8f8ebeea7e809c4	152	60.59
Earth Online Runtime/Online Player Two Authoring/Earth Magic Runtime [Online Two]/Earth Platform 06/Platform Piece 39	V5_Physics_Boulder_06_CenteredUnit	Assets/Elemental/Content/GraphicsV5/Physics/V5_Physics_Boulder_06_CenteredUnit.asset	479fb44e71569d745848cc9b592b1d5e	RumbleSandstone	Elemental/Graphics V5/Rumble Rock Lit	d0239ba4c83ca2a4e8f8ebeea7e809c4	128	60.59
Earth Online Runtime/Online Player Two Authoring/Earth Magic Runtime [Online Two]/Earth Platform 06/Platform Piece 40	V5_Physics_Boulder_07_CenteredUnit	Assets/Elemental/Content/GraphicsV5/Physics/V5_Physics_Boulder_07_CenteredUnit.asset	2d7c67f31bd7dce4bb75eb0e68552e86	RumbleSandstone	Elemental/Graphics V5/Rumble Rock Lit	d0239ba4c83ca2a4e8f8ebeea7e809c4	128	60.59
Earth Online Runtime/Online Player Two Authoring/Earth Magic Runtime [Online Two]/Earth Platform 06/Platform Piece 41	V5_Physics_Boulder_00_CenteredUnit	Assets/Elemental/Content/GraphicsV5/Physics/V5_Physics_Boulder_00_CenteredUnit.asset	23ad7314d6415c2489a6043042c898cb	RumbleSandstone	Elemental/Graphics V5/Rumble Rock Lit	d0239ba4c83ca2a4e8f8ebeea7e809c4	164	60.59
Earth Online Runtime/Online Player Two Authoring/Earth Magic Runtime [Online Two]/Earth Platform 06/Platform Piece 42	V5_Physics_Boulder_01_CenteredUnit	Assets/Elemental/Content/GraphicsV5/Physics/V5_Physics_Boulder_01_CenteredUnit.asset	e46e2e752a92f4445b9dff28264cc4ba	RumbleSandstone	Elemental/Graphics V5/Rumble Rock Lit	d0239ba4c83ca2a4e8f8ebeea7e809c4	140	60.59
Earth Online Runtime/Online Player Two Authoring/Earth Magic Runtime [Online Two]/Earth Platform 06/Platform Piece 43	V5_Physics_Boulder_02_CenteredUnit	Assets/Elemental/Content/GraphicsV5/Physics/V5_Physics_Boulder_02_CenteredUnit.asset	8865e400055100a48b08f0300d227217	RumbleSandstone	Elemental/Graphics V5/Rumble Rock Lit	d0239ba4c83ca2a4e8f8ebeea7e809c4	128	60.59
Earth Online Runtime/Online Player Two Authoring/Earth Magic Runtime [Online Two]/Earth Platform 06/Platform Piece 44	V5_Physics_Boulder_03_CenteredUnit	Assets/Elemental/Content/GraphicsV5/Physics/V5_Physics_Boulder_03_CenteredUnit.asset	4586f8f90eb8d9142b7b13004a95328e	RumbleSandstone	Elemental/Graphics V5/Rumble Rock Lit	d0239ba4c83ca2a4e8f8ebeea7e809c4	140	60.59
Earth Online Runtime/Online Player Two Authoring/Earth Magic Runtime [Online Two]/Earth Platform 06/Platform Piece 45	V5_Physics_Boulder_04_CenteredUnit	Assets/Elemental/Content/GraphicsV5/Physics/V5_Physics_Boulder_04_CenteredUnit.asset	77b3da2cd22d6c64fb9a0a3d68769e71	RumbleSandstone	Elemental/Graphics V5/Rumble Rock Lit	d0239ba4c83ca2a4e8f8ebeea7e809c4	152	60.59
Earth Online Runtime/Online Player Two Authoring/Earth Magic Runtime [Online Two]/Earth Platform 06/Platform Piece 46	V5_Physics_Boulder_05_CenteredUnit	Assets/Elemental/Content/GraphicsV5/Physics/V5_Physics_Boulder_05_CenteredUnit.asset	9458e42ababc9504f8929a3480df0061	RumbleSandstone	Elemental/Graphics V5/Rumble Rock Lit	d0239ba4c83ca2a4e8f8ebeea7e809c4	152	60.59
Earth Online Runtime/Online Player Two Authoring/Earth Magic Runtime [Online Two]/Earth Platform 06/Platform Piece 47	V5_Physics_Boulder_06_CenteredUnit	Assets/Elemental/Content/GraphicsV5/Physics/V5_Physics_Boulder_06_CenteredUnit.asset	479fb44e71569d745848cc9b592b1d5e	RumbleSandstone	Elemental/Graphics V5/Rumble Rock Lit	d0239ba4c83ca2a4e8f8ebeea7e809c4	128	60.59
Earth Online Runtime/Online Player Two Authoring/Earth Magic Runtime [Online Two]/Earth Platform 06/Platform Piece 48	V5_Physics_Boulder_07_CenteredUnit	Assets/Elemental/Content/GraphicsV5/Physics/V5_Physics_Boulder_07_CenteredUnit.asset	2d7c67f31bd7dce4bb75eb0e68552e86	RumbleSandstone	Elemental/Graphics V5/Rumble Rock Lit	d0239ba4c83ca2a4e8f8ebeea7e809c4	128	60.59
Earth Online Runtime/Online Player Two Authoring/Earth Magic Runtime [Online Two]/Earth Platform 06	Runtime Earth Platform			RumbleSandstone	Elemental/Graphics V5/Rumble Rock Lit	d0239ba4c83ca2a4e8f8ebeea7e809c4	32	60.15
Earth Online Runtime/Online Player Two Authoring/Earth Magic Runtime [Online Two]/Earth Platform 06/Platform Piece 01	V5_Physics_Boulder_00_CenteredUnit	Assets/Elemental/Content/GraphicsV5/Physics/V5_Physics_Boulder_00_CenteredUnit.asset	23ad7314d6415c2489a6043042c898cb	RumbleSandstone	Elemental/Graphics V5/Rumble Rock Lit	d0239ba4c83ca2a4e8f8ebeea7e809c4	164	60.59
Earth Online Runtime/Online Player Two Authoring/Earth Magic Runtime [Online Two]/Earth Platform 06/Platform Piece 02	V5_Physics_Boulder_01_CenteredUnit	Assets/Elemental/Content/GraphicsV5/Physics/V5_Physics_Boulder_01_CenteredUnit.asset	e46e2e752a92f4445b9dff28264cc4ba	RumbleSandstone	Elemental/Graphics V5/Rumble Rock Lit	d0239ba4c83ca2a4e8f8ebeea7e809c4	140	60.59
Earth Online Runtime/Online Player Two Authoring/Earth Magic Runtime [Online Two]/Earth Platform 06/Platform Piece 03	V5_Physics_Boulder_02_CenteredUnit	Assets/Elemental/Content/GraphicsV5/Physics/V5_Physics_Boulder_02_CenteredUnit.asset	8865e400055100a48b08f0300d227217	RumbleSandstone	Elemental/Graphics V5/Rumble Rock Lit	d0239ba4c83ca2a4e8f8ebeea7e809c4	128	60.59
Earth Online Runtime/Online Player Two Authoring/Earth Magic Runtime [Online Two]/Earth Platform 06/Platform Piece 04	V5_Physics_Boulder_03_CenteredUnit	Assets/Elemental/Content/GraphicsV5/Physics/V5_Physics_Boulder_03_CenteredUnit.asset	4586f8f90eb8d9142b7b13004a95328e	RumbleSandstone	Elemental/Graphics V5/Rumble Rock Lit	d0239ba4c83ca2a4e8f8ebeea7e809c4	140	60.59
Earth Online Runtime/Online Player Two Authoring/Earth Magic Runtime [Online Two]/Earth Platform 06/Platform Piece 05	V5_Physics_Boulder_04_CenteredUnit	Assets/Elemental/Content/GraphicsV5/Physics/V5_Physics_Boulder_04_CenteredUnit.asset	77b3da2cd22d6c64fb9a0a3d68769e71	RumbleSandstone	Elemental/Graphics V5/Rumble Rock Lit	d0239ba4c83ca2a4e8f8ebeea7e809c4	152	60.59
Earth Online Runtime/Online Player Two Authoring/Earth Magic Runtime [Online Two]/Earth Platform 06/Platform Piece 06	V5_Physics_Boulder_05_CenteredUnit	Assets/Elemental/Content/GraphicsV5/Physics/V5_Physics_Boulder_05_CenteredUnit.asset	9458e42ababc9504f8929a3480df0061	RumbleSandstone	Elemental/Graphics V5/Rumble Rock Lit	d0239ba4c83ca2a4e8f8ebeea7e809c4	152	60.59
Earth Online Runtime/Online Player Two Authoring/Earth Magic Runtime [Online Two]/Earth Platform 06/Platform Piece 07	V5_Physics_Boulder_06_CenteredUnit	Assets/Elemental/Content/GraphicsV5/Physics/V5_Physics_Boulder_06_CenteredUnit.asset	479fb44e71569d745848cc9b592b1d5e	RumbleSandstone	Elemental/Graphics V5/Rumble Rock Lit	d0239ba4c83ca2a4e8f8ebeea7e809c4	128	60.59
Earth Online Runtime/Online Player Two Authoring/Earth Magic Runtime [Online Two]/Earth Platform 06/Platform Piece 08	V5_Physics_Boulder_07_CenteredUnit	Assets/Elemental/Content/GraphicsV5/Physics/V5_Physics_Boulder_07_CenteredUnit.asset	2d7c67f31bd7dce4bb75eb0e68552e86	RumbleSandstone	Elemental/Graphics V5/Rumble Rock Lit	d0239ba4c83ca2a4e8f8ebeea7e809c4	128	60.59
Earth Online Runtime/Online Player Two Authoring/Earth Magic Runtime [Online Two]/Earth Platform 06/Platform Piece 09	V5_Physics_Boulder_00_CenteredUnit	Assets/Elemental/Content/GraphicsV5/Physics/V5_Physics_Boulder_00_CenteredUnit.asset	23ad7314d6415c2489a6043042c898cb	RumbleSandstone	Elemental/Graphics V5/Rumble Rock Lit	d0239ba4c83ca2a4e8f8ebeea7e809c4	164	60.59
Earth Online Runtime/Online Player Two Authoring/Earth Magic Runtime [Online Two]/Earth Platform 06/Platform Piece 10	V5_Physics_Boulder_01_CenteredUnit	Assets/Elemental/Content/GraphicsV5/Physics/V5_Physics_Boulder_01_CenteredUnit.asset	e46e2e752a92f4445b9dff28264cc4ba	RumbleSandstone	Elemental/Graphics V5/Rumble Rock Lit	d0239ba4c83ca2a4e8f8ebeea7e809c4	140	60.59
Earth Online Runtime/Online Player Two Authoring/Earth Magic Runtime [Online Two]/Earth Platform 06/Platform Piece 11	V5_Physics_Boulder_02_CenteredUnit	Assets/Elemental/Content/GraphicsV5/Physics/V5_Physics_Boulder_02_CenteredUnit.asset	8865e400055100a48b08f0300d227217	RumbleSandstone	Elemental/Graphics V5/Rumble Rock Lit	d0239ba4c83ca2a4e8f8ebeea7e809c4	128	60.59
Earth Online Runtime/Online Player Two Authoring/Earth Magic Runtime [Online Two]/Earth Platform 06/Platform Piece 12	V5_Physics_Boulder_03_CenteredUnit	Assets/Elemental/Content/GraphicsV5/Physics/V5_Physics_Boulder_03_CenteredUnit.asset	4586f8f90eb8d9142b7b13004a95328e	RumbleSandstone	Elemental/Graphics V5/Rumble Rock Lit	d0239ba4c83ca2a4e8f8ebeea7e809c4	140	60.59
Earth Online Runtime/Online Player Two Authoring/Earth Magic Runtime [Online Two]/Earth Platform 06/Platform Piece 13	V5_Physics_Boulder_04_CenteredUnit	Assets/Elemental/Content/GraphicsV5/Physics/V5_Physics_Boulder_04_CenteredUnit.asset	77b3da2cd22d6c64fb9a0a3d68769e71	RumbleSandstone	Elemental/Graphics V5/Rumble Rock Lit	d0239ba4c83ca2a4e8f8ebeea7e809c4	152	60.59
Earth Online Runtime/Online Player Two Authoring/Earth Magic Runtime [Online Two]/Earth Platform 06/Platform Piece 14	V5_Physics_Boulder_05_CenteredUnit	Assets/Elemental/Content/GraphicsV5/Physics/V5_Physics_Boulder_05_CenteredUnit.asset	9458e42ababc9504f8929a3480df0061	RumbleSandstone	Elemental/Graphics V5/Rumble Rock Lit	d0239ba4c83ca2a4e8f8ebeea7e809c4	152	60.59
Earth Online Runtime/Online Player Two Authoring/Earth Magic Runtime [Online Two]/Earth Platform 06/Platform Piece 15	V5_Physics_Boulder_06_CenteredUnit	Assets/Elemental/Content/GraphicsV5/Physics/V5_Physics_Boulder_06_CenteredUnit.asset	479fb44e71569d745848cc9b592b1d5e	RumbleSandstone	Elemental/Graphics V5/Rumble Rock Lit	d0239ba4c83ca2a4e8f8ebeea7e809c4	128	60.59
Earth Online Runtime/Online Player Two Authoring/Earth Magic Runtime [Online Two]/Earth Platform 06/Platform Piece 16	V5_Physics_Boulder_07_CenteredUnit	Assets/Elemental/Content/GraphicsV5/Physics/V5_Physics_Boulder_07_CenteredUnit.asset	2d7c67f31bd7dce4bb75eb0e68552e86	RumbleSandstone	Elemental/Graphics V5/Rumble Rock Lit	d0239ba4c83ca2a4e8f8ebeea7e809c4	128	60.59
Earth Online Runtime/Online Player Two Authoring/Earth Magic Runtime [Online Two]/Earth Platform 06/Platform Piece 17	V5_Physics_Boulder_00_CenteredUnit	Assets/Elemental/Content/GraphicsV5/Physics/V5_Physics_Boulder_00_CenteredUnit.asset	23ad7314d6415c2489a6043042c898cb	RumbleSandstone	Elemental/Graphics V5/Rumble Rock Lit	d0239ba4c83ca2a4e8f8ebeea7e809c4	164	60.59
Earth Online Runtime/Online Player Two Authoring/Earth Magic Runtime [Online Two]/Earth Platform 06/Platform Piece 18	V5_Physics_Boulder_01_CenteredUnit	Assets/Elemental/Content/GraphicsV5/Physics/V5_Physics_Boulder_01_CenteredUnit.asset	e46e2e752a92f4445b9dff28264cc4ba	RumbleSandstone	Elemental/Graphics V5/Rumble Rock Lit	d0239ba4c83ca2a4e8f8ebeea7e809c4	140	60.59
Earth Online Runtime/Online Player Two Authoring/Earth Magic Runtime [Online Two]/Earth Platform 06/Platform Piece 19	V5_Physics_Boulder_02_CenteredUnit	Assets/Elemental/Content/GraphicsV5/Physics/V5_Physics_Boulder_02_CenteredUnit.asset	8865e400055100a48b08f0300d227217	RumbleSandstone	Elemental/Graphics V5/Rumble Rock Lit	d0239ba4c83ca2a4e8f8ebeea7e809c4	128	60.59
Earth Online Runtime/Online Player Two Authoring/Earth Magic Runtime [Online Two]/Earth Platform 06/Platform Piece 20	V5_Physics_Boulder_03_CenteredUnit	Assets/Elemental/Content/GraphicsV5/Physics/V5_Physics_Boulder_03_CenteredUnit.asset	4586f8f90eb8d9142b7b13004a95328e	RumbleSandstone	Elemental/Graphics V5/Rumble Rock Lit	d0239ba4c83ca2a4e8f8ebeea7e809c4	140	60.59
Earth Online Runtime/Online Player Two Authoring/Earth Magic Runtime [Online Two]/Earth Platform 06/Platform Piece 21	V5_Physics_Boulder_04_CenteredUnit	Assets/Elemental/Content/GraphicsV5/Physics/V5_Physics_Boulder_04_CenteredUnit.asset	77b3da2cd22d6c64fb9a0a3d68769e71	RumbleSandstone	Elemental/Graphics V5/Rumble Rock Lit	d0239ba4c83ca2a4e8f8ebeea7e809c4	152	60.59
Earth Online Runtime/Online Player Two Authoring/Earth Magic Runtime [Online Two]/Earth Platform 06/Platform Piece 22	V5_Physics_Boulder_05_CenteredUnit	Assets/Elemental/Content/GraphicsV5/Physics/V5_Physics_Boulder_05_CenteredUnit.asset	9458e42ababc9504f8929a3480df0061	RumbleSandstone	Elemental/Graphics V5/Rumble Rock Lit	d0239ba4c83ca2a4e8f8ebeea7e809c4	152	60.59
Earth Online Runtime/Online Player Two Authoring/Earth Magic Runtime [Online Two]/Earth Platform 06/Platform Piece 23	V5_Physics_Boulder_06_CenteredUnit	Assets/Elemental/Content/GraphicsV5/Physics/V5_Physics_Boulder_06_CenteredUnit.asset	479fb44e71569d745848cc9b592b1d5e	RumbleSandstone	Elemental/Graphics V5/Rumble Rock Lit	d0239ba4c83ca2a4e8f8ebeea7e809c4	128	60.59
Earth Online Runtime/Online Player Two Authoring/Earth Magic Runtime [Online Two]/Earth Platform 06/Platform Piece 24	V5_Physics_Boulder_07_CenteredUnit	Assets/Elemental/Content/GraphicsV5/Physics/V5_Physics_Boulder_07_CenteredUnit.asset	2d7c67f31bd7dce4bb75eb0e68552e86	RumbleSandstone	Elemental/Graphics V5/Rumble Rock Lit	d0239ba4c83ca2a4e8f8ebeea7e809c4	128	60.59
Earth Online Runtime/Online Player Two Authoring/Earth Magic Runtime [Online Two]/Earth Platform 06/Platform Piece 25	V5_Physics_Boulder_00_CenteredUnit	Assets/Elemental/Content/GraphicsV5/Physics/V5_Physics_Boulder_00_CenteredUnit.asset	23ad7314d6415c2489a6043042c898cb	RumbleSandstone	Elemental/Graphics V5/Rumble Rock Lit	d0239ba4c83ca2a4e8f8ebeea7e809c4	164	60.59
Earth Online Runtime/Online Player Two Authoring/Earth Magic Runtime [Online Two]/Earth Platform 06/Platform Piece 26	V5_Physics_Boulder_01_CenteredUnit	Assets/Elemental/Content/GraphicsV5/Physics/V5_Physics_Boulder_01_CenteredUnit.asset	e46e2e752a92f4445b9dff28264cc4ba	RumbleSandstone	Elemental/Graphics V5/Rumble Rock Lit	d0239ba4c83ca2a4e8f8ebeea7e809c4	140	60.59
Earth Online Runtime/Online Player Two Authoring/Earth Magic Runtime [Online Two]/Earth Platform 06/Platform Piece 27	V5_Physics_Boulder_02_CenteredUnit	Assets/Elemental/Content/GraphicsV5/Physics/V5_Physics_Boulder_02_CenteredUnit.asset	8865e400055100a48b08f0300d227217	RumbleSandstone	Elemental/Graphics V5/Rumble Rock Lit	d0239ba4c83ca2a4e8f8ebeea7e809c4	128	60.59
Earth Online Runtime/Online Player Two Authoring/Earth Magic Runtime [Online Two]/Earth Platform 06/Platform Piece 28	V5_Physics_Boulder_03_CenteredUnit	Assets/Elemental/Content/GraphicsV5/Physics/V5_Physics_Boulder_03_CenteredUnit.asset	4586f8f90eb8d9142b7b13004a95328e	RumbleSandstone	Elemental/Graphics V5/Rumble Rock Lit	d0239ba4c83ca2a4e8f8ebeea7e809c4	140	60.59
Earth Online Runtime/Online Player Two Authoring/Earth Magic Runtime [Online Two]/Earth Platform 06/Platform Piece 29	V5_Physics_Boulder_04_CenteredUnit	Assets/Elemental/Content/GraphicsV5/Physics/V5_Physics_Boulder_04_CenteredUnit.asset	77b3da2cd22d6c64fb9a0a3d68769e71	RumbleSandstone	Elemental/Graphics V5/Rumble Rock Lit	d0239ba4c83ca2a4e8f8ebeea7e809c4	152	60.59
Earth Online Runtime/Online Player Two Authoring/Earth Magic Runtime [Online Two]/Earth Platform 06/Platform Piece 30	V5_Physics_Boulder_05_CenteredUnit	Assets/Elemental/Content/GraphicsV5/Physics/V5_Physics_Boulder_05_CenteredUnit.asset	9458e42ababc9504f8929a3480df0061	RumbleSandstone	Elemental/Graphics V5/Rumble Rock Lit	d0239ba4c83ca2a4e8f8ebeea7e809c4	152	60.59
Earth Online Runtime/Online Player Two Authoring/Earth Magic Runtime [Online Two]/Earth Platform 06/Platform Piece 31	V5_Physics_Boulder_06_CenteredUnit	Assets/Elemental/Content/GraphicsV5/Physics/V5_Physics_Boulder_06_CenteredUnit.asset	479fb44e71569d745848cc9b592b1d5e	RumbleSandstone	Elemental/Graphics V5/Rumble Rock Lit	d0239ba4c83ca2a4e8f8ebeea7e809c4	128	60.59
Earth Online Runtime/Online Player Two Authoring/Earth Magic Runtime [Online Two]/Earth Platform 06/Platform Piece 32	V5_Physics_Boulder_07_CenteredUnit	Assets/Elemental/Content/GraphicsV5/Physics/V5_Physics_Boulder_07_CenteredUnit.asset	2d7c67f31bd7dce4bb75eb0e68552e86	RumbleSandstone	Elemental/Graphics V5/Rumble Rock Lit	d0239ba4c83ca2a4e8f8ebeea7e809c4	128	60.59
Earth Online Runtime/Online Player Two Authoring/Earth Magic Runtime [Online Two]/Earth Platform 06/Platform Piece 33	V5_Physics_Boulder_00_CenteredUnit	Assets/Elemental/Content/GraphicsV5/Physics/V5_Physics_Boulder_00_CenteredUnit.asset	23ad7314d6415c2489a6043042c898cb	RumbleSandstone	Elemental/Graphics V5/Rumble Rock Lit	d0239ba4c83ca2a4e8f8ebeea7e809c4	164	60.59
Earth Online Runtime/Online Player Two Authoring/Earth Magic Runtime [Online Two]/Earth Platform 06/Platform Piece 34	V5_Physics_Boulder_01_CenteredUnit	Assets/Elemental/Content/GraphicsV5/Physics/V5_Physics_Boulder_01_CenteredUnit.asset	e46e2e752a92f4445b9dff28264cc4ba	RumbleSandstone	Elemental/Graphics V5/Rumble Rock Lit	d0239ba4c83ca2a4e8f8ebeea7e809c4	140	60.59
Earth Online Runtime/Online Player Two Authoring/Earth Magic Runtime [Online Two]/Earth Platform 06/Platform Piece 35	V5_Physics_Boulder_02_CenteredUnit	Assets/Elemental/Content/GraphicsV5/Physics/V5_Physics_Boulder_02_CenteredUnit.asset	8865e400055100a48b08f0300d227217	RumbleSandstone	Elemental/Graphics V5/Rumble Rock Lit	d0239ba4c83ca2a4e8f8ebeea7e809c4	128	60.59
Earth Online Runtime/Online Player Two Authoring/Earth Magic Runtime [Online Two]/Earth Platform 06/Platform Piece 36	V5_Physics_Boulder_03_CenteredUnit	Assets/Elemental/Content/GraphicsV5/Physics/V5_Physics_Boulder_03_CenteredUnit.asset	4586f8f90eb8d9142b7b13004a95328e	RumbleSandstone	Elemental/Graphics V5/Rumble Rock Lit	d0239ba4c83ca2a4e8f8ebeea7e809c4	140	60.59
Earth Online Runtime/Online Player Two Authoring/Earth Magic Runtime [Online Two]/Earth Platform 06/Platform Piece 37	V5_Physics_Boulder_04_CenteredUnit	Assets/Elemental/Content/GraphicsV5/Physics/V5_Physics_Boulder_04_CenteredUnit.asset	77b3da2cd22d6c64fb9a0a3d68769e71	RumbleSandstone	Elemental/Graphics V5/Rumble Rock Lit	d0239ba4c83ca2a4e8f8ebeea7e809c4	152	60.59
Earth Online Runtime/Online Player Two Authoring/Earth Magic Runtime [Online Two]/Earth Platform 06/Platform Piece 38	V5_Physics_Boulder_05_CenteredUnit	Assets/Elemental/Content/GraphicsV5/Physics/V5_Physics_Boulder_05_CenteredUnit.asset	9458e42ababc9504f8929a3480df0061	RumbleSandstone	Elemental/Graphics V5/Rumble Rock Lit	d0239ba4c83ca2a4e8f8ebeea7e809c4	152	60.59
Earth Online Runtime/Online Player Two Authoring/Earth Magic Runtime [Online Two]/Earth Platform 06/Platform Piece 39	V5_Physics_Boulder_06_CenteredUnit	Assets/Elemental/Content/GraphicsV5/Physics/V5_Physics_Boulder_06_CenteredUnit.asset	479fb44e71569d745848cc9b592b1d5e	RumbleSandstone	Elemental/Graphics V5/Rumble Rock Lit	d0239ba4c83ca2a4e8f8ebeea7e809c4	128	60.59
Earth Online Runtime/Online Player Two Authoring/Earth Magic Runtime [Online Two]/Earth Platform 06/Platform Piece 40	V5_Physics_Boulder_07_CenteredUnit	Assets/Elemental/Content/GraphicsV5/Physics/V5_Physics_Boulder_07_CenteredUnit.asset	2d7c67f31bd7dce4bb75eb0e68552e86	RumbleSandstone	Elemental/Graphics V5/Rumble Rock Lit	d0239ba4c83ca2a4e8f8ebeea7e809c4	128	60.59
Earth Online Runtime/Online Player Two Authoring/Earth Magic Runtime [Online Two]/Earth Platform 06/Platform Piece 41	V5_Physics_Boulder_00_CenteredUnit	Assets/Elemental/Content/GraphicsV5/Physics/V5_Physics_Boulder_00_CenteredUnit.asset	23ad7314d6415c2489a6043042c898cb	RumbleSandstone	Elemental/Graphics V5/Rumble Rock Lit	d0239ba4c83ca2a4e8f8ebeea7e809c4	164	60.59
Earth Online Runtime/Online Player Two Authoring/Earth Magic Runtime [Online Two]/Earth Platform 06/Platform Piece 42	V5_Physics_Boulder_01_CenteredUnit	Assets/Elemental/Content/GraphicsV5/Physics/V5_Physics_Boulder_01_CenteredUnit.asset	e46e2e752a92f4445b9dff28264cc4ba	RumbleSandstone	Elemental/Graphics V5/Rumble Rock Lit	d0239ba4c83ca2a4e8f8ebeea7e809c4	140	60.59
Earth Online Runtime/Online Player Two Authoring/Earth Magic Runtime [Online Two]/Earth Platform 06/Platform Piece 43	V5_Physics_Boulder_02_CenteredUnit	Assets/Elemental/Content/GraphicsV5/Physics/V5_Physics_Boulder_02_CenteredUnit.asset	8865e400055100a48b08f0300d227217	RumbleSandstone	Elemental/Graphics V5/Rumble Rock Lit	d0239ba4c83ca2a4e8f8ebeea7e809c4	128	60.59
Earth Online Runtime/Online Player Two Authoring/Earth Magic Runtime [Online Two]/Earth Platform 06/Platform Piece 44	V5_Physics_Boulder_03_CenteredUnit	Assets/Elemental/Content/GraphicsV5/Physics/V5_Physics_Boulder_03_CenteredUnit.asset	4586f8f90eb8d9142b7b13004a95328e	RumbleSandstone	Elemental/Graphics V5/Rumble Rock Lit	d0239ba4c83ca2a4e8f8ebeea7e809c4	140	60.59
Earth Online Runtime/Online Player Two Authoring/Earth Magic Runtime [Online Two]/Earth Platform 06/Platform Piece 45	V5_Physics_Boulder_04_CenteredUnit	Assets/Elemental/Content/GraphicsV5/Physics/V5_Physics_Boulder_04_CenteredUnit.asset	77b3da2cd22d6c64fb9a0a3d68769e71	RumbleSandstone	Elemental/Graphics V5/Rumble Rock Lit	d0239ba4c83ca2a4e8f8ebeea7e809c4	152	60.59
Earth Online Runtime/Online Player Two Authoring/Earth Magic Runtime [Online Two]/Earth Platform 06/Platform Piece 46	V5_Physics_Boulder_05_CenteredUnit	Assets/Elemental/Content/GraphicsV5/Physics/V5_Physics_Boulder_05_CenteredUnit.asset	9458e42ababc9504f8929a3480df0061	RumbleSandstone	Elemental/Graphics V5/Rumble Rock Lit	d0239ba4c83ca2a4e8f8ebeea7e809c4	152	60.59
Earth Online Runtime/Online Player Two Authoring/Earth Magic Runtime [Online Two]/Earth Platform 06/Platform Piece 47	V5_Physics_Boulder_06_CenteredUnit	Assets/Elemental/Content/GraphicsV5/Physics/V5_Physics_Boulder_06_CenteredUnit.asset	479fb44e71569d745848cc9b592b1d5e	RumbleSandstone	Elemental/Graphics V5/Rumble Rock Lit	d0239ba4c83ca2a4e8f8ebeea7e809c4	128	60.59
Earth Online Runtime/Online Player Two Authoring/Earth Magic Runtime [Online Two]/Earth Platform 06/Platform Piece 48	V5_Physics_Boulder_07_CenteredUnit	Assets/Elemental/Content/GraphicsV5/Physics/V5_Physics_Boulder_07_CenteredUnit.asset	2d7c67f31bd7dce4bb75eb0e68552e86	RumbleSandstone	Elemental/Graphics V5/Rumble Rock Lit	d0239ba4c83ca2a4e8f8ebeea7e809c4	128	60.59
Earth Online Runtime/Online Player Two Authoring/Earth Landing Cushion Preview [Online Two]	ChippedEarthWall	Assets/Elemental/Content/Meshes/ChippedEarthWall.asset	e2e168286652409479e7622df81604fd	RumbleSandstone	Elemental/Graphics V5/Rumble Rock Lit	d0239ba4c83ca2a4e8f8ebeea7e809c4	44	60.59
Earth Online Runtime/Online Player Two Authoring/Earth Ground Footprint Preview [Online Two]/Footprint Pebble 01	Cube	Library/unity default resources	0000000000000000e000000000000000	GroundPreviewPebble	Universal Render Pipeline/Lit	58b0e9e12f6adf54aafdd945d86edad3	12	60.59
Earth Online Runtime/Online Player Two Authoring/Earth Ground Footprint Preview [Online Two]/Footprint Pebble 02	Cube	Library/unity default resources	0000000000000000e000000000000000	GroundPreviewPebble	Universal Render Pipeline/Lit	58b0e9e12f6adf54aafdd945d86edad3	12	60.59
Earth Online Runtime/Online Player Two Authoring/Earth Ground Footprint Preview [Online Two]/Footprint Pebble 03	Cube	Library/unity default resources	0000000000000000e000000000000000	GroundPreviewPebble	Universal Render Pipeline/Lit	58b0e9e12f6adf54aafdd945d86edad3	12	60.59
Earth Online Runtime/Online Player Two Authoring/Earth Ground Footprint Preview [Online Two]/Footprint Pebble 04	Cube	Library/unity default resources	0000000000000000e000000000000000	GroundPreviewPebble	Universal Render Pipeline/Lit	58b0e9e12f6adf54aafdd945d86edad3	12	60.59
Earth Online Runtime/Online Player Two Authoring/Earth Ground Footprint Preview [Online Two]/Footprint Pebble 05	Cube	Library/unity default resources	0000000000000000e000000000000000	GroundPreviewPebble	Universal Render Pipeline/Lit	58b0e9e12f6adf54aafdd945d86edad3	12	60.59
Earth Online Runtime/Online Player Two Authoring/Earth Ground Footprint Preview [Online Two]/Footprint Pebble 06	Cube	Library/unity default resources	0000000000000000e000000000000000	GroundPreviewPebble	Universal Render Pipeline/Lit	58b0e9e12f6adf54aafdd945d86edad3	12	60.59
Earth Online Runtime/Online Player Two Authoring/Earth Ground Footprint Preview [Online Two]/Footprint Pebble 07	Cube	Library/unity default resources	0000000000000000e000000000000000	GroundPreviewPebble	Universal Render Pipeline/Lit	58b0e9e12f6adf54aafdd945d86edad3	12	60.59
Earth Online Runtime/Online Player Two Authoring/Earth Ground Footprint Preview [Online Two]/Footprint Pebble 08	Cube	Library/unity default resources	0000000000000000e000000000000000	GroundPreviewPebble	Universal Render Pipeline/Lit	58b0e9e12f6adf54aafdd945d86edad3	12	60.59
Earth Online Runtime/Online Player Two Authoring/Earth Ground Footprint Preview [Online Two]/Footprint Pebble 09	Cube	Library/unity default resources	0000000000000000e000000000000000	GroundPreviewPebble	Universal Render Pipeline/Lit	58b0e9e12f6adf54aafdd945d86edad3	12	60.59
Earth Online Runtime/Online Player Two Authoring/Earth Ground Footprint Preview [Online Two]/Footprint Pebble 10	Cube	Library/unity default resources	0000000000000000e000000000000000	GroundPreviewPebble	Universal Render Pipeline/Lit	58b0e9e12f6adf54aafdd945d86edad3	12	60.59
Earth Online Runtime/Online Player Two Authoring/Earth Ground Footprint Preview [Online Two]/Footprint Pebble 11	Cube	Library/unity default resources	0000000000000000e000000000000000	GroundPreviewPebble	Universal Render Pipeline/Lit	58b0e9e12f6adf54aafdd945d86edad3	12	60.59
Earth Online Runtime/Online Player Two Authoring/Earth Ground Footprint Preview [Online Two]/Footprint Pebble 12	Cube	Library/unity default resources	0000000000000000e000000000000000	GroundPreviewPebble	Universal Render Pipeline/Lit	58b0e9e12f6adf54aafdd945d86edad3	12	60.59
Earth Online Runtime/Online Player Two Authoring/Earth Ground Footprint Preview [Online Two]/Footprint Pebble 13	Cube	Library/unity default resources	0000000000000000e000000000000000	GroundPreviewPebble	Universal Render Pipeline/Lit	58b0e9e12f6adf54aafdd945d86edad3	12	60.59
Earth Online Runtime/Online Player Two Authoring/Earth Ground Footprint Preview [Online Two]/Footprint Pebble 14	Cube	Library/unity default resources	0000000000000000e000000000000000	GroundPreviewPebble	Universal Render Pipeline/Lit	58b0e9e12f6adf54aafdd945d86edad3	12	60.59
Earth Online Runtime/Online Player Two Authoring/Earth Ground Footprint Preview [Online Two]/Footprint Pebble 15	Cube	Library/unity default resources	0000000000000000e000000000000000	GroundPreviewPebble	Universal Render Pipeline/Lit	58b0e9e12f6adf54aafdd945d86edad3	12	60.59
Earth Online Runtime/Online Player Two Authoring/Earth Ground Footprint Preview [Online Two]/Footprint Pebble 16	Cube	Library/unity default resources	0000000000000000e000000000000000	GroundPreviewPebble	Universal Render Pipeline/Lit	58b0e9e12f6adf54aafdd945d86edad3	12	60.59
Earth Online Runtime/Online Player Two Authoring/Earth Ground Footprint Preview [Online Two]/Footprint Pebble 18	Cube	Library/unity default resources	0000000000000000e000000000000000	GroundPreviewPebble	Universal Render Pipeline/Lit	58b0e9e12f6adf54aafdd945d86edad3	12	60.59
Earth Online Runtime/Online Player Two Authoring/Earth Ground Footprint Preview [Online Two]/Footprint Pebble 19	Cube	Library/unity default resources	0000000000000000e000000000000000	GroundPreviewPebble	Universal Render Pipeline/Lit	58b0e9e12f6adf54aafdd945d86edad3	12	60.59
Earth Online Runtime/Online Player Two Authoring/Earth Ground Footprint Preview [Online Two]/Footprint Pebble 20	Cube	Library/unity default resources	0000000000000000e000000000000000	GroundPreviewPebble	Universal Render Pipeline/Lit	58b0e9e12f6adf54aafdd945d86edad3	12	60.59
Earth Online Runtime/Online Player Two Authoring/Earth Ground Footprint Preview [Online Two]/Footprint Pebble 21	Cube	Library/unity default resources	0000000000000000e000000000000000	GroundPreviewPebble	Universal Render Pipeline/Lit	58b0e9e12f6adf54aafdd945d86edad3	12	60.59
Earth Online Runtime/Online Player Two Authoring/Earth Ground Footprint Preview [Online Two]/Footprint Pebble 22	Cube	Library/unity default resources	0000000000000000e000000000000000	GroundPreviewPebble	Universal Render Pipeline/Lit	58b0e9e12f6adf54aafdd945d86edad3	12	60.59
Earth Online Runtime/Online Player Two Authoring/Earth Ground Footprint Preview [Online Two]/Footprint Pebble 24	Cube	Library/unity default resources	0000000000000000e000000000000000	GroundPreviewPebble	Universal Render Pipeline/Lit	58b0e9e12f6adf54aafdd945d86edad3	12	60.59
Earth Online Runtime/Online Player Two Authoring/Earth Shaper Puppet [Online Two]/Puppet Chest	Capsule	Library/unity default resources	0000000000000000e000000000000000	EarthShaperBody	Universal Render Pipeline/Lit	f212ff953e8fc044fabdc46d2198f9b7	832	11.90
Earth Online Runtime/Online Player Two Authoring/Earth Shaper Puppet [Online Two]/Puppet Chest/Scarf	Cylinder	Library/unity default resources	0000000000000000e000000000000000	EarthShaperScarf	Universal Render Pipeline/Lit	57c85131215f5464b8b9798bff983031	80	11.86
Earth Online Runtime/Online Player Two Authoring/Earth Shaper Puppet [Online Two]/Puppet Head	Sphere	Library/unity default resources	0000000000000000e000000000000000	EarthShaperBody	Universal Render Pipeline/Lit	f212ff953e8fc044fabdc46d2198f9b7	768	11.75
Earth Online Runtime/Online Player Two Authoring/Earth Shaper Puppet [Online Two]/Puppet Head/Left Eye	Sphere	Library/unity default resources	0000000000000000e000000000000000	EarthShaperEyes	Universal Render Pipeline/Lit	c6c8ed9dc2ee33043b39b87157b9ea9c	768	11.37
Earth Online Runtime/Online Player Two Authoring/Earth Shaper Puppet [Online Two]/Puppet Head/Right Eye	Sphere	Library/unity default resources	0000000000000000e000000000000000	EarthShaperEyes	Universal Render Pipeline/Lit	c6c8ed9dc2ee33043b39b87157b9ea9c	768	11.40
Earth Online Runtime/Online Player Two Authoring/Earth Shaper Puppet [Online Two]/Puppet Arm L	Capsule	Library/unity default resources	0000000000000000e000000000000000	EarthShaperBody	Universal Render Pipeline/Lit	f212ff953e8fc044fabdc46d2198f9b7	832	11.88
Earth Online Runtime/Online Player Two Authoring/Earth Shaper Puppet [Online Two]/Puppet Arm R	Capsule	Library/unity default resources	0000000000000000e000000000000000	EarthShaperBody	Universal Render Pipeline/Lit	f212ff953e8fc044fabdc46d2198f9b7	832	11.95
Earth Online Runtime/Online Player Two Authoring/Earth Shaper Puppet [Online Two]/Puppet Upper Leg L	Capsule	Library/unity default resources	0000000000000000e000000000000000	EarthShaperBody	Universal Render Pipeline/Lit	f212ff953e8fc044fabdc46d2198f9b7	832	12.10
Earth Online Runtime/Online Player Two Authoring/Earth Shaper Puppet [Online Two]/Puppet Upper Leg R	Capsule	Library/unity default resources	0000000000000000e000000000000000	EarthShaperBody	Universal Render Pipeline/Lit	f212ff953e8fc044fabdc46d2198f9b7	832	12.13
Earth Online Runtime/Online Player Two Authoring/Earth Shaper Puppet [Online Two]/Puppet Lower Leg L	Capsule	Library/unity default resources	0000000000000000e000000000000000	EarthShaperBoots	Universal Render Pipeline/Lit	237773c8af156fc4aa3c64a02ce9a324	832	12.23
Earth Online Runtime/Online Player Two Authoring/Earth Shaper Puppet [Online Two]/Puppet Lower Leg R	Capsule	Library/unity default resources	0000000000000000e000000000000000	EarthShaperBoots	Universal Render Pipeline/Lit	237773c8af156fc4aa3c64a02ce9a324	832	12.27
Distant Stone Backdrop/EE_Generated_Backdrop/ValleyGroup_01/LOD0	EE_Valley_13902_LOD0	Assets/Elemental/Content/Environment/DistantStone/Meshes/Massif_1_LOD0.asset	54a3d245994eb2746b07f6cb9c3d3634	RumbleArenaSandstone	Elemental/Graphics V5/Rumble Rock Lit	91fc0cc0e76ed8348bf172edefa7fd44	1640	413.02
Distant Stone Backdrop/EE_Generated_Backdrop/ValleyGroup_01/LOD1	EE_Valley_13902_LOD1	Assets/Elemental/Content/Environment/DistantStone/Meshes/Massif_1_LOD1.asset	0e50119355d5d2c469c2f1afd7ce04c5	RumbleArenaSandstone	Elemental/Graphics V5/Rumble Rock Lit	91fc0cc0e76ed8348bf172edefa7fd44	624	413.50
Distant Stone Backdrop/EE_Generated_Backdrop/ValleyGroup_02/LOD0	EE_Valley_14033_LOD0	Assets/Elemental/Content/Environment/DistantStone/Meshes/Massif_2_LOD0.asset	dde3da27ffe474747981306a6d12e94f	RumbleArenaSandstone	Elemental/Graphics V5/Rumble Rock Lit	91fc0cc0e76ed8348bf172edefa7fd44	1216	384.69
Distant Stone Backdrop/EE_Generated_Backdrop/ValleyGroup_02/LOD1	EE_Valley_14033_LOD1	Assets/Elemental/Content/Environment/DistantStone/Meshes/Massif_2_LOD1.asset	38a2ea8a0c33d6848875186cb67acaaf	RumbleArenaSandstone	Elemental/Graphics V5/Rumble Rock Lit	91fc0cc0e76ed8348bf172edefa7fd44	448	384.41
Distant Stone Backdrop/EE_Generated_Backdrop/ValleyGroup_03/LOD0	EE_Valley_14164_LOD0	Assets/Elemental/Content/Environment/DistantStone/Meshes/Massif_3_LOD0.asset	5b613829e9a1b6d43a88374fba30a134	RumbleArenaSandstone	Elemental/Graphics V5/Rumble Rock Lit	91fc0cc0e76ed8348bf172edefa7fd44	1272	455.77
Distant Stone Backdrop/EE_Generated_Backdrop/ValleyGroup_03/LOD1	EE_Valley_14164_LOD1	Assets/Elemental/Content/Environment/DistantStone/Meshes/Massif_3_LOD1.asset	13188934862fc7e4794b74a3f3ed3233	RumbleArenaSandstone	Elemental/Graphics V5/Rumble Rock Lit	91fc0cc0e76ed8348bf172edefa7fd44	492	456.29
Distant Stone Backdrop/EE_Generated_Backdrop/ValleyGroup_04/LOD0	EE_Valley_14295_LOD0	Assets/Elemental/Content/Environment/DistantStone/Meshes/Massif_4_LOD0.asset	6afa191bcfb55df4cbb6445d1b8562bb	RumbleArenaSandstone	Elemental/Graphics V5/Rumble Rock Lit	91fc0cc0e76ed8348bf172edefa7fd44	1024	513.88
Distant Stone Backdrop/EE_Generated_Backdrop/ValleyGroup_04/LOD1	EE_Valley_14295_LOD1	Assets/Elemental/Content/Environment/DistantStone/Meshes/Massif_4_LOD1.asset	1caf70f9178515c49b008688fa7bff55	RumbleArenaSandstone	Elemental/Graphics V5/Rumble Rock Lit	91fc0cc0e76ed8348bf172edefa7fd44	384	513.87
Distant Stone Backdrop/EE_Generated_Backdrop/ValleyGroup_05/LOD0	EE_Valley_14426_LOD0	Assets/Elemental/Content/Environment/DistantStone/Meshes/Massif_5_LOD0.asset	56d6e1ab359de1e43957a456e71eddc1	RumbleArenaSandstone	Elemental/Graphics V5/Rumble Rock Lit	91fc0cc0e76ed8348bf172edefa7fd44	1538	591.33
Distant Stone Backdrop/EE_Generated_Backdrop/ValleyGroup_05/LOD1	EE_Valley_14426_LOD1	Assets/Elemental/Content/Environment/DistantStone/Meshes/Massif_5_LOD1.asset	390b2ea2a66c5b94bb275fe7cfdda687	RumbleArenaSandstone	Elemental/Graphics V5/Rumble Rock Lit	91fc0cc0e76ed8348bf172edefa7fd44	584	591.92
Distant Stone Backdrop/EE_Generated_Backdrop/ValleyGroup_06/LOD0	EE_Valley_13771_LOD0	Assets/Elemental/Content/Environment/DistantStone/Meshes/Massif_0_LOD0.asset	02f7d81a18f76234b9c692acb72ab7d8	RumbleArenaSandstone	Elemental/Graphics V5/Rumble Rock Lit	91fc0cc0e76ed8348bf172edefa7fd44	1072	726.16
Distant Stone Backdrop/EE_Generated_Backdrop/ValleyGroup_06/LOD1	EE_Valley_13771_LOD1	Assets/Elemental/Content/Environment/DistantStone/Meshes/Massif_0_LOD1.asset	664b366dd4ded69419f2bbfd60244cdc	RumbleArenaSandstone	Elemental/Graphics V5/Rumble Rock Lit	91fc0cc0e76ed8348bf172edefa7fd44	392	725.76
Distant Stone Backdrop/EE_Generated_Backdrop/ValleyGroup_07/LOD0	EE_Valley_13902_LOD0	Assets/Elemental/Content/Environment/DistantStone/Meshes/Massif_1_LOD0.asset	54a3d245994eb2746b07f6cb9c3d3634	RumbleArenaSandstone	Elemental/Graphics V5/Rumble Rock Lit	91fc0cc0e76ed8348bf172edefa7fd44	1640	759.43
Distant Stone Backdrop/EE_Generated_Backdrop/ValleyGroup_07/LOD1	EE_Valley_13902_LOD1	Assets/Elemental/Content/Environment/DistantStone/Meshes/Massif_1_LOD1.asset	0e50119355d5d2c469c2f1afd7ce04c5	RumbleArenaSandstone	Elemental/Graphics V5/Rumble Rock Lit	91fc0cc0e76ed8348bf172edefa7fd44	624	760.17
Distant Stone Backdrop/EE_Generated_Backdrop/ValleyGroup_08/LOD0	EE_Valley_14033_LOD0	Assets/Elemental/Content/Environment/DistantStone/Meshes/Massif_2_LOD0.asset	dde3da27ffe474747981306a6d12e94f	RumbleArenaSandstone	Elemental/Graphics V5/Rumble Rock Lit	91fc0cc0e76ed8348bf172edefa7fd44	1216	922.57
Distant Stone Backdrop/EE_Generated_Backdrop/ValleyGroup_08/LOD1	EE_Valley_14033_LOD1	Assets/Elemental/Content/Environment/DistantStone/Meshes/Massif_2_LOD1.asset	38a2ea8a0c33d6848875186cb67acaaf	RumbleArenaSandstone	Elemental/Graphics V5/Rumble Rock Lit	91fc0cc0e76ed8348bf172edefa7fd44	448	922.49
Distant Stone Backdrop/EE_Generated_Backdrop/ValleyGroup_09/LOD0	EE_Valley_14164_LOD0	Assets/Elemental/Content/Environment/DistantStone/Meshes/Massif_3_LOD0.asset	5b613829e9a1b6d43a88374fba30a134	RumbleArenaSandstone	Elemental/Graphics V5/Rumble Rock Lit	91fc0cc0e76ed8348bf172edefa7fd44	1272	1005.58
Distant Stone Backdrop/EE_Generated_Backdrop/ValleyGroup_09/LOD1	EE_Valley_14164_LOD1	Assets/Elemental/Content/Environment/DistantStone/Meshes/Massif_3_LOD1.asset	13188934862fc7e4794b74a3f3ed3233	RumbleArenaSandstone	Elemental/Graphics V5/Rumble Rock Lit	91fc0cc0e76ed8348bf172edefa7fd44	492	1005.80
Distant Stone Backdrop/EE_Generated_Backdrop/Rear_ValleyGroup_10/LOD0	EE_Valley_14295_LOD0	Assets/Elemental/Content/Environment/DistantStone/Meshes/Massif_4_LOD0.asset	6afa191bcfb55df4cbb6445d1b8562bb	RumbleArenaSandstone	Elemental/Graphics V5/Rumble Rock Lit	91fc0cc0e76ed8348bf172edefa7fd44	1024	501.01
Distant Stone Backdrop/EE_Generated_Backdrop/Rear_ValleyGroup_10/LOD1	EE_Valley_14295_LOD1	Assets/Elemental/Content/Environment/DistantStone/Meshes/Massif_4_LOD1.asset	1caf70f9178515c49b008688fa7bff55	RumbleArenaSandstone	Elemental/Graphics V5/Rumble Rock Lit	91fc0cc0e76ed8348bf172edefa7fd44	384	501.28
Distant Stone Backdrop/EE_Generated_Backdrop/Rear_ValleyGroup_11/LOD0	EE_Valley_14426_LOD0	Assets/Elemental/Content/Environment/DistantStone/Meshes/Massif_5_LOD0.asset	56d6e1ab359de1e43957a456e71eddc1	RumbleArenaSandstone	Elemental/Graphics V5/Rumble Rock Lit	91fc0cc0e76ed8348bf172edefa7fd44	1538	669.42
Distant Stone Backdrop/EE_Generated_Backdrop/Rear_ValleyGroup_11/LOD1	EE_Valley_14426_LOD1	Assets/Elemental/Content/Environment/DistantStone/Meshes/Massif_5_LOD1.asset	390b2ea2a66c5b94bb275fe7cfdda687	RumbleArenaSandstone	Elemental/Graphics V5/Rumble Rock Lit	91fc0cc0e76ed8348bf172edefa7fd44	584	668.73
Distant Stone Backdrop/EE_Generated_Backdrop/Rear_ValleyGroup_12/LOD0	EE_Valley_13771_LOD0	Assets/Elemental/Content/Environment/DistantStone/Meshes/Massif_0_LOD0.asset	02f7d81a18f76234b9c692acb72ab7d8	RumbleArenaSandstone	Elemental/Graphics V5/Rumble Rock Lit	91fc0cc0e76ed8348bf172edefa7fd44	1072	930.77
Distant Stone Backdrop/EE_Generated_Backdrop/Rear_ValleyGroup_12/LOD1	EE_Valley_13771_LOD1	Assets/Elemental/Content/Environment/DistantStone/Meshes/Massif_0_LOD1.asset	664b366dd4ded69419f2bbfd60244cdc	RumbleArenaSandstone	Elemental/Graphics V5/Rumble Rock Lit	91fc0cc0e76ed8348bf172edefa7fd44	392	931.84
Distant Stone Backdrop/EE_Generated_Backdrop/View_MainGround0/LOD0	EE_Pillar_13771_LOD0	Assets/Elemental/Content/Environment/DistantStone/Preview/Pillar_00.asset	62c8bc0b00c9445489222363e84cd787	RumbleArenaSandstone	Elemental/Graphics V5/Rumble Rock Lit	91fc0cc0e76ed8348bf172edefa7fd44	144	384.86
Distant Stone Backdrop/EE_Generated_Backdrop/View_MainGround1/LOD0	EE_Pillar_17823_LOD0	Assets/Elemental/Content/Environment/DistantStone/Preview/Pillar_04.asset	26eae3576ab30884f87f5ac8a59efe46	RumbleArenaSandstone	Elemental/Graphics V5/Rumble Rock Lit	91fc0cc0e76ed8348bf172edefa7fd44	332	698.01
Distant Stone Backdrop/EE_Generated_Backdrop/View_MainGround2/LOD0	EE_Pillar_21875_LOD0	Assets/Elemental/Content/Environment/DistantStone/Preview/Pillar_08.asset	5c3afa08709b5d84d8f0aa478f950fa9	RumbleArenaSandstone	Elemental/Graphics V5/Rumble Rock Lit	91fc0cc0e76ed8348bf172edefa7fd44	260	768.97
Distant Stone Backdrop/EE_Generated_Backdrop/View_CombatGround0/LOD0	EE_Pillar_15797_LOD0	Assets/Elemental/Content/Environment/DistantStone/Preview/Pillar_02.asset	48767e251a4a4e047ab43b8986926b83	RumbleArenaSandstone	Elemental/Graphics V5/Rumble Rock Lit	91fc0cc0e76ed8348bf172edefa7fd44	164	450.80
Distant Stone Backdrop/EE_Generated_Backdrop/View_CombatGround1/LOD0	EE_Pillar_19849_LOD0	Assets/Elemental/Content/Environment/DistantStone/Preview/Pillar_06.asset	91c167aa5ad3b8441837dea18aa7fe3b	RumbleArenaSandstone	Elemental/Graphics V5/Rumble Rock Lit	91fc0cc0e76ed8348bf172edefa7fd44	360	661.94
Distant Stone Backdrop/EE_Generated_Backdrop/View_CombatGround2/LOD0	EE_Pillar_23901_LOD0	Assets/Elemental/Content/Environment/DistantStone/Preview/Pillar_10.asset	a334e96104a4c864d8714e6202aca0fa	RumbleArenaSandstone	Elemental/Graphics V5/Rumble Rock Lit	91fc0cc0e76ed8348bf172edefa7fd44	168	768.33
Distant Stone Backdrop/EE_Generated_Backdrop/View_MainIsland0/LOD0	EE_Floating_14557_LOD0	Assets/Elemental/Content/Environment/DistantStone/Meshes/Island_6_LOD0.asset	c79b40a54d5c9d34b8abcea24a6af639	RumbleArenaSandstone	Elemental/Graphics V5/Rumble Rock Lit	91fc0cc0e76ed8348bf172edefa7fd44	272	433.84
Distant Stone Backdrop/EE_Generated_Backdrop/View_MainIsland0/LOD1	EE_Floating_14557_LOD1	Assets/Elemental/Content/Environment/DistantStone/Meshes/Island_6_LOD1.asset	74f5492f55f8c214285017c04c6cc134	RumbleArenaSandstone	Elemental/Graphics V5/Rumble Rock Lit	91fc0cc0e76ed8348bf172edefa7fd44	120	433.90
Distant Stone Backdrop/EE_Generated_Backdrop/View_MainIsland1/LOD0	EE_Floating_14819_LOD0	Assets/Elemental/Content/Environment/DistantStone/Meshes/Island_8_LOD0.asset	c5444f28b255c41439259163d145de8f	RumbleArenaSandstone	Elemental/Graphics V5/Rumble Rock Lit	91fc0cc0e76ed8348bf172edefa7fd44	260	664.42
Distant Stone Backdrop/EE_Generated_Backdrop/View_MainIsland1/LOD1	EE_Floating_14819_LOD1	Assets/Elemental/Content/Environment/DistantStone/Meshes/Island_8_LOD1.asset	dad41948b2813f74faed575a49a09714	RumbleArenaSandstone	Elemental/Graphics V5/Rumble Rock Lit	91fc0cc0e76ed8348bf172edefa7fd44	104	664.53
Distant Stone Backdrop/EE_Generated_Backdrop/View_MainIsland2/LOD0	EE_Floating_15212_LOD0	Assets/Elemental/Content/Environment/DistantStone/Meshes/Island_11_LOD0.asset	7167ad9f02d72434aab851fac5b88aae	RumbleArenaSandstone	Elemental/Graphics V5/Rumble Rock Lit	91fc0cc0e76ed8348bf172edefa7fd44	252	839.98
Distant Stone Backdrop/EE_Generated_Backdrop/View_MainIsland2/LOD1	EE_Floating_15212_LOD1	Assets/Elemental/Content/Environment/DistantStone/Meshes/Island_11_LOD1.asset	85e01d0ab397f03468cafb85644f4702	RumbleArenaSandstone	Elemental/Graphics V5/Rumble Rock Lit	91fc0cc0e76ed8348bf172edefa7fd44	96	839.99
Distant Stone Backdrop/EE_Generated_Backdrop/View_CombatIsland0/LOD0	EE_Floating_14688_LOD0	Assets/Elemental/Content/Environment/DistantStone/Meshes/Island_7_LOD0.asset	fe429c08b2b77e540adde1d9b2463ad6	RumbleArenaSandstone	Elemental/Graphics V5/Rumble Rock Lit	91fc0cc0e76ed8348bf172edefa7fd44	268	456.79
Distant Stone Backdrop/EE_Generated_Backdrop/View_CombatIsland0/LOD1	EE_Floating_14688_LOD1	Assets/Elemental/Content/Environment/DistantStone/Meshes/Island_7_LOD1.asset	df8990a176e91dd4783a2df18880a01d	RumbleArenaSandstone	Elemental/Graphics V5/Rumble Rock Lit	91fc0cc0e76ed8348bf172edefa7fd44	104	457.29
Distant Stone Backdrop/EE_Generated_Backdrop/View_CombatIsland2/LOD0	EE_Floating_15081_LOD0	Assets/Elemental/Content/Environment/DistantStone/Meshes/Island_10_LOD0.asset	a802d242bd914b04a9d58adfe2fa0fcd	RumbleArenaSandstone	Elemental/Graphics V5/Rumble Rock Lit	91fc0cc0e76ed8348bf172edefa7fd44	248	801.55
Distant Stone Backdrop/EE_Generated_Backdrop/View_CombatIsland2/LOD1	EE_Floating_15081_LOD1	Assets/Elemental/Content/Environment/DistantStone/Meshes/Island_10_LOD1.asset	71e8b6cfe243df54ea3e5e95f48ed4f7	RumbleArenaSandstone	Elemental/Graphics V5/Rumble Rock Lit	91fc0cc0e76ed8348bf172edefa7fd44	96	801.28
Distant Stone Backdrop/EE_Generated_Backdrop/View_MainUpper0/LOD0	EE_Floating_14688_LOD0	Assets/Elemental/Content/Environment/DistantStone/Meshes/Island_7_LOD0.asset	fe429c08b2b77e540adde1d9b2463ad6	RumbleArenaSandstone	Elemental/Graphics V5/Rumble Rock Lit	91fc0cc0e76ed8348bf172edefa7fd44	268	1132.59
Distant Stone Backdrop/EE_Generated_Backdrop/View_MainUpper0/LOD1	EE_Floating_14688_LOD1	Assets/Elemental/Content/Environment/DistantStone/Meshes/Island_7_LOD1.asset	df8990a176e91dd4783a2df18880a01d	RumbleArenaSandstone	Elemental/Graphics V5/Rumble Rock Lit	91fc0cc0e76ed8348bf172edefa7fd44	104	1132.77
Distant Stone Backdrop/EE_Generated_Backdrop/View_MainUpper1/LOD0	EE_Floating_15081_LOD0	Assets/Elemental/Content/Environment/DistantStone/Meshes/Island_10_LOD0.asset	a802d242bd914b04a9d58adfe2fa0fcd	RumbleArenaSandstone	Elemental/Graphics V5/Rumble Rock Lit	91fc0cc0e76ed8348bf172edefa7fd44	248	916.81
Distant Stone Backdrop/EE_Generated_Backdrop/View_MainUpper1/LOD1	EE_Floating_15081_LOD1	Assets/Elemental/Content/Environment/DistantStone/Meshes/Island_10_LOD1.asset	71e8b6cfe243df54ea3e5e95f48ed4f7	RumbleArenaSandstone	Elemental/Graphics V5/Rumble Rock Lit	91fc0cc0e76ed8348bf172edefa7fd44	96	916.61
Distant Stone Backdrop/EE_Generated_Backdrop/View_MainUpper2/LOD0	EE_Floating_14819_LOD0	Assets/Elemental/Content/Environment/DistantStone/Meshes/Island_8_LOD0.asset	c5444f28b255c41439259163d145de8f	RumbleArenaSandstone	Elemental/Graphics V5/Rumble Rock Lit	91fc0cc0e76ed8348bf172edefa7fd44	260	1199.70
Distant Stone Backdrop/EE_Generated_Backdrop/View_MainUpper2/LOD1	EE_Floating_14819_LOD1	Assets/Elemental/Content/Environment/DistantStone/Meshes/Island_8_LOD1.asset	dad41948b2813f74faed575a49a09714	RumbleArenaSandstone	Elemental/Graphics V5/Rumble Rock Lit	91fc0cc0e76ed8348bf172edefa7fd44	104	1199.70
Distant Stone Backdrop/EE_Generated_Backdrop/View_CombatUpper0/LOD0	EE_Floating_14950_LOD0	Assets/Elemental/Content/Environment/DistantStone/Meshes/Island_9_LOD0.asset	612e0b054f92b4c47845caba1de8235c	RumbleArenaSandstone	Elemental/Graphics V5/Rumble Rock Lit	91fc0cc0e76ed8348bf172edefa7fd44	248	1122.31
Distant Stone Backdrop/EE_Generated_Backdrop/View_CombatUpper0/LOD1	EE_Floating_14950_LOD1	Assets/Elemental/Content/Environment/DistantStone/Meshes/Island_9_LOD1.asset	e736110a563b5a742bd4590a7bf9eabc	RumbleArenaSandstone	Elemental/Graphics V5/Rumble Rock Lit	91fc0cc0e76ed8348bf172edefa7fd44	88	1122.18
Distant Stone Backdrop/EE_Generated_Backdrop/View_CombatUpper1/LOD0	EE_Floating_14557_LOD0	Assets/Elemental/Content/Environment/DistantStone/Meshes/Island_6_LOD0.asset	c79b40a54d5c9d34b8abcea24a6af639	RumbleArenaSandstone	Elemental/Graphics V5/Rumble Rock Lit	91fc0cc0e76ed8348bf172edefa7fd44	272	1379.17
Distant Stone Backdrop/EE_Generated_Backdrop/View_CombatUpper1/LOD1	EE_Floating_14557_LOD1	Assets/Elemental/Content/Environment/DistantStone/Meshes/Island_6_LOD1.asset	74f5492f55f8c214285017c04c6cc134	RumbleArenaSandstone	Elemental/Graphics V5/Rumble Rock Lit	91fc0cc0e76ed8348bf172edefa7fd44	120	1379.16
Distant Stone Backdrop/EE_Generated_Backdrop/View_CombatUpper2/LOD0	EE_Floating_15212_LOD0	Assets/Elemental/Content/Environment/DistantStone/Meshes/Island_11_LOD0.asset	7167ad9f02d72434aab851fac5b88aae	RumbleArenaSandstone	Elemental/Graphics V5/Rumble Rock Lit	91fc0cc0e76ed8348bf172edefa7fd44	252	1173.52
Distant Stone Backdrop/EE_Generated_Backdrop/View_CombatUpper2/LOD1	EE_Floating_15212_LOD1	Assets/Elemental/Content/Environment/DistantStone/Meshes/Island_11_LOD1.asset	85e01d0ab397f03468cafb85644f4702	RumbleArenaSandstone	Elemental/Graphics V5/Rumble Rock Lit	91fc0cc0e76ed8348bf172edefa7fd44	96	1173.55
Distant Stone Backdrop/EE_Generated_Backdrop/View_MainInfill0/LOD0	EE_Pillar_19849_LOD0	Assets/Elemental/Content/Environment/DistantStone/Preview/Pillar_06.asset	91c167aa5ad3b8441837dea18aa7fe3b	RumbleArenaSandstone	Elemental/Graphics V5/Rumble Rock Lit	91fc0cc0e76ed8348bf172edefa7fd44	360	683.15
Distant Stone Backdrop/EE_Generated_Backdrop/View_MainInfill1/LOD0	EE_Pillar_17823_LOD0	Assets/Elemental/Content/Environment/DistantStone/Preview/Pillar_04.asset	26eae3576ab30884f87f5ac8a59efe46	RumbleArenaSandstone	Elemental/Graphics V5/Rumble Rock Lit	91fc0cc0e76ed8348bf172edefa7fd44	332	937.52
Distant Stone Backdrop/EE_Generated_Backdrop/View_MainInfill2/LOD0	EE_Pillar_15797_LOD0	Assets/Elemental/Content/Environment/DistantStone/Preview/Pillar_02.asset	48767e251a4a4e047ab43b8986926b83	RumbleArenaSandstone	Elemental/Graphics V5/Rumble Rock Lit	91fc0cc0e76ed8348bf172edefa7fd44	164	919.89
Distant Stone Backdrop/EE_Generated_Backdrop/View_MainInfill3/LOD0	EE_Pillar_23901_LOD0	Assets/Elemental/Content/Environment/DistantStone/Preview/Pillar_10.asset	a334e96104a4c864d8714e6202aca0fa	RumbleArenaSandstone	Elemental/Graphics V5/Rumble Rock Lit	91fc0cc0e76ed8348bf172edefa7fd44	168	1236.68
Distant Stone Backdrop/EE_Generated_Backdrop/View_MainInfill4/LOD0	EE_Pillar_21875_LOD0	Assets/Elemental/Content/Environment/DistantStone/Preview/Pillar_08.asset	5c3afa08709b5d84d8f0aa478f950fa9	RumbleArenaSandstone	Elemental/Graphics V5/Rumble Rock Lit	91fc0cc0e76ed8348bf172edefa7fd44	260	1235.27
Distant Stone Backdrop/EE_Generated_Backdrop/View_MainInfill5/LOD0	EE_Pillar_13771_LOD0	Assets/Elemental/Content/Environment/DistantStone/Preview/Pillar_00.asset	62c8bc0b00c9445489222363e84cd787	RumbleArenaSandstone	Elemental/Graphics V5/Rumble Rock Lit	91fc0cc0e76ed8348bf172edefa7fd44	144	1374.36
Distant Stone Backdrop/EE_Generated_Backdrop/View_MainSideSmall0/LOD0	EE_Floating_14950_LOD0	Assets/Elemental/Content/Environment/DistantStone/Meshes/Island_9_LOD0.asset	612e0b054f92b4c47845caba1de8235c	RumbleArenaSandstone	Elemental/Graphics V5/Rumble Rock Lit	91fc0cc0e76ed8348bf172edefa7fd44	248	645.69
Distant Stone Backdrop/EE_Generated_Backdrop/View_MainSideSmall0/LOD1	EE_Floating_14950_LOD1	Assets/Elemental/Content/Environment/DistantStone/Meshes/Island_9_LOD1.asset	e736110a563b5a742bd4590a7bf9eabc	RumbleArenaSandstone	Elemental/Graphics V5/Rumble Rock Lit	91fc0cc0e76ed8348bf172edefa7fd44	88	645.59
Distant Stone Backdrop/EE_Generated_Backdrop/View_MainSideSmall1/LOD0	EE_Floating_14688_LOD0	Assets/Elemental/Content/Environment/DistantStone/Meshes/Island_7_LOD0.asset	fe429c08b2b77e540adde1d9b2463ad6	RumbleArenaSandstone	Elemental/Graphics V5/Rumble Rock Lit	91fc0cc0e76ed8348bf172edefa7fd44	268	510.20
Distant Stone Backdrop/EE_Generated_Backdrop/View_MainSideSmall1/LOD1	EE_Floating_14688_LOD1	Assets/Elemental/Content/Environment/DistantStone/Meshes/Island_7_LOD1.asset	df8990a176e91dd4783a2df18880a01d	RumbleArenaSandstone	Elemental/Graphics V5/Rumble Rock Lit	91fc0cc0e76ed8348bf172edefa7fd44	104	510.17
Distant Stone Backdrop/EE_Generated_Backdrop/View_CombatSideSmall0/LOD0	EE_Floating_15081_LOD0	Assets/Elemental/Content/Environment/DistantStone/Meshes/Island_10_LOD0.asset	a802d242bd914b04a9d58adfe2fa0fcd	RumbleArenaSandstone	Elemental/Graphics V5/Rumble Rock Lit	91fc0cc0e76ed8348bf172edefa7fd44	248	610.61
Distant Stone Backdrop/EE_Generated_Backdrop/View_CombatSideSmall0/LOD1	EE_Floating_15081_LOD1	Assets/Elemental/Content/Environment/DistantStone/Meshes/Island_10_LOD1.asset	71e8b6cfe243df54ea3e5e95f48ed4f7	RumbleArenaSandstone	Elemental/Graphics V5/Rumble Rock Lit	91fc0cc0e76ed8348bf172edefa7fd44	96	610.99
Distant Stone Backdrop/EE_Generated_Backdrop/View_CombatSideSmall1/LOD0	EE_Floating_14819_LOD0	Assets/Elemental/Content/Environment/DistantStone/Meshes/Island_8_LOD0.asset	c5444f28b255c41439259163d145de8f	RumbleArenaSandstone	Elemental/Graphics V5/Rumble Rock Lit	91fc0cc0e76ed8348bf172edefa7fd44	260	797.23
Distant Stone Backdrop/EE_Generated_Backdrop/View_CombatSideSmall1/LOD1	EE_Floating_14819_LOD1	Assets/Elemental/Content/Environment/DistantStone/Meshes/Island_8_LOD1.asset	dad41948b2813f74faed575a49a09714	RumbleArenaSandstone	Elemental/Graphics V5/Rumble Rock Lit	91fc0cc0e76ed8348bf172edefa7fd44	104	797.31
Distant Stone Backdrop/EE_Generated_Backdrop/View_MainSatellite0/LOD0	EE_Floating_15081_LOD0	Assets/Elemental/Content/Environment/DistantStone/Meshes/Island_10_LOD0.asset	a802d242bd914b04a9d58adfe2fa0fcd	RumbleArenaSandstone	Elemental/Graphics V5/Rumble Rock Lit	91fc0cc0e76ed8348bf172edefa7fd44	248	409.91
Distant Stone Backdrop/EE_Generated_Backdrop/View_MainSatellite0/LOD1	EE_Floating_15081_LOD1	Assets/Elemental/Content/Environment/DistantStone/Meshes/Island_10_LOD1.asset	71e8b6cfe243df54ea3e5e95f48ed4f7	RumbleArenaSandstone	Elemental/Graphics V5/Rumble Rock Lit	91fc0cc0e76ed8348bf172edefa7fd44	96	409.83
Distant Stone Backdrop/EE_Generated_Backdrop/View_MainSatellite1/LOD0	EE_Floating_14819_LOD0	Assets/Elemental/Content/Environment/DistantStone/Meshes/Island_8_LOD0.asset	c5444f28b255c41439259163d145de8f	RumbleArenaSandstone	Elemental/Graphics V5/Rumble Rock Lit	91fc0cc0e76ed8348bf172edefa7fd44	260	446.50
Distant Stone Backdrop/EE_Generated_Backdrop/View_MainSatellite1/LOD1	EE_Floating_14819_LOD1	Assets/Elemental/Content/Environment/DistantStone/Meshes/Island_8_LOD1.asset	dad41948b2813f74faed575a49a09714	RumbleArenaSandstone	Elemental/Graphics V5/Rumble Rock Lit	91fc0cc0e76ed8348bf172edefa7fd44	104	446.50
Distant Stone Backdrop/EE_Generated_Backdrop/View_CombatSatellite0/LOD0	EE_Floating_14557_LOD0	Assets/Elemental/Content/Environment/DistantStone/Meshes/Island_6_LOD0.asset	c79b40a54d5c9d34b8abcea24a6af639	RumbleArenaSandstone	Elemental/Graphics V5/Rumble Rock Lit	91fc0cc0e76ed8348bf172edefa7fd44	272	470.32
Distant Stone Backdrop/EE_Generated_Backdrop/View_CombatSatellite0/LOD1	EE_Floating_14557_LOD1	Assets/Elemental/Content/Environment/DistantStone/Meshes/Island_6_LOD1.asset	74f5492f55f8c214285017c04c6cc134	RumbleArenaSandstone	Elemental/Graphics V5/Rumble Rock Lit	91fc0cc0e76ed8348bf172edefa7fd44	120	470.30
Distant Stone Backdrop/EE_Generated_Backdrop/View_CombatSatellite1/LOD0	EE_Floating_15212_LOD0	Assets/Elemental/Content/Environment/DistantStone/Meshes/Island_11_LOD0.asset	7167ad9f02d72434aab851fac5b88aae	RumbleArenaSandstone	Elemental/Graphics V5/Rumble Rock Lit	91fc0cc0e76ed8348bf172edefa7fd44	252	454.39
Distant Stone Backdrop/EE_Generated_Backdrop/View_CombatSatellite1/LOD1	EE_Floating_15212_LOD1	Assets/Elemental/Content/Environment/DistantStone/Meshes/Island_11_LOD1.asset	85e01d0ab397f03468cafb85644f4702	RumbleArenaSandstone	Elemental/Graphics V5/Rumble Rock Lit	91fc0cc0e76ed8348bf172edefa7fd44	96	454.40
Distant Stone Backdrop/EE_Generated_Backdrop/View_EastIslandNear/LOD0	EE_Floating_14557_LOD0	Assets/Elemental/Content/Environment/DistantStone/Meshes/Island_6_LOD0.asset	c79b40a54d5c9d34b8abcea24a6af639	RumbleArenaSandstone	Elemental/Graphics V5/Rumble Rock Lit	91fc0cc0e76ed8348bf172edefa7fd44	272	725.75
Distant Stone Backdrop/EE_Generated_Backdrop/View_EastIslandNear/LOD1	EE_Floating_14557_LOD1	Assets/Elemental/Content/Environment/DistantStone/Meshes/Island_6_LOD1.asset	74f5492f55f8c214285017c04c6cc134	RumbleArenaSandstone	Elemental/Graphics V5/Rumble Rock Lit	91fc0cc0e76ed8348bf172edefa7fd44	120	725.70
Distant Stone Backdrop/EE_Generated_Backdrop/View_EastIslandFar/LOD0	EE_Floating_14950_LOD0	Assets/Elemental/Content/Environment/DistantStone/Meshes/Island_9_LOD0.asset	612e0b054f92b4c47845caba1de8235c	RumbleArenaSandstone	Elemental/Graphics V5/Rumble Rock Lit	91fc0cc0e76ed8348bf172edefa7fd44	248	1043.88
Distant Stone Backdrop/EE_Generated_Backdrop/View_EastIslandFar/LOD1	EE_Floating_14950_LOD1	Assets/Elemental/Content/Environment/DistantStone/Meshes/Island_9_LOD1.asset	e736110a563b5a742bd4590a7bf9eabc	RumbleArenaSandstone	Elemental/Graphics V5/Rumble Rock Lit	91fc0cc0e76ed8348bf172edefa7fd44	88	1044.13
Distant Stone Backdrop/EE_Generated_Backdrop/View_EastSatellite0/LOD0	EE_Floating_15081_LOD0	Assets/Elemental/Content/Environment/DistantStone/Meshes/Island_10_LOD0.asset	a802d242bd914b04a9d58adfe2fa0fcd	RumbleArenaSandstone	Elemental/Graphics V5/Rumble Rock Lit	91fc0cc0e76ed8348bf172edefa7fd44	248	701.13
Distant Stone Backdrop/EE_Generated_Backdrop/View_EastSatellite0/LOD1	EE_Floating_15081_LOD1	Assets/Elemental/Content/Environment/DistantStone/Meshes/Island_10_LOD1.asset	71e8b6cfe243df54ea3e5e95f48ed4f7	RumbleArenaSandstone	Elemental/Graphics V5/Rumble Rock Lit	91fc0cc0e76ed8348bf172edefa7fd44	96	700.96
Distant Stone Backdrop/EE_Generated_Backdrop/View_EastSatellite1/LOD0	EE_Floating_14819_LOD0	Assets/Elemental/Content/Environment/DistantStone/Meshes/Island_8_LOD0.asset	c5444f28b255c41439259163d145de8f	RumbleArenaSandstone	Elemental/Graphics V5/Rumble Rock Lit	91fc0cc0e76ed8348bf172edefa7fd44	260	762.34
Distant Stone Backdrop/EE_Generated_Backdrop/View_EastSatellite1/LOD1	EE_Floating_14819_LOD1	Assets/Elemental/Content/Environment/DistantStone/Meshes/Island_8_LOD1.asset	dad41948b2813f74faed575a49a09714	RumbleArenaSandstone	Elemental/Graphics V5/Rumble Rock Lit	91fc0cc0e76ed8348bf172edefa7fd44	104	762.35
Distant Stone Backdrop/EE_Generated_Backdrop/View_WestIslandNear/LOD0	EE_Floating_14688_LOD0	Assets/Elemental/Content/Environment/DistantStone/Meshes/Island_7_LOD0.asset	fe429c08b2b77e540adde1d9b2463ad6	RumbleArenaSandstone	Elemental/Graphics V5/Rumble Rock Lit	91fc0cc0e76ed8348bf172edefa7fd44	268	734.95
Distant Stone Backdrop/EE_Generated_Backdrop/View_WestIslandNear/LOD1	EE_Floating_14688_LOD1	Assets/Elemental/Content/Environment/DistantStone/Meshes/Island_7_LOD1.asset	df8990a176e91dd4783a2df18880a01d	RumbleArenaSandstone	Elemental/Graphics V5/Rumble Rock Lit	91fc0cc0e76ed8348bf172edefa7fd44	104	735.52
Distant Stone Backdrop/EE_Generated_Backdrop/View_WestIslandFar/LOD0	EE_Floating_15212_LOD0	Assets/Elemental/Content/Environment/DistantStone/Meshes/Island_11_LOD0.asset	7167ad9f02d72434aab851fac5b88aae	RumbleArenaSandstone	Elemental/Graphics V5/Rumble Rock Lit	91fc0cc0e76ed8348bf172edefa7fd44	252	1008.13
Distant Stone Backdrop/EE_Generated_Backdrop/View_WestIslandFar/LOD1	EE_Floating_15212_LOD1	Assets/Elemental/Content/Environment/DistantStone/Meshes/Island_11_LOD1.asset	85e01d0ab397f03468cafb85644f4702	RumbleArenaSandstone	Elemental/Graphics V5/Rumble Rock Lit	91fc0cc0e76ed8348bf172edefa7fd44	96	1008.19
Distant Stone Backdrop/EE_Generated_Backdrop/View_WestSatellite0/LOD0	EE_Floating_14557_LOD0	Assets/Elemental/Content/Environment/DistantStone/Meshes/Island_6_LOD0.asset	c79b40a54d5c9d34b8abcea24a6af639	RumbleArenaSandstone	Elemental/Graphics V5/Rumble Rock Lit	91fc0cc0e76ed8348bf172edefa7fd44	272	713.77
Distant Stone Backdrop/EE_Generated_Backdrop/View_WestSatellite0/LOD1	EE_Floating_14557_LOD1	Assets/Elemental/Content/Environment/DistantStone/Meshes/Island_6_LOD1.asset	74f5492f55f8c214285017c04c6cc134	RumbleArenaSandstone	Elemental/Graphics V5/Rumble Rock Lit	91fc0cc0e76ed8348bf172edefa7fd44	120	713.76
Distant Stone Backdrop/EE_Generated_Backdrop/View_WestSatellite1/LOD0	EE_Floating_14950_LOD0	Assets/Elemental/Content/Environment/DistantStone/Meshes/Island_9_LOD0.asset	612e0b054f92b4c47845caba1de8235c	RumbleArenaSandstone	Elemental/Graphics V5/Rumble Rock Lit	91fc0cc0e76ed8348bf172edefa7fd44	248	768.79
Distant Stone Backdrop/EE_Generated_Backdrop/View_WestSatellite1/LOD1	EE_Floating_14950_LOD1	Assets/Elemental/Content/Environment/DistantStone/Meshes/Island_9_LOD1.asset	e736110a563b5a742bd4590a7bf9eabc	RumbleArenaSandstone	Elemental/Graphics V5/Rumble Rock Lit	91fc0cc0e76ed8348bf172edefa7fd44	88	768.85
Distant Stone Backdrop/EE_Generated_Backdrop/View_OverheadIslandNear/LOD0	EE_Floating_14819_LOD0	Assets/Elemental/Content/Environment/DistantStone/Meshes/Island_8_LOD0.asset	c5444f28b255c41439259163d145de8f	RumbleArenaSandstone	Elemental/Graphics V5/Rumble Rock Lit	91fc0cc0e76ed8348bf172edefa7fd44	260	348.53
Distant Stone Backdrop/EE_Generated_Backdrop/View_OverheadIslandNear/LOD1	EE_Floating_14819_LOD1	Assets/Elemental/Content/Environment/DistantStone/Meshes/Island_8_LOD1.asset	dad41948b2813f74faed575a49a09714	RumbleArenaSandstone	Elemental/Graphics V5/Rumble Rock Lit	91fc0cc0e76ed8348bf172edefa7fd44	104	348.61
Distant Stone Backdrop/EE_Generated_Backdrop/View_OverheadIslandFar/LOD0	EE_Floating_15081_LOD0	Assets/Elemental/Content/Environment/DistantStone/Meshes/Island_10_LOD0.asset	a802d242bd914b04a9d58adfe2fa0fcd	RumbleArenaSandstone	Elemental/Graphics V5/Rumble Rock Lit	91fc0cc0e76ed8348bf172edefa7fd44	248	499.76
Distant Stone Backdrop/EE_Generated_Backdrop/View_OverheadIslandFar/LOD1	EE_Floating_15081_LOD1	Assets/Elemental/Content/Environment/DistantStone/Meshes/Island_10_LOD1.asset	71e8b6cfe243df54ea3e5e95f48ed4f7	RumbleArenaSandstone	Elemental/Graphics V5/Rumble Rock Lit	91fc0cc0e76ed8348bf172edefa7fd44	96	499.69
Distant Stone Backdrop/EE_Generated_Backdrop/View_OverheadIslandAccent/LOD0	EE_Floating_14688_LOD0	Assets/Elemental/Content/Environment/DistantStone/Meshes/Island_7_LOD0.asset	fe429c08b2b77e540adde1d9b2463ad6	RumbleArenaSandstone	Elemental/Graphics V5/Rumble Rock Lit	91fc0cc0e76ed8348bf172edefa7fd44	268	658.32
Distant Stone Backdrop/EE_Generated_Backdrop/View_OverheadIslandAccent/LOD1	EE_Floating_14688_LOD1	Assets/Elemental/Content/Environment/DistantStone/Meshes/Island_7_LOD1.asset	df8990a176e91dd4783a2df18880a01d	RumbleArenaSandstone	Elemental/Graphics V5/Rumble Rock Lit	91fc0cc0e76ed8348bf172edefa7fd44	104	658.37
Distant Stone Backdrop/EE_Generated_Backdrop/View_OverheadSatellite/LOD0	EE_Floating_15212_LOD0	Assets/Elemental/Content/Environment/DistantStone/Meshes/Island_11_LOD0.asset	7167ad9f02d72434aab851fac5b88aae	RumbleArenaSandstone	Elemental/Graphics V5/Rumble Rock Lit	91fc0cc0e76ed8348bf172edefa7fd44	252	468.93
Distant Stone Backdrop/EE_Generated_Backdrop/View_OverheadSatellite/LOD1	EE_Floating_15212_LOD1	Assets/Elemental/Content/Environment/DistantStone/Meshes/Island_11_LOD1.asset	85e01d0ab397f03468cafb85644f4702	RumbleArenaSandstone	Elemental/Graphics V5/Rumble Rock Lit	91fc0cc0e76ed8348bf172edefa7fd44	96	468.96
EE_Distant_Birds	EE_DistantBirds_Dynamic			DistantBirdSilhouette	Universal Render Pipeline/Unlit	96c06b222e306984b92cb10dd6bd7f01	96	105.39
Arena Column Fires/Column Flame 0/Fire CPU mesh (256)	Fire bounded cosmetic quads			Fire CPU per-group clock	Elemental/Fire/Column Decor Flame		42	6.09
Arena Column Fires/Column Flame 1/Fire CPU mesh (256)	Fire bounded cosmetic quads			Fire CPU per-group clock	Elemental/Fire/Column Decor Flame		44	13.02
Arena Column Fires/Column Flame 2/Fire CPU mesh (256)	Fire bounded cosmetic quads			Fire CPU per-group clock	Elemental/Fire/Column Decor Flame		44	18.35
Arena Column Fires/Column Flame 3/Fire CPU mesh (256)	Fire bounded cosmetic quads			Fire CPU per-group clock	Elemental/Fire/Column Decor Flame		44	18.89
Arena Column Fires/Column Flame 4/Fire CPU mesh (256)	Fire bounded cosmetic quads			Fire CPU per-group clock	Elemental/Fire/Column Decor Flame		42	18.33
Arena Column Fires/Column Flame 5/Fire CPU mesh (256)	Fire bounded cosmetic quads			Fire CPU per-group clock	Elemental/Fire/Column Decor Flame		42	13.31
Arena Column Fires/Column Flame 6/Fire CPU mesh (256)	Fire bounded cosmetic quads			Fire CPU per-group clock	Elemental/Fire/Column Decor Flame		44	6.47
Earth Armor Piece 01	EarthArmorTile_01 Beveled Render			RumbleSandstone	Elemental/Graphics V5/Rumble Rock Lit	d0239ba4c83ca2a4e8f8ebeea7e809c4	191	60.59
Earth Armor Piece 02	EarthArmorTile_02 Beveled Render			RumbleSandstone	Elemental/Graphics V5/Rumble Rock Lit	d0239ba4c83ca2a4e8f8ebeea7e809c4	152	60.62
Earth Armor Piece 03	EarthArmorTile_03 Beveled Render			RumbleSandstone	Elemental/Graphics V5/Rumble Rock Lit	d0239ba4c83ca2a4e8f8ebeea7e809c4	194	60.67
Earth Armor Piece 04	EarthArmorTile_04 Beveled Render			RumbleSandstone	Elemental/Graphics V5/Rumble Rock Lit	d0239ba4c83ca2a4e8f8ebeea7e809c4	160	60.59
Earth Armor Piece 05	EarthArmorTile_05 Beveled Render			RumbleSandstone	Elemental/Graphics V5/Rumble Rock Lit	d0239ba4c83ca2a4e8f8ebeea7e809c4	170	60.59
Earth Armor Piece 06	EarthArmorTile_06 Beveled Render			RumbleSandstone	Elemental/Graphics V5/Rumble Rock Lit	d0239ba4c83ca2a4e8f8ebeea7e809c4	206	60.54
Earth Armor Piece 07	EarthArmorTile_07 Beveled Render			RumbleSandstone	Elemental/Graphics V5/Rumble Rock Lit	d0239ba4c83ca2a4e8f8ebeea7e809c4	202	60.57
Earth Armor Piece 08	EarthArmorTile_08 Beveled Render			RumbleSandstone	Elemental/Graphics V5/Rumble Rock Lit	d0239ba4c83ca2a4e8f8ebeea7e809c4	137	60.55
Earth Armor Piece 09	EarthArmorTile_09 Beveled Render			RumbleSandstone	Elemental/Graphics V5/Rumble Rock Lit	d0239ba4c83ca2a4e8f8ebeea7e809c4	140	60.49
Earth Armor Piece 10	EarthArmorTile_10 Beveled Render			RumbleSandstone	Elemental/Graphics V5/Rumble Rock Lit	d0239ba4c83ca2a4e8f8ebeea7e809c4	141	60.57
Earth Armor Piece 11	EarthArmorTile_11 Beveled Render			RumbleSandstone	Elemental/Graphics V5/Rumble Rock Lit	d0239ba4c83ca2a4e8f8ebeea7e809c4	191	60.49
Earth Armor Piece 12	EarthArmorTile_12 Beveled Render			RumbleSandstone	Elemental/Graphics V5/Rumble Rock Lit	d0239ba4c83ca2a4e8f8ebeea7e809c4	173	60.60
Earth Armor Piece 13	EarthArmorTile_13 Beveled Render			RumbleSandstone	Elemental/Graphics V5/Rumble Rock Lit	d0239ba4c83ca2a4e8f8ebeea7e809c4	164	60.57
Earth Armor Piece 14	EarthArmorTile_14 Beveled Render			RumbleSandstone	Elemental/Graphics V5/Rumble Rock Lit	d0239ba4c83ca2a4e8f8ebeea7e809c4	157	60.50
Earth Armor Piece 15	EarthArmorTile_15 Beveled Render			RumbleSandstone	Elemental/Graphics V5/Rumble Rock Lit	d0239ba4c83ca2a4e8f8ebeea7e809c4	165	60.64
Earth Armor Piece 16	EarthArmorTile_16 Beveled Render			RumbleSandstone	Elemental/Graphics V5/Rumble Rock Lit	d0239ba4c83ca2a4e8f8ebeea7e809c4	144	60.58
Earth Armor Piece 17	EarthArmorTile_17 Beveled Render			RumbleSandstone	Elemental/Graphics V5/Rumble Rock Lit	d0239ba4c83ca2a4e8f8ebeea7e809c4	152	60.55
Earth Armor Piece 18	EarthArmorTile_18 Beveled Render			RumbleSandstone	Elemental/Graphics V5/Rumble Rock Lit	d0239ba4c83ca2a4e8f8ebeea7e809c4	176	60.55
Earth Armor Piece 19	EarthArmorTile_19 Beveled Render			RumbleSandstone	Elemental/Graphics V5/Rumble Rock Lit	d0239ba4c83ca2a4e8f8ebeea7e809c4	204	60.60
Earth Armor Piece 20	EarthArmorTile_20 Beveled Render			RumbleSandstone	Elemental/Graphics V5/Rumble Rock Lit	d0239ba4c83ca2a4e8f8ebeea7e809c4	177	60.60
Earth Armor Piece 21	EarthArmorTile_21 Beveled Render			RumbleSandstone	Elemental/Graphics V5/Rumble Rock Lit	d0239ba4c83ca2a4e8f8ebeea7e809c4	180	60.60
Earth Armor Piece 22	EarthArmorTile_22 Beveled Render			RumbleSandstone	Elemental/Graphics V5/Rumble Rock Lit	d0239ba4c83ca2a4e8f8ebeea7e809c4	144	60.63
Earth Armor Piece 23	EarthArmorTile_23 Beveled Render			RumbleSandstone	Elemental/Graphics V5/Rumble Rock Lit	d0239ba4c83ca2a4e8f8ebeea7e809c4	140	60.55
Earth Armor Piece 24	EarthArmorTile_24 Beveled Render			RumbleSandstone	Elemental/Graphics V5/Rumble Rock Lit	d0239ba4c83ca2a4e8f8ebeea7e809c4	160	60.59
Earth Armor Piece 25	EarthArmorTile_25 Beveled Render			RumbleSandstone	Elemental/Graphics V5/Rumble Rock Lit	d0239ba4c83ca2a4e8f8ebeea7e809c4	140	60.61
Earth Armor Piece 26	EarthArmorTile_26 Beveled Render			RumbleSandstone	Elemental/Graphics V5/Rumble Rock Lit	d0239ba4c83ca2a4e8f8ebeea7e809c4	145	60.60
Earth Armor Piece 27	EarthArmorTile_27 Beveled Render			RumbleSandstone	Elemental/Graphics V5/Rumble Rock Lit	d0239ba4c83ca2a4e8f8ebeea7e809c4	140	60.64
Earth Armor Piece 28	EarthArmorTile_28 Beveled Render			RumbleSandstone	Elemental/Graphics V5/Rumble Rock Lit	d0239ba4c83ca2a4e8f8ebeea7e809c4	165	60.53
Earth Armor Piece 29	EarthArmorTile_29 Beveled Render			RumbleSandstone	Elemental/Graphics V5/Rumble Rock Lit	d0239ba4c83ca2a4e8f8ebeea7e809c4	160	60.57
Earth Armor Piece 30	EarthArmorTile_30 Beveled Render			RumbleSandstone	Elemental/Graphics V5/Rumble Rock Lit	d0239ba4c83ca2a4e8f8ebeea7e809c4	140	60.53
Earth Armor Piece 31	EarthArmorTile_31 Beveled Render			RumbleSandstone	Elemental/Graphics V5/Rumble Rock Lit	d0239ba4c83ca2a4e8f8ebeea7e809c4	202	60.58
Earth Armor Piece 32	EarthArmorTile_32 Beveled Render			RumbleSandstone	Elemental/Graphics V5/Rumble Rock Lit	d0239ba4c83ca2a4e8f8ebeea7e809c4	196	60.56
Earth Armor Piece 33	EarthArmorTile_33 Beveled Render			RumbleSandstone	Elemental/Graphics V5/Rumble Rock Lit	d0239ba4c83ca2a4e8f8ebeea7e809c4	200	60.59
Earth Armor Piece 34	EarthArmorTile_34 Beveled Render			RumbleSandstone	Elemental/Graphics V5/Rumble Rock Lit	d0239ba4c83ca2a4e8f8ebeea7e809c4	167	60.59
Earth Armor Piece 35	EarthArmorTile_35 Beveled Render			RumbleSandstone	Elemental/Graphics V5/Rumble Rock Lit	d0239ba4c83ca2a4e8f8ebeea7e809c4	156	60.60
Earth Armor Piece 36	EarthArmorTile_36 Beveled Render			RumbleSandstone	Elemental/Graphics V5/Rumble Rock Lit	d0239ba4c83ca2a4e8f8ebeea7e809c4	160	60.60
Earth Armor Piece 37	EarthArmorTile_37 Beveled Render			RumbleSandstone	Elemental/Graphics V5/Rumble Rock Lit	d0239ba4c83ca2a4e8f8ebeea7e809c4	140	60.62
Earth Armor Piece 38	EarthArmorTile_38 Beveled Render			RumbleSandstone	Elemental/Graphics V5/Rumble Rock Lit	d0239ba4c83ca2a4e8f8ebeea7e809c4	190	60.54
Earth Armor Piece 39	EarthArmorTile_39 Beveled Render			RumbleSandstone	Elemental/Graphics V5/Rumble Rock Lit	d0239ba4c83ca2a4e8f8ebeea7e809c4	183	60.56
Earth Armor Piece 40	EarthArmorTile_40 Beveled Render			RumbleSandstone	Elemental/Graphics V5/Rumble Rock Lit	d0239ba4c83ca2a4e8f8ebeea7e809c4	104	60.50
Earth Armor Piece 41	EarthArmorTile_41 Beveled Render			RumbleSandstone	Elemental/Graphics V5/Rumble Rock Lit	d0239ba4c83ca2a4e8f8ebeea7e809c4	168	60.48
Earth Armor Piece 42	EarthArmorTile_42 Beveled Render			RumbleSandstone	Elemental/Graphics V5/Rumble Rock Lit	d0239ba4c83ca2a4e8f8ebeea7e809c4	160	60.51
Earth Armor Piece 43	EarthArmorTile_43 Beveled Render			RumbleSandstone	Elemental/Graphics V5/Rumble Rock Lit	d0239ba4c83ca2a4e8f8ebeea7e809c4	195	60.59
Earth Armor Piece 44	EarthArmorTile_44 Beveled Render			RumbleSandstone	Elemental/Graphics V5/Rumble Rock Lit	d0239ba4c83ca2a4e8f8ebeea7e809c4	197	60.61
Earth Armor Piece 45	EarthArmorTile_45 Beveled Render			RumbleSandstone	Elemental/Graphics V5/Rumble Rock Lit	d0239ba4c83ca2a4e8f8ebeea7e809c4	140	60.52
Earth Armor Piece 46	EarthArmorTile_46 Beveled Render			RumbleSandstone	Elemental/Graphics V5/Rumble Rock Lit	d0239ba4c83ca2a4e8f8ebeea7e809c4	169	60.51
Earth Armor Piece 47	EarthArmorTile_47 Beveled Render			RumbleSandstone	Elemental/Graphics V5/Rumble Rock Lit	d0239ba4c83ca2a4e8f8ebeea7e809c4	184	60.50
Earth Armor Piece 48	EarthArmorTile_48 Beveled Render			RumbleSandstone	Elemental/Graphics V5/Rumble Rock Lit	d0239ba4c83ca2a4e8f8ebeea7e809c4	160	60.53
Earth Armor Piece 49	EarthArmorTile_49 Beveled Render			RumbleSandstone	Elemental/Graphics V5/Rumble Rock Lit	d0239ba4c83ca2a4e8f8ebeea7e809c4	144	60.57
Earth Armor Piece 50	EarthArmorTile_50 Beveled Render			RumbleSandstone	Elemental/Graphics V5/Rumble Rock Lit	d0239ba4c83ca2a4e8f8ebeea7e809c4	148	60.61
Earth Armor Piece 51	EarthArmorTile_51 Beveled Render			RumbleSandstone	Elemental/Graphics V5/Rumble Rock Lit	d0239ba4c83ca2a4e8f8ebeea7e809c4	148	60.52
Earth Armor Piece 52	EarthArmorTile_52 Beveled Render			RumbleSandstone	Elemental/Graphics V5/Rumble Rock Lit	d0239ba4c83ca2a4e8f8ebeea7e809c4	140	60.53
Earth Armor Piece 53	EarthArmorTile_53 Beveled Render			RumbleSandstone	Elemental/Graphics V5/Rumble Rock Lit	d0239ba4c83ca2a4e8f8ebeea7e809c4	163	60.59
Earth Armor Piece 54	EarthArmorTile_54 Beveled Render			RumbleSandstone	Elemental/Graphics V5/Rumble Rock Lit	d0239ba4c83ca2a4e8f8ebeea7e809c4	144	60.62
Earth Armor Piece 55	EarthArmorTile_55 Beveled Render			RumbleSandstone	Elemental/Graphics V5/Rumble Rock Lit	d0239ba4c83ca2a4e8f8ebeea7e809c4	134	60.65
Earth Armor Piece 56	EarthArmorTile_56 Beveled Render			RumbleSandstone	Elemental/Graphics V5/Rumble Rock Lit	d0239ba4c83ca2a4e8f8ebeea7e809c4	163	60.63
Earth Armor Piece 57	EarthArmorTile_57 Beveled Render			RumbleSandstone	Elemental/Graphics V5/Rumble Rock Lit	d0239ba4c83ca2a4e8f8ebeea7e809c4	196	60.62
Earth Armor Piece 58	EarthArmorTile_58 Beveled Render			RumbleSandstone	Elemental/Graphics V5/Rumble Rock Lit	d0239ba4c83ca2a4e8f8ebeea7e809c4	168	60.60
Earth Armor Piece 59	EarthArmorTile_59 Beveled Render			RumbleSandstone	Elemental/Graphics V5/Rumble Rock Lit	d0239ba4c83ca2a4e8f8ebeea7e809c4	136	60.61
Earth Armor Piece 60	EarthArmorTile_60 Beveled Render			RumbleSandstone	Elemental/Graphics V5/Rumble Rock Lit	d0239ba4c83ca2a4e8f8ebeea7e809c4	173	60.60
Earth Armor Piece 61	EarthArmorTile_61 Beveled Render			RumbleSandstone	Elemental/Graphics V5/Rumble Rock Lit	d0239ba4c83ca2a4e8f8ebeea7e809c4	160	60.54
Earth Armor Piece 62	EarthArmorTile_62 Beveled Render			RumbleSandstone	Elemental/Graphics V5/Rumble Rock Lit	d0239ba4c83ca2a4e8f8ebeea7e809c4	200	60.59
Earth Armor Piece 63	EarthArmorTile_63 Beveled Render			RumbleSandstone	Elemental/Graphics V5/Rumble Rock Lit	d0239ba4c83ca2a4e8f8ebeea7e809c4	178	60.59
Earth Armor Piece 64	EarthArmorTile_64 Beveled Render			RumbleSandstone	Elemental/Graphics V5/Rumble Rock Lit	d0239ba4c83ca2a4e8f8ebeea7e809c4	152	60.50
Earth Armor Piece 65	EarthArmorTile_65 Beveled Render			RumbleSandstone	Elemental/Graphics V5/Rumble Rock Lit	d0239ba4c83ca2a4e8f8ebeea7e809c4	148	60.57
Earth Armor Piece 66	EarthArmorTile_66 Beveled Render			RumbleSandstone	Elemental/Graphics V5/Rumble Rock Lit	d0239ba4c83ca2a4e8f8ebeea7e809c4	140	60.58
Earth Armor Piece 67	EarthArmorTile_67 Beveled Render			RumbleSandstone	Elemental/Graphics V5/Rumble Rock Lit	d0239ba4c83ca2a4e8f8ebeea7e809c4	180	60.58
Earth Armor Piece 68	EarthArmorTile_68 Beveled Render			RumbleSandstone	Elemental/Graphics V5/Rumble Rock Lit	d0239ba4c83ca2a4e8f8ebeea7e809c4	134	60.62
Earth Armor Piece 69	EarthArmorTile_69 Beveled Render			RumbleSandstone	Elemental/Graphics V5/Rumble Rock Lit	d0239ba4c83ca2a4e8f8ebeea7e809c4	170	60.61
Earth Armor Piece 70	EarthArmorTile_70 Beveled Render			RumbleSandstone	Elemental/Graphics V5/Rumble Rock Lit	d0239ba4c83ca2a4e8f8ebeea7e809c4	184	60.58
Earth Armor Piece 71	EarthArmorTile_71 Beveled Render			RumbleSandstone	Elemental/Graphics V5/Rumble Rock Lit	d0239ba4c83ca2a4e8f8ebeea7e809c4	140	60.56
Earth Armor Piece 72	EarthArmorTile_72 Beveled Render			RumbleSandstone	Elemental/Graphics V5/Rumble Rock Lit	d0239ba4c83ca2a4e8f8ebeea7e809c4	144	60.63
Earth Armor Piece 73	EarthArmorTile_73 Beveled Render			RumbleSandstone	Elemental/Graphics V5/Rumble Rock Lit	d0239ba4c83ca2a4e8f8ebeea7e809c4	160	60.54
Earth Armor Piece 74	EarthArmorTile_74 Beveled Render			RumbleSandstone	Elemental/Graphics V5/Rumble Rock Lit	d0239ba4c83ca2a4e8f8ebeea7e809c4	166	60.52
Earth Armor Piece 75	EarthArmorTile_75 Beveled Render			RumbleSandstone	Elemental/Graphics V5/Rumble Rock Lit	d0239ba4c83ca2a4e8f8ebeea7e809c4	210	60.50
Earth Armor Piece 76	EarthArmorTile_76 Beveled Render			RumbleSandstone	Elemental/Graphics V5/Rumble Rock Lit	d0239ba4c83ca2a4e8f8ebeea7e809c4	160	60.53
Earth Armor Piece 77	EarthArmorTile_77 Beveled Render			RumbleSandstone	Elemental/Graphics V5/Rumble Rock Lit	d0239ba4c83ca2a4e8f8ebeea7e809c4	179	60.66
Earth Armor Piece 78	EarthArmorTile_78 Beveled Render			RumbleSandstone	Elemental/Graphics V5/Rumble Rock Lit	d0239ba4c83ca2a4e8f8ebeea7e809c4	224	60.57
Earth Armor Piece 79	EarthArmorTile_79 Beveled Render			RumbleSandstone	Elemental/Graphics V5/Rumble Rock Lit	d0239ba4c83ca2a4e8f8ebeea7e809c4	187	60.60
Earth Armor Piece 80	EarthArmorTile_80 Beveled Render			RumbleSandstone	Elemental/Graphics V5/Rumble Rock Lit	d0239ba4c83ca2a4e8f8ebeea7e809c4	179	60.58
Earth Armor Piece 81	EarthArmorTile_81 Beveled Render			RumbleSandstone	Elemental/Graphics V5/Rumble Rock Lit	d0239ba4c83ca2a4e8f8ebeea7e809c4	215	60.58
Earth Armor Piece 82	EarthArmorTile_82 Beveled Render			RumbleSandstone	Elemental/Graphics V5/Rumble Rock Lit	d0239ba4c83ca2a4e8f8ebeea7e809c4	160	60.56
Earth Armor Piece 83	EarthArmorTile_83 Beveled Render			RumbleSandstone	Elemental/Graphics V5/Rumble Rock Lit	d0239ba4c83ca2a4e8f8ebeea7e809c4	165	60.62
Earth Armor Piece 84	EarthArmorTile_84 Beveled Render			RumbleSandstone	Elemental/Graphics V5/Rumble Rock Lit	d0239ba4c83ca2a4e8f8ebeea7e809c4	150	60.54
Earth Armor Piece 85	EarthArmorTile_85 Beveled Render			RumbleSandstone	Elemental/Graphics V5/Rumble Rock Lit	d0239ba4c83ca2a4e8f8ebeea7e809c4	156	60.56
Earth Armor Piece 86	EarthArmorTile_86 Beveled Render			RumbleSandstone	Elemental/Graphics V5/Rumble Rock Lit	d0239ba4c83ca2a4e8f8ebeea7e809c4	165	60.55
Earth Armor Piece 87	EarthArmorTile_87 Beveled Render			RumbleSandstone	Elemental/Graphics V5/Rumble Rock Lit	d0239ba4c83ca2a4e8f8ebeea7e809c4	140	60.64
Earth Armor Piece 88	EarthArmorTile_88 Beveled Render			RumbleSandstone	Elemental/Graphics V5/Rumble Rock Lit	d0239ba4c83ca2a4e8f8ebeea7e809c4	160	60.55
Earth Armor Piece 89	EarthArmorTile_89 Beveled Render			RumbleSandstone	Elemental/Graphics V5/Rumble Rock Lit	d0239ba4c83ca2a4e8f8ebeea7e809c4	162	60.59
Earth Armor Piece 90	EarthArmorTile_90 Beveled Render			RumbleSandstone	Elemental/Graphics V5/Rumble Rock Lit	d0239ba4c83ca2a4e8f8ebeea7e809c4	182	60.53
Earth Armor Piece 91	EarthArmorTile_91 Beveled Render			RumbleSandstone	Elemental/Graphics V5/Rumble Rock Lit	d0239ba4c83ca2a4e8f8ebeea7e809c4	141	60.57
Earth Armor Piece 92	EarthArmorTile_92 Beveled Render			RumbleSandstone	Elemental/Graphics V5/Rumble Rock Lit	d0239ba4c83ca2a4e8f8ebeea7e809c4	158	60.56
Earth Armor Piece 93	EarthArmorTile_93 Beveled Render			RumbleSandstone	Elemental/Graphics V5/Rumble Rock Lit	d0239ba4c83ca2a4e8f8ebeea7e809c4	181	60.50
Earth Armor Piece 94	EarthArmorTile_94 Beveled Render			RumbleSandstone	Elemental/Graphics V5/Rumble Rock Lit	d0239ba4c83ca2a4e8f8ebeea7e809c4	160	60.50
Earth Armor Piece 95	EarthArmorTile_95 Beveled Render			RumbleSandstone	Elemental/Graphics V5/Rumble Rock Lit	d0239ba4c83ca2a4e8f8ebeea7e809c4	200	60.51
Earth Armor Piece 96	EarthArmorTile_96 Beveled Render			RumbleSandstone	Elemental/Graphics V5/Rumble Rock Lit	d0239ba4c83ca2a4e8f8ebeea7e809c4	189	60.52
Earth Armor Piece 97	EarthArmorTile_97 Beveled Render			RumbleSandstone	Elemental/Graphics V5/Rumble Rock Lit	d0239ba4c83ca2a4e8f8ebeea7e809c4	163	60.60
Earth Armor Piece 98	EarthArmorTile_98 Beveled Render			RumbleSandstone	Elemental/Graphics V5/Rumble Rock Lit	d0239ba4c83ca2a4e8f8ebeea7e809c4	184	60.61
Earth Armor Piece 99	EarthArmorTile_99 Beveled Render			RumbleSandstone	Elemental/Graphics V5/Rumble Rock Lit	d0239ba4c83ca2a4e8f8ebeea7e809c4	140	60.56
Earth Armor Piece 100	EarthArmorTile_100 Beveled Render			RumbleSandstone	Elemental/Graphics V5/Rumble Rock Lit	d0239ba4c83ca2a4e8f8ebeea7e809c4	152	60.58
Earth Armor Piece 101	EarthArmorTile_101 Beveled Render			RumbleSandstone	Elemental/Graphics V5/Rumble Rock Lit	d0239ba4c83ca2a4e8f8ebeea7e809c4	177	60.66
Earth Armor Piece 102	EarthArmorTile_102 Beveled Render			RumbleSandstone	Elemental/Graphics V5/Rumble Rock Lit	d0239ba4c83ca2a4e8f8ebeea7e809c4	160	60.63
Earth Armor Piece 103	EarthArmorTile_103 Beveled Render			RumbleSandstone	Elemental/Graphics V5/Rumble Rock Lit	d0239ba4c83ca2a4e8f8ebeea7e809c4	164	60.53
Earth Armor Piece 104	EarthArmorTile_104 Beveled Render			RumbleSandstone	Elemental/Graphics V5/Rumble Rock Lit	d0239ba4c83ca2a4e8f8ebeea7e809c4	152	60.56
Earth Armor Piece 105	EarthArmorTile_105 Beveled Render			RumbleSandstone	Elemental/Graphics V5/Rumble Rock Lit	d0239ba4c83ca2a4e8f8ebeea7e809c4	172	60.55
Earth Armor Piece 106	EarthArmorTile_106 Beveled Render			RumbleSandstone	Elemental/Graphics V5/Rumble Rock Lit	d0239ba4c83ca2a4e8f8ebeea7e809c4	144	60.58
Earth Armor Piece 107	EarthArmorTile_107 Beveled Render			RumbleSandstone	Elemental/Graphics V5/Rumble Rock Lit	d0239ba4c83ca2a4e8f8ebeea7e809c4	160	60.58
Earth Armor Piece 108	EarthArmorTile_108 Beveled Render			RumbleSandstone	Elemental/Graphics V5/Rumble Rock Lit	d0239ba4c83ca2a4e8f8ebeea7e809c4	182	60.53
Earth Armor Piece 109	EarthArmorTile_109 Beveled Render			RumbleSandstone	Elemental/Graphics V5/Rumble Rock Lit	d0239ba4c83ca2a4e8f8ebeea7e809c4	140	60.56
Earth Armor Piece 110	EarthArmorTile_110 Beveled Render			RumbleSandstone	Elemental/Graphics V5/Rumble Rock Lit	d0239ba4c83ca2a4e8f8ebeea7e809c4	164	60.54
Earth Armor Piece 111	EarthArmorTile_111 Beveled Render			RumbleSandstone	Elemental/Graphics V5/Rumble Rock Lit	d0239ba4c83ca2a4e8f8ebeea7e809c4	180	60.57
Earth Armor Piece 112	EarthArmorTile_112 Beveled Render			RumbleSandstone	Elemental/Graphics V5/Rumble Rock Lit	d0239ba4c83ca2a4e8f8ebeea7e809c4	216	60.49
Earth Armor Piece 113	EarthArmorTile_113 Beveled Render			RumbleSandstone	Elemental/Graphics V5/Rumble Rock Lit	d0239ba4c83ca2a4e8f8ebeea7e809c4	192	60.50
Earth Armor Piece 114	EarthArmorTile_114 Beveled Render			RumbleSandstone	Elemental/Graphics V5/Rumble Rock Lit	d0239ba4c83ca2a4e8f8ebeea7e809c4	120	60.55
Earth Armor Piece 115	EarthArmorTile_115 Beveled Render			RumbleSandstone	Elemental/Graphics V5/Rumble Rock Lit	d0239ba4c83ca2a4e8f8ebeea7e809c4	169	60.51
Earth Armor Piece 116	EarthArmorTile_116 Beveled Render			RumbleSandstone	Elemental/Graphics V5/Rumble Rock Lit	d0239ba4c83ca2a4e8f8ebeea7e809c4	163	60.49
Earth Armor Piece 117	EarthArmorTile_117 Beveled Render			RumbleSandstone	Elemental/Graphics V5/Rumble Rock Lit	d0239ba4c83ca2a4e8f8ebeea7e809c4	156	60.63
Earth Armor Piece 118	EarthArmorTile_118 Beveled Render			RumbleSandstone	Elemental/Graphics V5/Rumble Rock Lit	d0239ba4c83ca2a4e8f8ebeea7e809c4	186	60.56
Earth Armor Piece 119	EarthArmorTile_119 Beveled Render			RumbleSandstone	Elemental/Graphics V5/Rumble Rock Lit	d0239ba4c83ca2a4e8f8ebeea7e809c4	143	60.53
Earth Armor Piece 120	EarthArmorTile_120 Beveled Render			RumbleSandstone	Elemental/Graphics V5/Rumble Rock Lit	d0239ba4c83ca2a4e8f8ebeea7e809c4	202	60.53
Earth Armor Piece 121	EarthArmorTile_121 Beveled Render			RumbleSandstone	Elemental/Graphics V5/Rumble Rock Lit	d0239ba4c83ca2a4e8f8ebeea7e809c4	175	60.55
Earth Armor Piece 122	EarthArmorTile_122 Beveled Render			RumbleSandstone	Elemental/Graphics V5/Rumble Rock Lit	d0239ba4c83ca2a4e8f8ebeea7e809c4	166	60.56
Earth Armor Piece 123	EarthArmorTile_123 Beveled Render			RumbleSandstone	Elemental/Graphics V5/Rumble Rock Lit	d0239ba4c83ca2a4e8f8ebeea7e809c4	120	60.57
Earth Armor Piece 124	EarthArmorTile_124 Beveled Render			RumbleSandstone	Elemental/Graphics V5/Rumble Rock Lit	d0239ba4c83ca2a4e8f8ebeea7e809c4	148	60.62
Earth Armor Piece 125	EarthArmorTile_125 Beveled Render			RumbleSandstone	Elemental/Graphics V5/Rumble Rock Lit	d0239ba4c83ca2a4e8f8ebeea7e809c4	216	60.61
Earth Armor Piece 126	EarthArmorTile_126 Beveled Render			RumbleSandstone	Elemental/Graphics V5/Rumble Rock Lit	d0239ba4c83ca2a4e8f8ebeea7e809c4	160	60.60
Earth Armor Piece 127	EarthArmorTile_127 Beveled Render			RumbleSandstone	Elemental/Graphics V5/Rumble Rock Lit	d0239ba4c83ca2a4e8f8ebeea7e809c4	191	60.63
Earth Armor Piece 128	EarthArmorTile_128 Beveled Render			RumbleSandstone	Elemental/Graphics V5/Rumble Rock Lit	d0239ba4c83ca2a4e8f8ebeea7e809c4	173	60.60
Earth Armor Piece 129	EarthArmorTile_129 Beveled Render			RumbleSandstone	Elemental/Graphics V5/Rumble Rock Lit	d0239ba4c83ca2a4e8f8ebeea7e809c4	151	60.56
Earth Armor Piece 130	EarthArmorTile_130 Beveled Render			RumbleSandstone	Elemental/Graphics V5/Rumble Rock Lit	d0239ba4c83ca2a4e8f8ebeea7e809c4	162	60.60
Earth Armor Piece 131	EarthArmorTile_131 Beveled Render			RumbleSandstone	Elemental/Graphics V5/Rumble Rock Lit	d0239ba4c83ca2a4e8f8ebeea7e809c4	157	60.58
Earth Armor Piece 132	EarthArmorTile_132 Beveled Render			RumbleSandstone	Elemental/Graphics V5/Rumble Rock Lit	d0239ba4c83ca2a4e8f8ebeea7e809c4	159	60.60
Earth Armor Piece 133	EarthArmorTile_133 Beveled Render			RumbleSandstone	Elemental/Graphics V5/Rumble Rock Lit	d0239ba4c83ca2a4e8f8ebeea7e809c4	137	60.57
Earth Armor Piece 134	EarthArmorTile_134 Beveled Render			RumbleSandstone	Elemental/Graphics V5/Rumble Rock Lit	d0239ba4c83ca2a4e8f8ebeea7e809c4	161	60.63
Earth Armor Piece 135	EarthArmorTile_135 Beveled Render			RumbleSandstone	Elemental/Graphics V5/Rumble Rock Lit	d0239ba4c83ca2a4e8f8ebeea7e809c4	156	60.60
Earth Armor Piece 136	EarthArmorTile_136 Beveled Render			RumbleSandstone	Elemental/Graphics V5/Rumble Rock Lit	d0239ba4c83ca2a4e8f8ebeea7e809c4	172	60.54
Earth Armor Piece 137	EarthArmorTile_137 Beveled Render			RumbleSandstone	Elemental/Graphics V5/Rumble Rock Lit	d0239ba4c83ca2a4e8f8ebeea7e809c4	150	60.55
Earth Armor Piece 138	EarthArmorTile_138 Beveled Render			RumbleSandstone	Elemental/Graphics V5/Rumble Rock Lit	d0239ba4c83ca2a4e8f8ebeea7e809c4	180	60.54
Earth Armor Piece 139	EarthArmorTile_139 Beveled Render			RumbleSandstone	Elemental/Graphics V5/Rumble Rock Lit	d0239ba4c83ca2a4e8f8ebeea7e809c4	162	60.52
Earth Armor Piece 140	EarthArmorTile_140 Beveled Render			RumbleSandstone	Elemental/Graphics V5/Rumble Rock Lit	d0239ba4c83ca2a4e8f8ebeea7e809c4	195	60.55
Earth Surf Plough	Earth Surf BrokenWedge			RumbleSandstone	Elemental/Graphics V5/Rumble Rock Lit	d0239ba4c83ca2a4e8f8ebeea7e809c4	36	60.57
Earth Surf Plough	Earth Surf BrokenWedge			RumbleDustLit	Elemental/Light Dust Mote	cc90a2dce6ef7d747955d2b1c251e5b2	36	60.57
Earth Surf Plough/Hero Visual Shell	Earth Surf BrokenWedge			RumbleSandstone	Elemental/Graphics V5/Rumble Rock Lit	d0239ba4c83ca2a4e8f8ebeea7e809c4	36	60.23
Surf Cut Chip 01	EarthFacetedCell_997 Beveled Render			RumbleSandstone (Cosmetic FX)	Elemental/Graphics V5/Rumble Rock Lit		313	60.57
Surf Cut Chip 02	EarthFacetedCell_997 Beveled Render			RumbleSandstone (Cosmetic FX)	Elemental/Graphics V5/Rumble Rock Lit		313	60.57
Surf Cut Chip 03	EarthFacetedCell_997 Beveled Render			RumbleSandstone (Cosmetic FX)	Elemental/Graphics V5/Rumble Rock Lit		313	60.57
Surf Cut Chip 04	EarthFacetedCell_997 Beveled Render			RumbleSandstone (Cosmetic FX)	Elemental/Graphics V5/Rumble Rock Lit		313	60.57
Surf Cut Chip 05	EarthFacetedCell_997 Beveled Render			RumbleSandstone (Cosmetic FX)	Elemental/Graphics V5/Rumble Rock Lit		313	60.57
Surf Cut Chip 06	EarthFacetedCell_997 Beveled Render			RumbleSandstone (Cosmetic FX)	Elemental/Graphics V5/Rumble Rock Lit		313	60.57
Surf Cut Chip 07	EarthFacetedCell_997 Beveled Render			RumbleSandstone (Cosmetic FX)	Elemental/Graphics V5/Rumble Rock Lit		313	60.57
Surf Cut Chip 08	EarthFacetedCell_997 Beveled Render			RumbleSandstone (Cosmetic FX)	Elemental/Graphics V5/Rumble Rock Lit		313	60.57
Surf Cut Chip 09	EarthFacetedCell_997 Beveled Render			RumbleSandstone (Cosmetic FX)	Elemental/Graphics V5/Rumble Rock Lit		313	60.57
Surf Cut Chip 10	EarthFacetedCell_997 Beveled Render			RumbleSandstone (Cosmetic FX)	Elemental/Graphics V5/Rumble Rock Lit		313	60.57
Surf Cut Chip 11	EarthFacetedCell_997 Beveled Render			RumbleSandstone (Cosmetic FX)	Elemental/Graphics V5/Rumble Rock Lit		313	60.57
Surf Cut Chip 12	EarthFacetedCell_997 Beveled Render			RumbleSandstone (Cosmetic FX)	Elemental/Graphics V5/Rumble Rock Lit		313	60.57
Surf Cut Chip 13	EarthFacetedCell_997 Beveled Render			RumbleSandstone (Cosmetic FX)	Elemental/Graphics V5/Rumble Rock Lit		313	60.57
Surf Cut Chip 14	EarthFacetedCell_997 Beveled Render			RumbleSandstone (Cosmetic FX)	Elemental/Graphics V5/Rumble Rock Lit		313	60.57
Surf Cut Chip 15	EarthFacetedCell_997 Beveled Render			RumbleSandstone (Cosmetic FX)	Elemental/Graphics V5/Rumble Rock Lit		313	60.57
Surf Cut Chip 16	EarthFacetedCell_997 Beveled Render			RumbleSandstone (Cosmetic FX)	Elemental/Graphics V5/Rumble Rock Lit		313	60.57
Surf Cut Chip 17	EarthFacetedCell_997 Beveled Render			RumbleSandstone (Cosmetic FX)	Elemental/Graphics V5/Rumble Rock Lit		313	60.57
Surf Cut Chip 18	EarthFacetedCell_997 Beveled Render			RumbleSandstone (Cosmetic FX)	Elemental/Graphics V5/Rumble Rock Lit		313	60.57
Surf Cut Chip 19	EarthFacetedCell_997 Beveled Render			RumbleSandstone (Cosmetic FX)	Elemental/Graphics V5/Rumble Rock Lit		313	60.57
Surf Cut Chip 20	EarthFacetedCell_997 Beveled Render			RumbleSandstone (Cosmetic FX)	Elemental/Graphics V5/Rumble Rock Lit		313	60.57
Surf Cut Chip 21	EarthFacetedCell_997 Beveled Render			RumbleSandstone (Cosmetic FX)	Elemental/Graphics V5/Rumble Rock Lit		313	60.57
Surf Cut Chip 22	EarthFacetedCell_997 Beveled Render			RumbleSandstone (Cosmetic FX)	Elemental/Graphics V5/Rumble Rock Lit		313	60.57
Surf Cut Chip 23	EarthFacetedCell_997 Beveled Render			RumbleSandstone (Cosmetic FX)	Elemental/Graphics V5/Rumble Rock Lit		313	60.57
Surf Cut Chip 24	EarthFacetedCell_997 Beveled Render			RumbleSandstone (Cosmetic FX)	Elemental/Graphics V5/Rumble Rock Lit		313	60.57
Surf Cut Chip 25	EarthFacetedCell_997 Beveled Render			RumbleSandstone (Cosmetic FX)	Elemental/Graphics V5/Rumble Rock Lit		313	60.57
Surf Cut Chip 26	EarthFacetedCell_997 Beveled Render			RumbleSandstone (Cosmetic FX)	Elemental/Graphics V5/Rumble Rock Lit		313	60.57
Surf Cut Chip 27	EarthFacetedCell_997 Beveled Render			RumbleSandstone (Cosmetic FX)	Elemental/Graphics V5/Rumble Rock Lit		313	60.57
Surf Cut Chip 28	EarthFacetedCell_997 Beveled Render			RumbleSandstone (Cosmetic FX)	Elemental/Graphics V5/Rumble Rock Lit		313	60.57
Surf Cut Chip 29	EarthFacetedCell_997 Beveled Render			RumbleSandstone (Cosmetic FX)	Elemental/Graphics V5/Rumble Rock Lit		313	60.57
Surf Cut Chip 30	EarthFacetedCell_997 Beveled Render			RumbleSandstone (Cosmetic FX)	Elemental/Graphics V5/Rumble Rock Lit		313	60.57
Surf Cut Chip 31	EarthFacetedCell_997 Beveled Render			RumbleSandstone (Cosmetic FX)	Elemental/Graphics V5/Rumble Rock Lit		313	60.57
Surf Cut Chip 32	EarthFacetedCell_997 Beveled Render			RumbleSandstone (Cosmetic FX)	Elemental/Graphics V5/Rumble Rock Lit		313	60.57
Surf Cut Chip 33	EarthFacetedCell_997 Beveled Render			RumbleSandstone (Cosmetic FX)	Elemental/Graphics V5/Rumble Rock Lit		313	60.57
Surf Cut Chip 34	EarthFacetedCell_997 Beveled Render			RumbleSandstone (Cosmetic FX)	Elemental/Graphics V5/Rumble Rock Lit		313	60.57
Surf Cut Chip 35	EarthFacetedCell_997 Beveled Render			RumbleSandstone (Cosmetic FX)	Elemental/Graphics V5/Rumble Rock Lit		313	60.57
Surf Cut Chip 36	EarthFacetedCell_997 Beveled Render			RumbleSandstone (Cosmetic FX)	Elemental/Graphics V5/Rumble Rock Lit		313	60.57
Surf Cut Chip 37	EarthFacetedCell_997 Beveled Render			RumbleSandstone (Cosmetic FX)	Elemental/Graphics V5/Rumble Rock Lit		313	60.57
Surf Cut Chip 38	EarthFacetedCell_997 Beveled Render			RumbleSandstone (Cosmetic FX)	Elemental/Graphics V5/Rumble Rock Lit		313	60.57
Surf Cut Chip 39	EarthFacetedCell_997 Beveled Render			RumbleSandstone (Cosmetic FX)	Elemental/Graphics V5/Rumble Rock Lit		313	60.57
Surf Cut Chip 40	EarthFacetedCell_997 Beveled Render			RumbleSandstone (Cosmetic FX)	Elemental/Graphics V5/Rumble Rock Lit		313	60.57
Surf Cut Chip 41	EarthFacetedCell_997 Beveled Render			RumbleSandstone (Cosmetic FX)	Elemental/Graphics V5/Rumble Rock Lit		313	60.57
Surf Cut Chip 42	EarthFacetedCell_997 Beveled Render			RumbleSandstone (Cosmetic FX)	Elemental/Graphics V5/Rumble Rock Lit		313	60.57
Surf Cut Chip 43	EarthFacetedCell_997 Beveled Render			RumbleSandstone (Cosmetic FX)	Elemental/Graphics V5/Rumble Rock Lit		313	60.57
Surf Cut Chip 44	EarthFacetedCell_997 Beveled Render			RumbleSandstone (Cosmetic FX)	Elemental/Graphics V5/Rumble Rock Lit		313	60.57
Surf Cut Chip 45	EarthFacetedCell_997 Beveled Render			RumbleSandstone (Cosmetic FX)	Elemental/Graphics V5/Rumble Rock Lit		313	60.57
Surf Cut Chip 46	EarthFacetedCell_997 Beveled Render			RumbleSandstone (Cosmetic FX)	Elemental/Graphics V5/Rumble Rock Lit		313	60.57
Surf Cut Chip 47	EarthFacetedCell_997 Beveled Render			RumbleSandstone (Cosmetic FX)	Elemental/Graphics V5/Rumble Rock Lit		313	60.57
Surf Cut Chip 48	EarthFacetedCell_997 Beveled Render			RumbleSandstone (Cosmetic FX)	Elemental/Graphics V5/Rumble Rock Lit		313	60.57
Surf Cut Chip 49	EarthFacetedCell_997 Beveled Render			RumbleSandstone (Cosmetic FX)	Elemental/Graphics V5/Rumble Rock Lit		313	60.57
Surf Cut Chip 50	EarthFacetedCell_997 Beveled Render			RumbleSandstone (Cosmetic FX)	Elemental/Graphics V5/Rumble Rock Lit		313	60.57
Surf Cut Chip 51	EarthFacetedCell_997 Beveled Render			RumbleSandstone (Cosmetic FX)	Elemental/Graphics V5/Rumble Rock Lit		313	60.57
Surf Cut Chip 52	EarthFacetedCell_997 Beveled Render			RumbleSandstone (Cosmetic FX)	Elemental/Graphics V5/Rumble Rock Lit		313	60.57
Surf Cut Chip 53	EarthFacetedCell_997 Beveled Render			RumbleSandstone (Cosmetic FX)	Elemental/Graphics V5/Rumble Rock Lit		313	60.57
Surf Cut Chip 54	EarthFacetedCell_997 Beveled Render			RumbleSandstone (Cosmetic FX)	Elemental/Graphics V5/Rumble Rock Lit		313	60.57
Surf Cut Chip 55	EarthFacetedCell_997 Beveled Render			RumbleSandstone (Cosmetic FX)	Elemental/Graphics V5/Rumble Rock Lit		313	60.57
Surf Cut Chip 56	EarthFacetedCell_997 Beveled Render			RumbleSandstone (Cosmetic FX)	Elemental/Graphics V5/Rumble Rock Lit		313	60.57
Surf Cut Chip 57	EarthFacetedCell_997 Beveled Render			RumbleSandstone (Cosmetic FX)	Elemental/Graphics V5/Rumble Rock Lit		313	60.57
Surf Cut Chip 58	EarthFacetedCell_997 Beveled Render			RumbleSandstone (Cosmetic FX)	Elemental/Graphics V5/Rumble Rock Lit		313	60.57
Surf Cut Chip 59	EarthFacetedCell_997 Beveled Render			RumbleSandstone (Cosmetic FX)	Elemental/Graphics V5/Rumble Rock Lit		313	60.57
Surf Cut Chip 60	EarthFacetedCell_997 Beveled Render			RumbleSandstone (Cosmetic FX)	Elemental/Graphics V5/Rumble Rock Lit		313	60.57
Surf Cut Chip 61	EarthFacetedCell_997 Beveled Render			RumbleSandstone (Cosmetic FX)	Elemental/Graphics V5/Rumble Rock Lit		313	60.57
Surf Cut Chip 62	EarthFacetedCell_997 Beveled Render			RumbleSandstone (Cosmetic FX)	Elemental/Graphics V5/Rumble Rock Lit		313	60.57
Surf Cut Chip 63	EarthFacetedCell_997 Beveled Render			RumbleSandstone (Cosmetic FX)	Elemental/Graphics V5/Rumble Rock Lit		313	60.57
Surf Cut Chip 64	EarthFacetedCell_997 Beveled Render			RumbleSandstone (Cosmetic FX)	Elemental/Graphics V5/Rumble Rock Lit		313	60.57
